+ mkdir /tmp/xdg-run
+ cd /OpenROAD-flow-scripts/flow
+ '[' -f ../env.sh ']'
+ . ../env.sh
++ __setpaths
++ [[ linux-gnu == \d\a\r\w\i\n* ]]
++++ readlink -f ../env.sh
+++ dirname /OpenROAD-flow-scripts/env.sh
++ DIR=/OpenROAD-flow-scripts
++ export OPENROAD=/OpenROAD-flow-scripts/tools/OpenROAD
++ OPENROAD=/OpenROAD-flow-scripts/tools/OpenROAD
++ echo 'OPENROAD: /OpenROAD-flow-scripts/tools/OpenROAD'
OPENROAD: /OpenROAD-flow-scripts/tools/OpenROAD
++ export PATH=/OpenROAD-flow-scripts/tools/install/OpenROAD/bin:/usr/local/bin/wrapped-cc:/usr/local/sbin:/usr/local/bin:/usr/sbin:/usr/bin:/sbin:/bin
++ PATH=/OpenROAD-flow-scripts/tools/install/OpenROAD/bin:/usr/local/bin/wrapped-cc:/usr/local/sbin:/usr/local/bin:/usr/sbin:/usr/bin:/sbin:/bin
++ export PATH=/OpenROAD-flow-scripts/tools/install/yosys/bin:/OpenROAD-flow-scripts/tools/install/OpenROAD/bin:/usr/local/bin/wrapped-cc:/usr/local/sbin:/usr/local/bin:/usr/sbin:/usr/bin:/sbin:/bin
++ PATH=/OpenROAD-flow-scripts/tools/install/yosys/bin:/OpenROAD-flow-scripts/tools/install/OpenROAD/bin:/usr/local/bin/wrapped-cc:/usr/local/sbin:/usr/local/bin:/usr/sbin:/usr/bin:/sbin:/bin
++ export PATH=/OpenROAD-flow-scripts/tools/install/kepler-formal/bin:/OpenROAD-flow-scripts/tools/install/yosys/bin:/OpenROAD-flow-scripts/tools/install/OpenROAD/bin:/usr/local/bin/wrapped-cc:/usr/local/sbin:/usr/local/bin:/usr/sbin:/usr/bin:/sbin:/bin
++ PATH=/OpenROAD-flow-scripts/tools/install/kepler-formal/bin:/OpenROAD-flow-scripts/tools/install/yosys/bin:/OpenROAD-flow-scripts/tools/install/OpenROAD/bin:/usr/local/bin/wrapped-cc:/usr/local/sbin:/usr/local/bin:/usr/sbin:/usr/bin:/sbin:/bin
++ [[ linux-gnu == \d\a\r\w\i\n* ]]
++ export FLOW_HOME=/OpenROAD-flow-scripts/flow
++ FLOW_HOME=/OpenROAD-flow-scripts/flow
++ unset -f __setpaths
+ make -f /OpenROAD-flow-scripts/flow/Makefile DESIGN_CONFIG=/work/djang62/Openroad/handoff/gt2n_openroad_run/AES_128/GT2_2nm_PDK/03_spnr/tt/w31_svtlvt/1000ps_fspdn_tapm3_rdl_dense_u40_c80/config.mk WORK_HOME=/work/djang62/Openroad/handoff/gt2n_openroad_run/AES_128/GT2_2nm_PDK/03_spnr/tt/w31_svtlvt/1000ps_fspdn_tapm3_rdl_dense_u40_c80/work CONTAINER_PROJ=/work/djang62/Openroad/handoff/gt2n_openroad_run route NUM_CORES=48 DETAILED_ROUTE_END_ITERATION=60
mkdir -p /work/djang62/Openroad/handoff/gt2n_openroad_run/AES_128/GT2_2nm_PDK/03_spnr/tt/w31_svtlvt/1000ps_fspdn_tapm3_rdl_dense_u40_c80/work/results/gt2n/aes_128/base/
echo 1000 > /work/djang62/Openroad/handoff/gt2n_openroad_run/AES_128/GT2_2nm_PDK/03_spnr/tt/w31_svtlvt/1000ps_fspdn_tapm3_rdl_dense_u40_c80/work/results/gt2n/aes_128/base/clock_period.txt
/OpenROAD-flow-scripts/flow/scripts/synth.sh /OpenROAD-flow-scripts/flow/scripts/synth_canonicalize.tcl /work/djang62/Openroad/handoff/gt2n_openroad_run/AES_128/GT2_2nm_PDK/03_spnr/tt/w31_svtlvt/1000ps_fspdn_tapm3_rdl_dense_u40_c80/work/logs/gt2n/aes_128/base/1_1_yosys_canonicalize.log
Using ABC speed script.
Extracting clock period from SDC file: /work/djang62/Openroad/handoff/gt2n_openroad_run/AES_128/GT2_2nm_PDK/03_spnr/tt/w31_svtlvt/1000ps_fspdn_tapm3_rdl_dense_u40_c80/work/results/gt2n/aes_128/base/clock_period.txt
Setting clock period to 1000
1. Executing Liberty frontend: /work/djang62/Openroad/handoff/gt2n_openroad_run/OpenROAD-flow-scripts/flow/platforms/gt2n/lib/gt2_6t_w31_svt_tt_0p7v25c.lib
2. Executing Liberty frontend: /work/djang62/Openroad/handoff/gt2n_openroad_run/OpenROAD-flow-scripts/flow/platforms/gt2n/lib/gt2_6t_w31_lvt_tt_0p7v25c.lib
3. Executing Liberty frontend: /work/djang62/Openroad/handoff/gt2n_openroad_run/OpenROAD-flow-scripts/flow/platforms/gt2n/lib/gt2_6t_w31_svt_tt_0p7v25c.lib
4. Executing Liberty frontend: /work/djang62/Openroad/handoff/gt2n_openroad_run/OpenROAD-flow-scripts/flow/platforms/gt2n/lib/gt2_6t_w31_lvt_tt_0p7v25c.lib
5. Executing Verilog-2005 frontend: /work/djang62/Openroad/handoff/gt2n_openroad_run/AES_128/GT2_2nm_PDK/01_rtl/top/AddRoundKey.v
6. Executing Verilog-2005 frontend: /work/djang62/Openroad/handoff/gt2n_openroad_run/AES_128/GT2_2nm_PDK/01_rtl/top/KeyExpantion.v
7. Executing Verilog-2005 frontend: /work/djang62/Openroad/handoff/gt2n_openroad_run/AES_128/GT2_2nm_PDK/01_rtl/top/MixColumns.v
8. Executing Verilog-2005 frontend: /work/djang62/Openroad/handoff/gt2n_openroad_run/AES_128/GT2_2nm_PDK/01_rtl/top/Round.v
9. Executing Verilog-2005 frontend: /work/djang62/Openroad/handoff/gt2n_openroad_run/AES_128/GT2_2nm_PDK/01_rtl/top/RoundKeyGen.v
10. Executing Verilog-2005 frontend: /work/djang62/Openroad/handoff/gt2n_openroad_run/AES_128/GT2_2nm_PDK/01_rtl/top/SBox.v
11. Executing Verilog-2005 frontend: /work/djang62/Openroad/handoff/gt2n_openroad_run/AES_128/GT2_2nm_PDK/01_rtl/top/ShiftRows.v
12. Executing Verilog-2005 frontend: /work/djang62/Openroad/handoff/gt2n_openroad_run/AES_128/GT2_2nm_PDK/01_rtl/top/SubBytes.v
13. Executing Verilog-2005 frontend: /work/djang62/Openroad/handoff/gt2n_openroad_run/AES_128/GT2_2nm_PDK/01_rtl/top/Top_PipelinedCipher.v
14. Executing HIERARCHY pass (managing design hierarchy).
15. Executing AST frontend in derive mode using pre-parsed AST for module `\aes'.
15.1. Analyzing design hierarchy..
15.2. Executing AST frontend in derive mode using pre-parsed AST for module `\Round'.
15.3. Executing AST frontend in derive mode using pre-parsed AST for module `\AddRoundKey'.
15.4. Executing AST frontend in derive mode using pre-parsed AST for module `\ShiftRows'.
15.5. Executing AST frontend in derive mode using pre-parsed AST for module `\SubBytes'.
15.6. Executing AST frontend in derive mode using pre-parsed AST for module `\KeyExpantion'.
15.7. Analyzing design hierarchy..
15.8. Analyzing design hierarchy..
15.9. Executing AST frontend in derive mode using pre-parsed AST for module `\MixColumns'.
15.10. Executing AST frontend in derive mode using pre-parsed AST for module `\SBox'.
15.11. Executing AST frontend in derive mode using pre-parsed AST for module `\RoundKeyGen'.
15.12. Analyzing design hierarchy..
15.13. Analyzing design hierarchy..
15.14. Executing AST frontend in derive mode using pre-parsed AST for module `\SubBytes'.
15.15. Analyzing design hierarchy..
15.16. Analyzing design hierarchy..
16. Executing OPT_CLEAN pass (remove unused cells and wires).
Warning: Ignoring module $paramod\RoundKeyGen\KEY_L=s32'00000000000000000000000010000000 because it contains processes (run 'proc' command first).
Warning: Ignoring module $paramod\SubBytes\DATA_W=s32'00000000000000000000000000100000 because it contains processes (run 'proc' command first).
Warning: Ignoring module $paramod$c928527d0285a85c7fec96b73a606f7586f4c3e4\KeyExpantion because it contains processes (run 'proc' command first).
Warning: Ignoring module SBox because it contains processes (run 'proc' command first).
Warning: Ignoring module $paramod\MixColumns\DATA_W=s32'00000000000000000000000010000000 because it contains processes (run 'proc' command first).
Warning: Ignoring module aes because it contains processes (run 'proc' command first).
Warning: Ignoring module $paramod\SubBytes\DATA_W=s32'00000000000000000000000010000000 because it contains processes (run 'proc' command first).
Warning: Ignoring module $paramod\ShiftRows\DATA_W=s32'00000000000000000000000010000000 because it contains processes (run 'proc' command first).
Warning: Ignoring module $paramod\AddRoundKey\DATA_W=s32'00000000000000000000000010000000 because it contains processes (run 'proc' command first).
17. Executing RTLIL backend.
Warnings: 9 unique messages, 9 total
End of script. Logfile hash: 61e9a17c40, CPU: user 0.05s system 0.00s, MEM: 24.02 MB peak
Yosys 0.63+post (git sha1 UNKNOWN-dirty, g++ 11.4.0-1ubuntu1~22.04.3 -fPIC -O3)
Time spent: 38% 6x read_liberty (0 sec), 37% 1x hierarchy (0 sec), ...
Elapsed time: 0:00.13[h:]min:sec. CPU time: user 0.11 sys 0.00 (92%). Peak memory: 28320KB.
/OpenROAD-flow-scripts/flow/scripts/synth.sh /OpenROAD-flow-scripts/flow/scripts/synth.tcl /work/djang62/Openroad/handoff/gt2n_openroad_run/AES_128/GT2_2nm_PDK/03_spnr/tt/w31_svtlvt/1000ps_fspdn_tapm3_rdl_dense_u40_c80/work/logs/gt2n/aes_128/base/1_2_yosys.log
Using ABC speed script.
Extracting clock period from SDC file: /work/djang62/Openroad/handoff/gt2n_openroad_run/AES_128/GT2_2nm_PDK/03_spnr/tt/w31_svtlvt/1000ps_fspdn_tapm3_rdl_dense_u40_c80/work/results/gt2n/aes_128/base/clock_period.txt
Setting clock period to 1000
1. Executing RTLIL frontend.
2. Executing HIERARCHY pass (managing design hierarchy).
2.1. Analyzing design hierarchy..
2.2. Analyzing design hierarchy..
3. Executing SYNTH pass.
3.1. Executing HIERARCHY pass (managing design hierarchy).
3.1.1. Analyzing design hierarchy..
3.1.2. Analyzing design hierarchy..
3.2. Executing PROC pass (convert processes to netlists).
3.2.1. Executing PROC_CLEAN pass (remove empty switches from decision trees).
3.2.2. Executing PROC_RMDEAD pass (remove dead branches from decision trees).
3.2.3. Executing PROC_PRUNE pass (remove redundant assignments in processes).
3.2.4. Executing PROC_INIT pass (extract init attributes).
3.2.5. Executing PROC_ARST pass (detect async resets in processes).
3.2.6. Executing PROC_ROM pass (convert switches to ROMs).
3.2.7. Executing PROC_MUX pass (convert decision trees to multiplexers).
3.2.8. Executing PROC_DLATCH pass (convert process syncs to latches).
3.2.9. Executing PROC_DFF pass (convert process syncs to FFs).
3.2.10. Executing PROC_MEMWR pass (convert process memory writes to cells).
3.2.11. Executing PROC_CLEAN pass (remove empty switches from decision trees).
3.2.12. Executing OPT_EXPR pass (perform const folding).
3.3. Executing FLATTEN pass (flatten design).
3.4. Executing OPT_EXPR pass (perform const folding).
3.5. Executing OPT_CLEAN pass (remove unused cells and wires).
3.6. Executing CHECK pass (checking for obvious problems).
3.7. Executing OPT pass (performing simple optimizations).
3.7.1. Executing OPT_EXPR pass (perform const folding).
3.7.2. Executing OPT_MERGE pass (detect identical cells).
3.7.3. Executing OPT_MUXTREE pass (detect dead branches in mux trees).
3.7.4. Executing OPT_REDUCE pass (consolidate $*mux and $reduce_* inputs).
3.7.5. Executing OPT_MERGE pass (detect identical cells).
3.7.6. Executing OPT_DFF pass (perform DFF optimizations).
3.7.7. Executing OPT_CLEAN pass (remove unused cells and wires).
3.7.8. Executing OPT_EXPR pass (perform const folding).
3.7.9. Finished fast OPT passes. (There is nothing left to do.)
3.8. Executing FSM pass (extract and optimize FSM).
3.8.1. Executing FSM_DETECT pass (finding FSMs in design).
3.8.2. Executing FSM_EXTRACT pass (extracting FSM from design).
3.8.3. Executing FSM_OPT pass (simple optimizations of FSMs).
3.8.4. Executing OPT_CLEAN pass (remove unused cells and wires).
3.8.5. Executing FSM_OPT pass (simple optimizations of FSMs).
3.8.6. Executing FSM_RECODE pass (re-assigning FSM state encoding).
3.8.7. Executing FSM_INFO pass (dumping all available information on FSM cells).
3.8.8. Executing FSM_MAP pass (mapping FSMs to basic logic).
3.9. Executing OPT pass (performing simple optimizations).
3.9.1. Executing OPT_EXPR pass (perform const folding).
3.9.2. Executing OPT_MERGE pass (detect identical cells).
3.9.3. Executing OPT_MUXTREE pass (detect dead branches in mux trees).
3.9.4. Executing OPT_REDUCE pass (consolidate $*mux and $reduce_* inputs).
3.9.5. Executing OPT_MERGE pass (detect identical cells).
3.9.6. Executing OPT_DFF pass (perform DFF optimizations).
3.9.7. Executing OPT_CLEAN pass (remove unused cells and wires).
3.9.8. Executing OPT_EXPR pass (perform const folding).
3.9.9. Rerunning OPT passes. (Maybe there is more to do..)
3.9.10. Executing OPT_MUXTREE pass (detect dead branches in mux trees).
3.9.11. Executing OPT_REDUCE pass (consolidate $*mux and $reduce_* inputs).
3.9.12. Executing OPT_MERGE pass (detect identical cells).
3.9.13. Executing OPT_DFF pass (perform DFF optimizations).
3.9.14. Executing OPT_CLEAN pass (remove unused cells and wires).
3.9.15. Executing OPT_EXPR pass (perform const folding).
3.9.16. Finished fast OPT passes. (There is nothing left to do.)
3.10. Executing WREDUCE pass (reducing word size of cells).
3.11. Executing PEEPOPT pass (run peephole optimizers).
3.12. Executing OPT_CLEAN pass (remove unused cells and wires).
3.13. Executing ALUMACC pass (create $alu and $macc cells).
3.14. Executing SHARE pass (SAT-based resource sharing).
3.15. Executing OPT pass (performing simple optimizations).
3.15.1. Executing OPT_EXPR pass (perform const folding).
3.15.2. Executing OPT_MERGE pass (detect identical cells).
3.15.3. Executing OPT_MUXTREE pass (detect dead branches in mux trees).
3.15.4. Executing OPT_REDUCE pass (consolidate $*mux and $reduce_* inputs).
3.15.5. Executing OPT_MERGE pass (detect identical cells).
3.15.6. Executing OPT_DFF pass (perform DFF optimizations).
3.15.7. Executing OPT_CLEAN pass (remove unused cells and wires).
3.15.8. Executing OPT_EXPR pass (perform const folding).
3.15.9. Finished fast OPT passes. (There is nothing left to do.)
3.16. Executing MEMORY pass.
3.16.1. Executing OPT_MEM pass (optimize memories).
3.16.2. Executing OPT_MEM_PRIORITY pass (removing unnecessary memory write priority relations).
3.16.3. Executing OPT_MEM_FEEDBACK pass (finding memory read-to-write feedback paths).
3.16.4. Executing MEMORY_BMUX2ROM pass (converting muxes to ROMs).
3.16.5. Executing MEMORY_DFF pass (merging $dff cells to $memrd).
3.16.6. Executing OPT_CLEAN pass (remove unused cells and wires).
3.16.7. Executing MEMORY_SHARE pass (consolidating $memrd/$memwr cells).
3.16.8. Executing OPT_MEM_WIDEN pass (optimize memories where all ports are wide).
3.16.9. Executing OPT_CLEAN pass (remove unused cells and wires).
3.16.10. Executing MEMORY_COLLECT pass (generating $mem cells).
3.17. Executing OPT_CLEAN pass (remove unused cells and wires).
4. Executing SYNTH pass.
4.1. Executing OPT pass (performing simple optimizations).
4.1.1. Executing OPT_EXPR pass (perform const folding).
4.1.2. Executing OPT_MERGE pass (detect identical cells).
4.1.3. Executing OPT_DFF pass (perform DFF optimizations).
4.1.4. Executing OPT_CLEAN pass (remove unused cells and wires).
4.1.5. Finished fast OPT passes.
4.2. Executing MEMORY_MAP pass (converting memories to logic and flip-flops).
4.3. Executing OPT pass (performing simple optimizations).
4.3.1. Executing OPT_EXPR pass (perform const folding).
4.3.2. Executing OPT_MERGE pass (detect identical cells).
4.3.3. Executing OPT_MUXTREE pass (detect dead branches in mux trees).
4.3.4. Executing OPT_REDUCE pass (consolidate $*mux and $reduce_* inputs).
4.3.5. Executing OPT_MERGE pass (detect identical cells).
4.3.6. Executing OPT_SHARE pass.
4.3.7. Executing OPT_DFF pass (perform DFF optimizations).
4.3.8. Executing OPT_CLEAN pass (remove unused cells and wires).
4.3.9. Executing OPT_EXPR pass (perform const folding).
4.3.10. Rerunning OPT passes. (Maybe there is more to do..)
4.3.11. Executing OPT_MUXTREE pass (detect dead branches in mux trees).
4.3.12. Executing OPT_REDUCE pass (consolidate $*mux and $reduce_* inputs).
4.3.13. Executing OPT_MERGE pass (detect identical cells).
4.3.14. Executing OPT_SHARE pass.
4.3.15. Executing OPT_DFF pass (perform DFF optimizations).
4.3.16. Executing OPT_CLEAN pass (remove unused cells and wires).
4.3.17. Executing OPT_EXPR pass (perform const folding).
4.3.18. Rerunning OPT passes. (Maybe there is more to do..)
4.3.19. Executing OPT_MUXTREE pass (detect dead branches in mux trees).
4.3.20. Executing OPT_REDUCE pass (consolidate $*mux and $reduce_* inputs).
4.3.21. Executing OPT_MERGE pass (detect identical cells).
4.3.22. Executing OPT_SHARE pass.
4.3.23. Executing OPT_DFF pass (perform DFF optimizations).
4.3.24. Executing OPT_CLEAN pass (remove unused cells and wires).
4.3.25. Executing OPT_EXPR pass (perform const folding).
4.3.26. Finished fast OPT passes. (There is nothing left to do.)
4.4. Executing TECHMAP pass (map to technology primitives).
4.4.1. Executing Verilog-2005 frontend: /OpenROAD-flow-scripts/tools/install/yosys/bin/../share/yosys/techmap.v
4.4.2. Executing Verilog-2005 frontend: /OpenROAD-flow-scripts/flow/platforms/common/lcu_kogge_stone.v
4.4.3. Continuing TECHMAP pass.
4.5. Executing OPT pass (performing simple optimizations).
4.5.1. Executing OPT_EXPR pass (perform const folding).
4.5.2. Executing OPT_MERGE pass (detect identical cells).
4.5.3. Executing OPT_DFF pass (perform DFF optimizations).
4.5.4. Executing OPT_CLEAN pass (remove unused cells and wires).
4.5.5. Finished fast OPT passes.
4.6. Executing ABC pass (technology mapping using ABC).
4.6.1. Extracting gate netlist of module `\aes' to `<abc-temp-dir>/input.blif'..
4.7. Executing OPT pass (performing simple optimizations).
4.7.1. Executing OPT_EXPR pass (perform const folding).
4.7.2. Executing OPT_MERGE pass (detect identical cells).
4.7.3. Executing OPT_DFF pass (perform DFF optimizations).
4.7.4. Executing OPT_CLEAN pass (remove unused cells and wires).
4.7.5. Finished fast OPT passes.
4.8. Executing HIERARCHY pass (managing design hierarchy).
4.8.1. Analyzing design hierarchy..
4.8.2. Analyzing design hierarchy..
4.9. Printing statistics.
4.10. Executing CHECK pass (checking for obvious problems).
5. Executing OPT pass (performing simple optimizations).
5.1. Executing OPT_EXPR pass (perform const folding).
5.2. Executing OPT_MERGE pass (detect identical cells).
5.3. Executing OPT_MUXTREE pass (detect dead branches in mux trees).
5.4. Executing OPT_REDUCE pass (consolidate $*mux and $reduce_* inputs).
5.5. Executing OPT_MERGE pass (detect identical cells).
5.6. Executing OPT_DFF pass (perform DFF optimizations).
5.7. Executing OPT_CLEAN pass (remove unused cells and wires).
5.8. Executing OPT_EXPR pass (perform const folding).
5.9. Rerunning OPT passes. (Maybe there is more to do..)
5.10. Executing OPT_MUXTREE pass (detect dead branches in mux trees).
5.11. Executing OPT_REDUCE pass (consolidate $*mux and $reduce_* inputs).
5.12. Executing OPT_MERGE pass (detect identical cells).
5.13. Executing OPT_DFF pass (perform DFF optimizations).
5.14. Executing OPT_CLEAN pass (remove unused cells and wires).
5.15. Executing OPT_EXPR pass (perform const folding).
5.16. Finished fast OPT passes. (There is nothing left to do.)
6. Executing DFFLIBMAP pass (mapping DFF cells to sequential cells from liberty file).
6.1. Executing DFFLEGALIZE pass (convert FFs to types supported by the target).
7. Executing OPT pass (performing simple optimizations).
7.1. Executing OPT_EXPR pass (perform const folding).
7.2. Executing OPT_MERGE pass (detect identical cells).
7.3. Executing OPT_MUXTREE pass (detect dead branches in mux trees).
7.4. Executing OPT_REDUCE pass (consolidate $*mux and $reduce_* inputs).
7.5. Executing OPT_MERGE pass (detect identical cells).
7.6. Executing OPT_DFF pass (perform DFF optimizations).
7.7. Executing OPT_CLEAN pass (remove unused cells and wires).
7.8. Executing OPT_EXPR pass (perform const folding).
7.9. Finished fast OPT passes. (There is nothing left to do.)
8. Executing SETUNDEF pass (replace undef values with defined constants).
abc -script /OpenROAD-flow-scripts/flow/scripts/abc_speed.script -liberty /work/djang62/Openroad/handoff/gt2n_openroad_run/OpenROAD-flow-scripts/flow/platforms/gt2n/lib/gt2_6t_w31_svt_tt_0p7v25c.lib -liberty /work/djang62/Openroad/handoff/gt2n_openroad_run/OpenROAD-flow-scripts/flow/platforms/gt2n/lib/gt2_6t_w31_lvt_tt_0p7v25c.lib -constr /work/djang62/Openroad/handoff/gt2n_openroad_run/AES_128/GT2_2nm_PDK/03_spnr/tt/w31_svtlvt/1000ps_fspdn_tapm3_rdl_dense_u40_c80/work/objects/gt2n/aes_128/base/abc.constr -D 1000
9. Executing ABC pass (technology mapping using ABC).
9.1. Extracting gate netlist of module `\aes' to `<abc-temp-dir>/input.blif'..
9.1.1. Executed ABC.
9.1.2. Re-integrating ABC results.
Took 110 seconds: abc -script /OpenROAD-flow-scripts/flow/scripts/abc_speed.script -liberty /work/djang62/Openroad/handoff/gt2n_openroad_run/OpenROAD-flow-scripts/flow/platforms/gt2n/lib/gt2_6t_w31_svt_tt_0p7v25c.lib -liberty /work/djang62/Openroad/handoff/gt2n_openroad_run/OpenROAD-flow-scripts/flow/platforms/gt2n/lib/gt2_6t_w31_lvt_tt_0p7v25c.lib -constr /work/djang62/Openroad/handoff/gt2n_openroad_run/AES_128/GT2_2nm_PDK/03_spnr/tt/w31_svtlvt/1000ps_fspdn_tapm3_rdl_dense_u40_c80/work/objects/gt2n/aes_128/base/abc.constr -D 1000
10. Executing SPLITNETS pass (splitting up multi-bit signals).
11. Executing OPT_CLEAN pass (remove unused cells and wires).
12. Executing HILOMAP pass (mapping to constant drivers).
13. Executing INSBUF pass (insert buffer cells for connected wires).
14. Executing CHECK pass (checking for obvious problems).
15. Printing statistics.
16. Executing CHECK pass (checking for obvious problems).
17. Executing Verilog backend.
17.1. Executing BMUXMAP pass.
17.2. Executing DEMUXMAP pass.
exec cp /work/djang62/Openroad/handoff/gt2n_openroad_run/AES_128/GT2_2nm_PDK/03_spnr/tt/w31_svtlvt/1000ps_fspdn_tapm3_rdl_dense_u40_c80/constraint.sdc /work/djang62/Openroad/handoff/gt2n_openroad_run/AES_128/GT2_2nm_PDK/03_spnr/tt/w31_svtlvt/1000ps_fspdn_tapm3_rdl_dense_u40_c80/work/results/gt2n/aes_128/base/1_synth.sdc
End of script. Logfile hash: 6ac11d2fff, CPU: user 33.52s system 0.59s, MEM: 510.87 MB peak
Yosys 0.63+post (git sha1 UNKNOWN-dirty, g++ 11.4.0-1ubuntu1~22.04.3 -fPIC -O3)
Time spent: 78% 2x abc (112 sec), 4% 21x opt_expr (6 sec), ...
Elapsed time: 2:23.21[h:]min:sec. CPU time: user 143.49 sys 0.96 (100%). Peak memory: 524968KB.
cp /work/djang62/Openroad/handoff/gt2n_openroad_run/AES_128/GT2_2nm_PDK/03_spnr/tt/w31_svtlvt/1000ps_fspdn_tapm3_rdl_dense_u40_c80/constraint.sdc /work/djang62/Openroad/handoff/gt2n_openroad_run/AES_128/GT2_2nm_PDK/03_spnr/tt/w31_svtlvt/1000ps_fspdn_tapm3_rdl_dense_u40_c80/work/results/gt2n/aes_128/base/1_2_yosys.sdc
OpenROAD 26Q1-2938-g0e2d771c5e 
Features included (+) or not (-): +GPU +GUI +Python
This program is licensed under the BSD-3 license. See the LICENSE file for details.
Components of this program may be licensed under more restrictive licenses which must be honored.
[INFO ORD-0030] Using 48 thread(s).
mkdir -p /work/djang62/Openroad/handoff/gt2n_openroad_run/AES_128/GT2_2nm_PDK/03_spnr/tt/w31_svtlvt/1000ps_fspdn_tapm3_rdl_dense_u40_c80/work/objects/gt2n/aes_128/base
/OpenROAD-flow-scripts/flow/scripts/flow.sh 1_synth synth_odb
Running synth_odb.tcl, stage 1_synth
read_liberty /work/djang62/Openroad/handoff/gt2n_openroad_run/OpenROAD-flow-scripts/flow/platforms/gt2n/lib/gt2_6t_w31_svt_tt_0p7v25c.lib
[WARNING STA-1171] /work/djang62/Openroad/handoff/gt2n_openroad_run/OpenROAD-flow-scripts/flow/platforms/gt2n/lib/gt2_6t_w31_svt_tt_0p7v25c.lib line 58, default_fanout_load is 0.0.
read_liberty /work/djang62/Openroad/handoff/gt2n_openroad_run/OpenROAD-flow-scripts/flow/platforms/gt2n/lib/gt2_6t_w31_lvt_tt_0p7v25c.lib
[WARNING STA-1171] /work/djang62/Openroad/handoff/gt2n_openroad_run/OpenROAD-flow-scripts/flow/platforms/gt2n/lib/gt2_6t_w31_lvt_tt_0p7v25c.lib line 58, default_fanout_load is 0.0.
[INFO ODB-0227] LEF file: /work/djang62/Openroad/handoff/gt2n_openroad_run/OpenROAD-flow-scripts/flow/platforms/gt2n/techlib/gt2_fspdn_tech.lef, created 42 layers, 14 vias
[INFO ODB-0227] LEF file: /work/djang62/Openroad/handoff/gt2n_openroad_run/OpenROAD-flow-scripts/flow/platforms/gt2n/lef/gt2_6t_w31_svt.lef, created 72 library cells
[INFO ODB-0394] Duplicate site gt2_6t in gt2_6t_w31_lvt already seen in gt2_6t_w31_svt
[INFO ODB-0227] LEF file: /work/djang62/Openroad/handoff/gt2n_openroad_run/OpenROAD-flow-scripts/flow/platforms/gt2n/lef/gt2_6t_w31_lvt.lef, created 72 library cells
link_design aes
read_sdc /work/djang62/Openroad/handoff/gt2n_openroad_run/AES_128/GT2_2nm_PDK/03_spnr/tt/w31_svtlvt/1000ps_fspdn_tapm3_rdl_dense_u40_c80/work/results/gt2n/aes_128/base/1_2_yosys.sdc
source /work/djang62/Openroad/handoff/gt2n_openroad_run/OpenROAD-flow-scripts/flow/platforms/gt2n/setRC_fspdn.tcl
write_db /work/djang62/Openroad/handoff/gt2n_openroad_run/AES_128/GT2_2nm_PDK/03_spnr/tt/w31_svtlvt/1000ps_fspdn_tapm3_rdl_dense_u40_c80/work/results/gt2n/aes_128/base/1_synth.odb
write_sdc -no_timestamp /work/djang62/Openroad/handoff/gt2n_openroad_run/AES_128/GT2_2nm_PDK/03_spnr/tt/w31_svtlvt/1000ps_fspdn_tapm3_rdl_dense_u40_c80/work/results/gt2n/aes_128/base/1_synth.sdc
Elapsed time: 0:03.02[h:]min:sec. CPU time: user 2.63 sys 0.30 (97%). Peak memory: 528276KB.
Log                        Elapsed/s Peak Memory/MB  sha1sum .odb [0:20)
1_synth                            3            515 ae2cf73ab53db864b56f
/OpenROAD-flow-scripts/flow/scripts/flow.sh 2_1_floorplan floorplan
Running floorplan.tcl, stage 2_1_floorplan
read_liberty /work/djang62/Openroad/handoff/gt2n_openroad_run/OpenROAD-flow-scripts/flow/platforms/gt2n/lib/gt2_6t_w31_svt_tt_0p7v25c.lib
[WARNING STA-1171] /work/djang62/Openroad/handoff/gt2n_openroad_run/OpenROAD-flow-scripts/flow/platforms/gt2n/lib/gt2_6t_w31_svt_tt_0p7v25c.lib line 58, default_fanout_load is 0.0.
read_liberty /work/djang62/Openroad/handoff/gt2n_openroad_run/OpenROAD-flow-scripts/flow/platforms/gt2n/lib/gt2_6t_w31_lvt_tt_0p7v25c.lib
[WARNING STA-1171] /work/djang62/Openroad/handoff/gt2n_openroad_run/OpenROAD-flow-scripts/flow/platforms/gt2n/lib/gt2_6t_w31_lvt_tt_0p7v25c.lib line 58, default_fanout_load is 0.0.
read_db /work/djang62/Openroad/handoff/gt2n_openroad_run/AES_128/GT2_2nm_PDK/03_spnr/tt/w31_svtlvt/1000ps_fspdn_tapm3_rdl_dense_u40_c80/work/results/gt2n/aes_128/base/1_synth.odb
read_sdc /work/djang62/Openroad/handoff/gt2n_openroad_run/AES_128/GT2_2nm_PDK/03_spnr/tt/w31_svtlvt/1000ps_fspdn_tapm3_rdl_dense_u40_c80/work/results/gt2n/aes_128/base/1_synth.sdc
source /work/djang62/Openroad/handoff/gt2n_openroad_run/OpenROAD-flow-scripts/flow/platforms/gt2n/setRC_fspdn.tcl
Removed 0 unused instances and 0 unused nets.

==========================================================================
Floorplan check_setup
--------------------------------------------------------------------------
number instances in verilog is 174602
[INFO IFP-0107] Defining die area using utilization: 40.00% and aspect ratio: 1.
[INFO IFP-0001] Added 847 rows of 2904 site gt2_6t.
[INFO IFP-0100] Die BBox:  (  0.000  0.000 ) ( 132.083 132.083 ) um
[INFO IFP-0101] Core BBox: (  5.040  5.040 ) ( 127.008 127.008 ) um
[INFO IFP-0102] Core area:                        14876.193 um^2
[INFO IFP-0103] Total instances area:              5953.911 um^2
[INFO IFP-0104] Effective utilization:                0.400
[INFO IFP-0105] Number of instances:                 174602
source /work/djang62/Openroad/handoff/gt2n_openroad_run/OpenROAD-flow-scripts/flow/platforms/gt2n/make_tracks_fspdn.tcl
source /work/djang62/Openroad/handoff/gt2n_openroad_run/OpenROAD-flow-scripts/flow/platforms/gt2n/fastroute.tcl
Repair tie lo fanout...
Repair tie hi fanout...
[INFO RSZ-0042] Inserted 10769 tie gt2_6t_tiehigh_w31_lvt instances.
repair_timing -setup_margin 0 -hold_margin 0 -repair_tns 100 -match_cell_footprint -setup -skip_last_gasp -sequence unbuffer,sizeup,swap,vt_swap -verbose
[WARNING EST-0027] no estimated parasitics. Using wire load models.
[INFO RSZ-0100] Repair move sequence: UnbufferMove SizeUpMove SwapPinsMove 
[INFO RSZ-0098] No setup violations found
Default units for flow
 time 1ps
 capacitance 1pF
 resistance 1ohm
 voltage 1v
 current 1mA
 power 1uW
 distance 1um
   Layer   | Unit Resistance | Unit Capacitance 
           |        (ohm/um) |          (pF/um)
------------------------------------------------
        M0 |        6.22e+02 |         9.03e-05
        M1 |        4.38e+02 |         9.03e-05
        M2 |        6.22e+02 |         9.03e-05
        M3 |        4.38e+02 |         9.03e-05
        M4 |        1.67e+02 |         9.41e-05
        M5 |        1.67e+02 |         9.41e-05
        M6 |        2.66e+01 |         9.41e-05
        M7 |        2.66e+01 |         9.41e-05
        M8 |        2.66e+01 |         9.41e-05
        M9 |        2.66e+01 |         9.41e-05
       M10 |        7.48e+00 |         9.41e-05
       M11 |        7.48e+00 |         9.41e-05
       M12 |        6.39e-01 |         4.93e-05
       M13 |        6.39e-01 |         4.93e-05
       RDL |        6.25e-03 |         8.47e-05
------------------------------------------------

   Layer   | Via Resistance 
           |          (ohm) 
----------------------------
        V0 |       5.50e+01 
        V1 |       5.50e+01 
        V2 |       5.50e+01 
        V3 |       4.58e+01 
        V4 |       2.78e+01 
        V5 |       1.49e+01 
        V6 |       1.33e+01 
        V7 |       1.33e+01 
        V8 |       1.33e+01 
        V9 |       7.65e+00 
       V10 |       6.08e+00 
       V11 |       6.08e+00 
       V12 |       9.50e-01 
       V13 |       1.50e-01 
----------------------------
Report metrics stage 2, floorplan final...

==========================================================================
floorplan final report_design_area
--------------------------------------------------------------------------
Design area 6084 um^2 41% utilization.
write_db /work/djang62/Openroad/handoff/gt2n_openroad_run/AES_128/GT2_2nm_PDK/03_spnr/tt/w31_svtlvt/1000ps_fspdn_tapm3_rdl_dense_u40_c80/work/results/gt2n/aes_128/base/2_1_floorplan.odb
write_sdc -no_timestamp /work/djang62/Openroad/handoff/gt2n_openroad_run/AES_128/GT2_2nm_PDK/03_spnr/tt/w31_svtlvt/1000ps_fspdn_tapm3_rdl_dense_u40_c80/work/results/gt2n/aes_128/base/2_1_floorplan.sdc
Elapsed time: 0:27.57[h:]min:sec. CPU time: user 33.98 sys 62.19 (348%). Peak memory: 843520KB.
Log                        Elapsed/s Peak Memory/MB  sha1sum .odb [0:20)
2_1_floorplan                     27            823 a2fd76bfd4d040bb4733
/OpenROAD-flow-scripts/flow/scripts/flow.sh 2_2_floorplan_macro macro_place
Running macro_place.tcl, stage 2_2_floorplan_macro
read_liberty /work/djang62/Openroad/handoff/gt2n_openroad_run/OpenROAD-flow-scripts/flow/platforms/gt2n/lib/gt2_6t_w31_svt_tt_0p7v25c.lib
[WARNING STA-1171] /work/djang62/Openroad/handoff/gt2n_openroad_run/OpenROAD-flow-scripts/flow/platforms/gt2n/lib/gt2_6t_w31_svt_tt_0p7v25c.lib line 58, default_fanout_load is 0.0.
read_liberty /work/djang62/Openroad/handoff/gt2n_openroad_run/OpenROAD-flow-scripts/flow/platforms/gt2n/lib/gt2_6t_w31_lvt_tt_0p7v25c.lib
[WARNING STA-1171] /work/djang62/Openroad/handoff/gt2n_openroad_run/OpenROAD-flow-scripts/flow/platforms/gt2n/lib/gt2_6t_w31_lvt_tt_0p7v25c.lib line 58, default_fanout_load is 0.0.
read_db /work/djang62/Openroad/handoff/gt2n_openroad_run/AES_128/GT2_2nm_PDK/03_spnr/tt/w31_svtlvt/1000ps_fspdn_tapm3_rdl_dense_u40_c80/work/results/gt2n/aes_128/base/2_1_floorplan.odb
read_sdc /work/djang62/Openroad/handoff/gt2n_openroad_run/AES_128/GT2_2nm_PDK/03_spnr/tt/w31_svtlvt/1000ps_fspdn_tapm3_rdl_dense_u40_c80/work/results/gt2n/aes_128/base/2_1_floorplan.sdc
source /work/djang62/Openroad/handoff/gt2n_openroad_run/OpenROAD-flow-scripts/flow/platforms/gt2n/setRC_fspdn.tcl
No macros found: Skipping macro_placement
Design area 6084 um^2 41% utilization.
write_db /work/djang62/Openroad/handoff/gt2n_openroad_run/AES_128/GT2_2nm_PDK/03_spnr/tt/w31_svtlvt/1000ps_fspdn_tapm3_rdl_dense_u40_c80/work/results/gt2n/aes_128/base/2_2_floorplan_macro.odb
Elapsed time: 0:01.29[h:]min:sec. CPU time: user 1.00 sys 0.21 (94%). Peak memory: 386468KB.
Log                        Elapsed/s Peak Memory/MB  sha1sum .odb [0:20)
2_2_floorplan_macro                1            377 a2fd76bfd4d040bb4733
/OpenROAD-flow-scripts/flow/scripts/flow.sh 2_3_floorplan_tapcell tapcell
Running tapcell.tcl, stage 2_3_floorplan_tapcell
read_liberty /work/djang62/Openroad/handoff/gt2n_openroad_run/OpenROAD-flow-scripts/flow/platforms/gt2n/lib/gt2_6t_w31_svt_tt_0p7v25c.lib
[WARNING STA-1171] /work/djang62/Openroad/handoff/gt2n_openroad_run/OpenROAD-flow-scripts/flow/platforms/gt2n/lib/gt2_6t_w31_svt_tt_0p7v25c.lib line 58, default_fanout_load is 0.0.
read_liberty /work/djang62/Openroad/handoff/gt2n_openroad_run/OpenROAD-flow-scripts/flow/platforms/gt2n/lib/gt2_6t_w31_lvt_tt_0p7v25c.lib
[WARNING STA-1171] /work/djang62/Openroad/handoff/gt2n_openroad_run/OpenROAD-flow-scripts/flow/platforms/gt2n/lib/gt2_6t_w31_lvt_tt_0p7v25c.lib line 58, default_fanout_load is 0.0.
read_db /work/djang62/Openroad/handoff/gt2n_openroad_run/AES_128/GT2_2nm_PDK/03_spnr/tt/w31_svtlvt/1000ps_fspdn_tapm3_rdl_dense_u40_c80/work/results/gt2n/aes_128/base/2_2_floorplan_macro.odb
read_sdc /work/djang62/Openroad/handoff/gt2n_openroad_run/AES_128/GT2_2nm_PDK/03_spnr/tt/w31_svtlvt/1000ps_fspdn_tapm3_rdl_dense_u40_c80/work/results/gt2n/aes_128/base/2_1_floorplan.sdc
source /work/djang62/Openroad/handoff/gt2n_openroad_run/OpenROAD-flow-scripts/flow/platforms/gt2n/setRC_fspdn.tcl
[INFO TAP-0005] Inserted 1698 tapcells.
Design area 6105 um^2 41% utilization.
write_db /work/djang62/Openroad/handoff/gt2n_openroad_run/AES_128/GT2_2nm_PDK/03_spnr/tt/w31_svtlvt/1000ps_fspdn_tapm3_rdl_dense_u40_c80/work/results/gt2n/aes_128/base/2_3_floorplan_tapcell.odb
Elapsed time: 0:01.02[h:]min:sec. CPU time: user 0.74 sys 0.20 (92%). Peak memory: 278184KB.
Log                        Elapsed/s Peak Memory/MB  sha1sum .odb [0:20)
2_3_floorplan_tapcell              1            271 d3ba608bd767985c45a2
/OpenROAD-flow-scripts/flow/scripts/flow.sh 2_4_floorplan_pdn pdn
Running pdn.tcl, stage 2_4_floorplan_pdn
read_liberty /work/djang62/Openroad/handoff/gt2n_openroad_run/OpenROAD-flow-scripts/flow/platforms/gt2n/lib/gt2_6t_w31_svt_tt_0p7v25c.lib
[WARNING STA-1171] /work/djang62/Openroad/handoff/gt2n_openroad_run/OpenROAD-flow-scripts/flow/platforms/gt2n/lib/gt2_6t_w31_svt_tt_0p7v25c.lib line 58, default_fanout_load is 0.0.
read_liberty /work/djang62/Openroad/handoff/gt2n_openroad_run/OpenROAD-flow-scripts/flow/platforms/gt2n/lib/gt2_6t_w31_lvt_tt_0p7v25c.lib
[WARNING STA-1171] /work/djang62/Openroad/handoff/gt2n_openroad_run/OpenROAD-flow-scripts/flow/platforms/gt2n/lib/gt2_6t_w31_lvt_tt_0p7v25c.lib line 58, default_fanout_load is 0.0.
read_db /work/djang62/Openroad/handoff/gt2n_openroad_run/AES_128/GT2_2nm_PDK/03_spnr/tt/w31_svtlvt/1000ps_fspdn_tapm3_rdl_dense_u40_c80/work/results/gt2n/aes_128/base/2_3_floorplan_tapcell.odb
read_sdc /work/djang62/Openroad/handoff/gt2n_openroad_run/AES_128/GT2_2nm_PDK/03_spnr/tt/w31_svtlvt/1000ps_fspdn_tapm3_rdl_dense_u40_c80/work/results/gt2n/aes_128/base/2_1_floorplan.sdc
source /work/djang62/Openroad/handoff/gt2n_openroad_run/OpenROAD-flow-scripts/flow/platforms/gt2n/setRC_fspdn.tcl
[INFO PDN-0001] Inserting grid: grid
source /work/djang62/Openroad/handoff/gt2n_openroad_run/AES_128/GT2_2nm_PDK/03_spnr/tt/w31_svtlvt/1000ps_fspdn_tapm3_rdl_dense_u40_c80/post_pdn_tap_to_m3.tcl
[WARNING PSM-0038] Unconnected shape on net VDD at (33.026um, 5.055um) - (33.040um, 5.169um), layer: M1.
[WARNING PSM-0038] Unconnected shape on net VDD at (33.026um, 5.343um) - (33.040um, 5.457um), layer: M1.
[WARNING PSM-0038] Unconnected shape on net VDD at (33.026um, 5.631um) - (33.040um, 5.745um), layer: M1.
[WARNING PSM-0038] Unconnected shape on net VDD at (33.026um, 5.919um) - (33.040um, 6.033um), layer: M1.
[WARNING PSM-0038] Unconnected shape on net VDD at (33.026um, 6.207um) - (33.040um, 6.321um), layer: M1.
[WARNING PSM-0038] Unconnected shape on net VDD at (33.026um, 6.495um) - (33.040um, 6.609um), layer: M1.
[WARNING PSM-0038] Unconnected shape on net VDD at (33.026um, 6.783um) - (33.040um, 6.897um), layer: M1.
[WARNING PSM-0038] Unconnected shape on net VDD at (33.026um, 7.071um) - (33.040um, 7.185um), layer: M1.
[WARNING PSM-0038] Unconnected shape on net VDD at (33.026um, 7.359um) - (33.040um, 7.473um), layer: M1.
[WARNING PSM-0038] Unconnected shape on net VDD at (33.026um, 7.647um) - (33.040um, 7.761um), layer: M1.
[WARNING PSM-0038] Unconnected shape on net VDD at (33.026um, 7.935um) - (33.040um, 8.049um), layer: M1.
[WARNING PSM-0038] Unconnected shape on net VDD at (33.026um, 8.223um) - (33.040um, 8.337um), layer: M1.
[WARNING PSM-0038] Unconnected shape on net VDD at (33.026um, 8.511um) - (33.040um, 8.625um), layer: M1.
[WARNING PSM-0038] Unconnected shape on net VDD at (33.026um, 8.799um) - (33.040um, 8.913um), layer: M1.
[WARNING PSM-0038] Unconnected shape on net VDD at (33.026um, 9.087um) - (33.040um, 9.201um), layer: M1.
[WARNING PSM-0038] Unconnected shape on net VDD at (33.026um, 9.375um) - (33.040um, 9.489um), layer: M1.
[WARNING PSM-0038] Unconnected shape on net VDD at (33.026um, 9.663um) - (33.040um, 9.777um), layer: M1.
[WARNING PSM-0038] Unconnected shape on net VDD at (33.026um, 9.951um) - (33.040um, 10.065um), layer: M1.
[WARNING PSM-0038] Unconnected shape on net VDD at (33.026um, 10.239um) - (33.040um, 10.353um), layer: M1.
[WARNING PSM-0038] Unconnected shape on net VDD at (33.026um, 10.527um) - (33.040um, 10.641um), layer: M1.
[WARNING PSM-0038] Unconnected shape on net VDD at (33.026um, 10.815um) - (33.040um, 10.929um), layer: M1.
[WARNING PSM-0038] Unconnected shape on net VDD at (33.026um, 11.103um) - (33.040um, 11.217um), layer: M1.
[WARNING PSM-0038] Unconnected shape on net VDD at (33.026um, 11.391um) - (33.040um, 11.505um), layer: M1.
[WARNING PSM-0038] Unconnected shape on net VDD at (33.026um, 11.679um) - (33.040um, 11.793um), layer: M1.
[WARNING PSM-0038] Unconnected shape on net VDD at (33.026um, 11.967um) - (33.040um, 12.081um), layer: M1.
[WARNING PSM-0038] Unconnected shape on net VDD at (33.026um, 12.255um) - (33.040um, 12.369um), layer: M1.
[WARNING PSM-0038] Unconnected shape on net VDD at (33.026um, 12.543um) - (33.040um, 12.657um), layer: M1.
[WARNING PSM-0038] Unconnected shape on net VDD at (33.026um, 12.831um) - (33.040um, 12.945um), layer: M1.
[WARNING PSM-0038] Unconnected shape on net VDD at (33.026um, 13.119um) - (33.040um, 13.233um), layer: M1.
[WARNING PSM-0038] Unconnected shape on net VDD at (33.026um, 13.407um) - (33.040um, 13.521um), layer: M1.
[WARNING PSM-0038] Unconnected shape on net VDD at (33.026um, 13.695um) - (33.040um, 13.809um), layer: M1.
[WARNING PSM-0038] Unconnected shape on net VDD at (33.026um, 13.983um) - (33.040um, 14.097um), layer: M1.
[WARNING PSM-0038] Unconnected shape on net VDD at (33.026um, 14.271um) - (33.040um, 14.385um), layer: M1.
[WARNING PSM-0038] Unconnected shape on net VDD at (33.026um, 14.559um) - (33.040um, 14.673um), layer: M1.
[WARNING PSM-0038] Unconnected shape on net VDD at (33.026um, 14.847um) - (33.040um, 14.961um), layer: M1.
[WARNING PSM-0038] Unconnected shape on net VDD at (33.026um, 15.135um) - (33.040um, 15.249um), layer: M1.
[WARNING PSM-0038] Unconnected shape on net VDD at (33.026um, 15.423um) - (33.040um, 15.537um), layer: M1.
[WARNING PSM-0038] Unconnected shape on net VDD at (33.026um, 15.711um) - (33.040um, 15.825um), layer: M1.
[WARNING PSM-0038] Unconnected shape on net VDD at (33.026um, 15.999um) - (33.040um, 16.113um), layer: M1.
[WARNING PSM-0038] Unconnected shape on net VDD at (33.026um, 16.287um) - (33.040um, 16.401um), layer: M1.
[WARNING PSM-0038] Unconnected shape on net VDD at (33.026um, 16.575um) - (33.040um, 16.689um), layer: M1.
[WARNING PSM-0038] Unconnected shape on net VDD at (33.026um, 16.863um) - (33.040um, 16.977um), layer: M1.
[WARNING PSM-0038] Unconnected shape on net VDD at (33.026um, 17.151um) - (33.040um, 17.265um), layer: M1.
[WARNING PSM-0038] Unconnected shape on net VDD at (33.026um, 17.439um) - (33.040um, 17.553um), layer: M1.
[WARNING PSM-0038] Unconnected shape on net VDD at (33.026um, 17.727um) - (33.040um, 17.841um), layer: M1.
[WARNING PSM-0038] Unconnected shape on net VDD at (33.026um, 18.015um) - (33.040um, 18.129um), layer: M1.
[WARNING PSM-0038] Unconnected shape on net VDD at (33.026um, 18.303um) - (33.040um, 18.417um), layer: M1.
[WARNING PSM-0038] Unconnected shape on net VDD at (33.026um, 18.591um) - (33.040um, 18.705um), layer: M1.
[WARNING PSM-0038] Unconnected shape on net VDD at (33.026um, 18.879um) - (33.040um, 18.993um), layer: M1.
[WARNING PSM-0038] Unconnected shape on net VDD at (33.026um, 19.167um) - (33.040um, 19.281um), layer: M1.
[WARNING PSM-0038] Unconnected shape on net VDD at (33.026um, 19.455um) - (33.040um, 19.569um), layer: M1.
[WARNING PSM-0038] Unconnected shape on net VDD at (33.026um, 19.743um) - (33.040um, 19.857um), layer: M1.
[WARNING PSM-0038] Unconnected shape on net VDD at (33.026um, 20.031um) - (33.040um, 20.145um), layer: M1.
[WARNING PSM-0038] Unconnected shape on net VDD at (33.026um, 20.319um) - (33.040um, 20.433um), layer: M1.
[WARNING PSM-0038] Unconnected shape on net VDD at (33.026um, 20.607um) - (33.040um, 20.721um), layer: M1.
[WARNING PSM-0038] Unconnected shape on net VDD at (33.026um, 20.895um) - (33.040um, 21.009um), layer: M1.
[WARNING PSM-0038] Unconnected shape on net VDD at (33.026um, 21.183um) - (33.040um, 21.297um), layer: M1.
[WARNING PSM-0038] Unconnected shape on net VDD at (33.026um, 21.471um) - (33.040um, 21.585um), layer: M1.
[WARNING PSM-0038] Unconnected shape on net VDD at (33.026um, 21.759um) - (33.040um, 21.873um), layer: M1.
[WARNING PSM-0038] Unconnected shape on net VDD at (33.026um, 22.047um) - (33.040um, 22.161um), layer: M1.
[WARNING PSM-0038] Unconnected shape on net VDD at (33.026um, 22.335um) - (33.040um, 22.449um), layer: M1.
[WARNING PSM-0038] Unconnected shape on net VDD at (33.026um, 22.623um) - (33.040um, 22.737um), layer: M1.
[WARNING PSM-0038] Unconnected shape on net VDD at (33.026um, 22.911um) - (33.040um, 23.025um), layer: M1.
[WARNING PSM-0038] Unconnected shape on net VDD at (33.026um, 23.199um) - (33.040um, 23.313um), layer: M1.
[WARNING PSM-0038] Unconnected shape on net VDD at (33.026um, 23.487um) - (33.040um, 23.601um), layer: M1.
[WARNING PSM-0038] Unconnected shape on net VDD at (33.026um, 23.775um) - (33.040um, 23.889um), layer: M1.
[WARNING PSM-0038] Unconnected shape on net VDD at (33.026um, 24.063um) - (33.040um, 24.177um), layer: M1.
[WARNING PSM-0038] Unconnected shape on net VDD at (33.026um, 24.351um) - (33.040um, 24.465um), layer: M1.
[WARNING PSM-0038] Unconnected shape on net VDD at (33.026um, 24.639um) - (33.040um, 24.753um), layer: M1.
[WARNING PSM-0038] Unconnected shape on net VDD at (33.026um, 24.927um) - (33.040um, 25.041um), layer: M1.
[WARNING PSM-0038] Unconnected shape on net VDD at (33.026um, 25.215um) - (33.040um, 25.329um), layer: M1.
[WARNING PSM-0038] Unconnected shape on net VDD at (33.026um, 25.503um) - (33.040um, 25.617um), layer: M1.
[WARNING PSM-0038] Unconnected shape on net VDD at (33.026um, 25.791um) - (33.040um, 25.905um), layer: M1.
[WARNING PSM-0038] Unconnected shape on net VDD at (33.026um, 26.079um) - (33.040um, 26.193um), layer: M1.
[WARNING PSM-0038] Unconnected shape on net VDD at (33.026um, 26.367um) - (33.040um, 26.481um), layer: M1.
[WARNING PSM-0038] Unconnected shape on net VDD at (33.026um, 26.655um) - (33.040um, 26.769um), layer: M1.
[WARNING PSM-0038] Unconnected shape on net VDD at (33.026um, 26.943um) - (33.040um, 27.057um), layer: M1.
[WARNING PSM-0038] Unconnected shape on net VDD at (33.026um, 27.231um) - (33.040um, 27.345um), layer: M1.
[WARNING PSM-0038] Unconnected shape on net VDD at (33.026um, 27.519um) - (33.040um, 27.633um), layer: M1.
[WARNING PSM-0038] Unconnected shape on net VDD at (33.026um, 27.807um) - (33.040um, 27.921um), layer: M1.
[WARNING PSM-0038] Unconnected shape on net VDD at (33.026um, 28.095um) - (33.040um, 28.209um), layer: M1.
[WARNING PSM-0038] Unconnected shape on net VDD at (33.026um, 28.383um) - (33.040um, 28.497um), layer: M1.
[WARNING PSM-0038] Unconnected shape on net VDD at (33.026um, 28.671um) - (33.040um, 28.785um), layer: M1.
[WARNING PSM-0038] Unconnected shape on net VDD at (33.026um, 28.959um) - (33.040um, 29.073um), layer: M1.
[WARNING PSM-0038] Unconnected shape on net VDD at (33.026um, 29.247um) - (33.040um, 29.361um), layer: M1.
[WARNING PSM-0038] Unconnected shape on net VDD at (33.026um, 29.535um) - (33.040um, 29.649um), layer: M1.
[WARNING PSM-0038] Unconnected shape on net VDD at (33.026um, 29.823um) - (33.040um, 29.937um), layer: M1.
[WARNING PSM-0038] Unconnected shape on net VDD at (33.026um, 30.111um) - (33.040um, 30.225um), layer: M1.
[WARNING PSM-0038] Unconnected shape on net VDD at (33.026um, 30.399um) - (33.040um, 30.513um), layer: M1.
[WARNING PSM-0038] Unconnected shape on net VDD at (33.026um, 30.687um) - (33.040um, 30.801um), layer: M1.
[WARNING PSM-0038] Unconnected shape on net VDD at (33.026um, 30.975um) - (33.040um, 31.089um), layer: M1.
[WARNING PSM-0038] Unconnected shape on net VDD at (33.026um, 31.263um) - (33.040um, 31.377um), layer: M1.
[WARNING PSM-0038] Unconnected shape on net VDD at (33.026um, 31.551um) - (33.040um, 31.665um), layer: M1.
[WARNING PSM-0038] Unconnected shape on net VDD at (33.026um, 31.839um) - (33.040um, 31.953um), layer: M1.
[WARNING PSM-0038] Unconnected shape on net VDD at (33.026um, 32.127um) - (33.040um, 32.241um), layer: M1.
[WARNING PSM-0038] Unconnected shape on net VDD at (33.026um, 32.415um) - (33.040um, 32.529um), layer: M1.
[WARNING PSM-0038] Unconnected shape on net VDD at (33.026um, 32.703um) - (33.040um, 32.817um), layer: M1.
[WARNING PSM-0038] Unconnected shape on net VDD at (33.026um, 32.991um) - (33.040um, 33.105um), layer: M1.
[WARNING PSM-0038] Unconnected shape on net VDD at (33.026um, 33.279um) - (33.040um, 33.393um), layer: M1.
[WARNING PSM-0038] Unconnected shape on net VDD at (33.026um, 33.567um) - (33.040um, 33.681um), layer: M1.
[WARNING PSM-0038] Unconnected shape on net VDD at (33.026um, 33.855um) - (33.040um, 33.969um), layer: M1.
[WARNING PSM-0038] Unconnected shape on net VDD at (33.026um, 34.143um) - (33.040um, 34.257um), layer: M1.
[WARNING PSM-0038] Unconnected shape on net VDD at (33.026um, 34.431um) - (33.040um, 34.545um), layer: M1.
[WARNING PSM-0038] Unconnected shape on net VDD at (33.026um, 34.719um) - (33.040um, 34.833um), layer: M1.
[WARNING PSM-0038] Unconnected shape on net VDD at (33.026um, 35.007um) - (33.040um, 35.121um), layer: M1.
[WARNING PSM-0038] Unconnected shape on net VDD at (33.026um, 35.295um) - (33.040um, 35.409um), layer: M1.
[WARNING PSM-0038] Unconnected shape on net VDD at (33.026um, 35.583um) - (33.040um, 35.697um), layer: M1.
[WARNING PSM-0038] Unconnected shape on net VDD at (33.026um, 35.871um) - (33.040um, 35.985um), layer: M1.
[WARNING PSM-0038] Unconnected shape on net VDD at (33.026um, 36.159um) - (33.040um, 36.273um), layer: M1.
[WARNING PSM-0038] Unconnected shape on net VDD at (33.026um, 36.447um) - (33.040um, 36.561um), layer: M1.
[WARNING PSM-0038] Unconnected shape on net VDD at (33.026um, 36.735um) - (33.040um, 36.849um), layer: M1.
[WARNING PSM-0038] Unconnected shape on net VDD at (33.026um, 37.023um) - (33.040um, 37.137um), layer: M1.
[WARNING PSM-0038] Unconnected shape on net VDD at (33.026um, 37.311um) - (33.040um, 37.425um), layer: M1.
[WARNING PSM-0038] Unconnected shape on net VDD at (33.026um, 37.599um) - (33.040um, 37.713um), layer: M1.
[WARNING PSM-0038] Unconnected shape on net VDD at (33.026um, 37.887um) - (33.040um, 38.001um), layer: M1.
[WARNING PSM-0038] Unconnected shape on net VDD at (33.026um, 38.175um) - (33.040um, 38.289um), layer: M1.
[WARNING PSM-0038] Unconnected shape on net VDD at (33.026um, 38.463um) - (33.040um, 38.577um), layer: M1.
[WARNING PSM-0038] Unconnected shape on net VDD at (33.026um, 38.751um) - (33.040um, 38.865um), layer: M1.
[WARNING PSM-0038] Unconnected shape on net VDD at (33.026um, 39.039um) - (33.040um, 39.153um), layer: M1.
[WARNING PSM-0038] Unconnected shape on net VDD at (33.026um, 39.327um) - (33.040um, 39.441um), layer: M1.
[WARNING PSM-0038] Unconnected shape on net VDD at (33.026um, 39.615um) - (33.040um, 39.729um), layer: M1.
[WARNING PSM-0038] Unconnected shape on net VDD at (33.026um, 39.903um) - (33.040um, 40.017um), layer: M1.
[WARNING PSM-0038] Unconnected shape on net VDD at (33.026um, 40.191um) - (33.040um, 40.305um), layer: M1.
[WARNING PSM-0038] Unconnected shape on net VDD at (33.026um, 40.479um) - (33.040um, 40.593um), layer: M1.
[WARNING PSM-0038] Unconnected shape on net VDD at (33.026um, 40.767um) - (33.040um, 40.881um), layer: M1.
[WARNING PSM-0038] Unconnected shape on net VDD at (33.026um, 41.055um) - (33.040um, 41.169um), layer: M1.
[WARNING PSM-0038] Unconnected shape on net VDD at (33.026um, 41.343um) - (33.040um, 41.457um), layer: M1.
[WARNING PSM-0038] Unconnected shape on net VDD at (33.026um, 41.631um) - (33.040um, 41.745um), layer: M1.
[WARNING PSM-0038] Unconnected shape on net VDD at (33.026um, 41.919um) - (33.040um, 42.033um), layer: M1.
[WARNING PSM-0038] Unconnected shape on net VDD at (33.026um, 42.207um) - (33.040um, 42.321um), layer: M1.
[WARNING PSM-0038] Unconnected shape on net VDD at (33.026um, 42.495um) - (33.040um, 42.609um), layer: M1.
[WARNING PSM-0038] Unconnected shape on net VDD at (33.026um, 42.783um) - (33.040um, 42.897um), layer: M1.
[WARNING PSM-0038] Unconnected shape on net VDD at (33.026um, 43.071um) - (33.040um, 43.185um), layer: M1.
[WARNING PSM-0038] Unconnected shape on net VDD at (33.026um, 43.359um) - (33.040um, 43.473um), layer: M1.
[WARNING PSM-0038] Unconnected shape on net VDD at (33.026um, 43.647um) - (33.040um, 43.761um), layer: M1.
[WARNING PSM-0038] Unconnected shape on net VDD at (33.026um, 43.935um) - (33.040um, 44.049um), layer: M1.
[WARNING PSM-0038] Unconnected shape on net VDD at (33.026um, 44.223um) - (33.040um, 44.337um), layer: M1.
[WARNING PSM-0038] Unconnected shape on net VDD at (33.026um, 44.511um) - (33.040um, 44.625um), layer: M1.
[WARNING PSM-0038] Unconnected shape on net VDD at (33.026um, 44.799um) - (33.040um, 44.913um), layer: M1.
[WARNING PSM-0038] Unconnected shape on net VDD at (33.026um, 45.087um) - (33.040um, 45.201um), layer: M1.
[WARNING PSM-0038] Unconnected shape on net VDD at (33.026um, 45.375um) - (33.040um, 45.489um), layer: M1.
[WARNING PSM-0038] Unconnected shape on net VDD at (33.026um, 45.663um) - (33.040um, 45.777um), layer: M1.
[WARNING PSM-0038] Unconnected shape on net VDD at (33.026um, 45.951um) - (33.040um, 46.065um), layer: M1.
[WARNING PSM-0038] Unconnected shape on net VDD at (33.026um, 46.239um) - (33.040um, 46.353um), layer: M1.
[WARNING PSM-0038] Unconnected shape on net VDD at (33.026um, 46.527um) - (33.040um, 46.641um), layer: M1.
[WARNING PSM-0038] Unconnected shape on net VDD at (33.026um, 46.815um) - (33.040um, 46.929um), layer: M1.
[WARNING PSM-0038] Unconnected shape on net VDD at (33.026um, 47.103um) - (33.040um, 47.217um), layer: M1.
[WARNING PSM-0038] Unconnected shape on net VDD at (33.026um, 47.391um) - (33.040um, 47.505um), layer: M1.
[WARNING PSM-0038] Unconnected shape on net VDD at (33.026um, 47.679um) - (33.040um, 47.793um), layer: M1.
[WARNING PSM-0038] Unconnected shape on net VDD at (33.026um, 47.967um) - (33.040um, 48.081um), layer: M1.
[WARNING PSM-0038] Unconnected shape on net VDD at (33.026um, 48.255um) - (33.040um, 48.369um), layer: M1.
[WARNING PSM-0038] Unconnected shape on net VDD at (33.026um, 48.543um) - (33.040um, 48.657um), layer: M1.
[WARNING PSM-0038] Unconnected shape on net VDD at (33.026um, 48.831um) - (33.040um, 48.945um), layer: M1.
[WARNING PSM-0038] Unconnected shape on net VDD at (33.026um, 49.119um) - (33.040um, 49.233um), layer: M1.
[WARNING PSM-0038] Unconnected shape on net VDD at (33.026um, 49.407um) - (33.040um, 49.521um), layer: M1.
[WARNING PSM-0038] Unconnected shape on net VDD at (33.026um, 49.695um) - (33.040um, 49.809um), layer: M1.
[WARNING PSM-0038] Unconnected shape on net VDD at (33.026um, 49.983um) - (33.040um, 50.097um), layer: M1.
[WARNING PSM-0038] Unconnected shape on net VDD at (33.026um, 50.271um) - (33.040um, 50.385um), layer: M1.
[WARNING PSM-0038] Unconnected shape on net VDD at (33.026um, 50.559um) - (33.040um, 50.673um), layer: M1.
[WARNING PSM-0038] Unconnected shape on net VDD at (33.026um, 50.847um) - (33.040um, 50.961um), layer: M1.
[WARNING PSM-0038] Unconnected shape on net VDD at (33.026um, 51.135um) - (33.040um, 51.249um), layer: M1.
[WARNING PSM-0038] Unconnected shape on net VDD at (33.026um, 51.423um) - (33.040um, 51.537um), layer: M1.
[WARNING PSM-0038] Unconnected shape on net VDD at (33.026um, 51.711um) - (33.040um, 51.825um), layer: M1.
[WARNING PSM-0038] Unconnected shape on net VDD at (33.026um, 51.999um) - (33.040um, 52.113um), layer: M1.
[WARNING PSM-0038] Unconnected shape on net VDD at (33.026um, 52.287um) - (33.040um, 52.401um), layer: M1.
[WARNING PSM-0038] Unconnected shape on net VDD at (33.026um, 52.575um) - (33.040um, 52.689um), layer: M1.
[WARNING PSM-0038] Unconnected shape on net VDD at (33.026um, 52.863um) - (33.040um, 52.977um), layer: M1.
[WARNING PSM-0038] Unconnected shape on net VDD at (33.026um, 53.151um) - (33.040um, 53.265um), layer: M1.
[WARNING PSM-0038] Unconnected shape on net VDD at (33.026um, 53.439um) - (33.040um, 53.553um), layer: M1.
[WARNING PSM-0038] Unconnected shape on net VDD at (33.026um, 53.727um) - (33.040um, 53.841um), layer: M1.
[WARNING PSM-0038] Unconnected shape on net VDD at (33.026um, 54.015um) - (33.040um, 54.129um), layer: M1.
[WARNING PSM-0038] Unconnected shape on net VDD at (33.026um, 54.303um) - (33.040um, 54.417um), layer: M1.
[WARNING PSM-0038] Unconnected shape on net VDD at (33.026um, 54.591um) - (33.040um, 54.705um), layer: M1.
[WARNING PSM-0038] Unconnected shape on net VDD at (33.026um, 54.879um) - (33.040um, 54.993um), layer: M1.
[WARNING PSM-0038] Unconnected shape on net VDD at (33.026um, 55.167um) - (33.040um, 55.281um), layer: M1.
[WARNING PSM-0038] Unconnected shape on net VDD at (33.026um, 55.455um) - (33.040um, 55.569um), layer: M1.
[WARNING PSM-0038] Unconnected shape on net VDD at (33.026um, 55.743um) - (33.040um, 55.857um), layer: M1.
[WARNING PSM-0038] Unconnected shape on net VDD at (33.026um, 56.031um) - (33.040um, 56.145um), layer: M1.
[WARNING PSM-0038] Unconnected shape on net VDD at (33.026um, 56.319um) - (33.040um, 56.433um), layer: M1.
[WARNING PSM-0038] Unconnected shape on net VDD at (33.026um, 56.607um) - (33.040um, 56.721um), layer: M1.
[WARNING PSM-0038] Unconnected shape on net VDD at (33.026um, 56.895um) - (33.040um, 57.009um), layer: M1.
[WARNING PSM-0038] Unconnected shape on net VDD at (33.026um, 57.183um) - (33.040um, 57.297um), layer: M1.
[WARNING PSM-0038] Unconnected shape on net VDD at (33.026um, 57.471um) - (33.040um, 57.585um), layer: M1.
[WARNING PSM-0038] Unconnected shape on net VDD at (33.026um, 57.759um) - (33.040um, 57.873um), layer: M1.
[WARNING PSM-0038] Unconnected shape on net VDD at (33.026um, 58.047um) - (33.040um, 58.161um), layer: M1.
[WARNING PSM-0038] Unconnected shape on net VDD at (33.026um, 58.335um) - (33.040um, 58.449um), layer: M1.
[WARNING PSM-0038] Unconnected shape on net VDD at (33.026um, 58.623um) - (33.040um, 58.737um), layer: M1.
[WARNING PSM-0038] Unconnected shape on net VDD at (33.026um, 58.911um) - (33.040um, 59.025um), layer: M1.
[WARNING PSM-0038] Unconnected shape on net VDD at (33.026um, 59.199um) - (33.040um, 59.313um), layer: M1.
[WARNING PSM-0038] Unconnected shape on net VDD at (33.026um, 59.487um) - (33.040um, 59.601um), layer: M1.
[WARNING PSM-0038] Unconnected shape on net VDD at (33.026um, 59.775um) - (33.040um, 59.889um), layer: M1.
[WARNING PSM-0038] Unconnected shape on net VDD at (33.026um, 60.063um) - (33.040um, 60.177um), layer: M1.
[WARNING PSM-0038] Unconnected shape on net VDD at (33.026um, 60.351um) - (33.040um, 60.465um), layer: M1.
[WARNING PSM-0038] Unconnected shape on net VDD at (33.026um, 60.639um) - (33.040um, 60.753um), layer: M1.
[WARNING PSM-0038] Unconnected shape on net VDD at (33.026um, 60.927um) - (33.040um, 61.041um), layer: M1.
[WARNING PSM-0038] Unconnected shape on net VDD at (33.026um, 61.215um) - (33.040um, 61.329um), layer: M1.
[WARNING PSM-0038] Unconnected shape on net VDD at (33.026um, 61.503um) - (33.040um, 61.617um), layer: M1.
[WARNING PSM-0038] Unconnected shape on net VDD at (33.026um, 61.791um) - (33.040um, 61.905um), layer: M1.
[WARNING PSM-0038] Unconnected shape on net VDD at (33.026um, 62.079um) - (33.040um, 62.193um), layer: M1.
[WARNING PSM-0038] Unconnected shape on net VDD at (33.026um, 62.367um) - (33.040um, 62.481um), layer: M1.
[WARNING PSM-0038] Unconnected shape on net VDD at (33.026um, 62.655um) - (33.040um, 62.769um), layer: M1.
[WARNING PSM-0038] Unconnected shape on net VDD at (33.026um, 62.943um) - (33.040um, 63.057um), layer: M1.
[WARNING PSM-0038] Unconnected shape on net VDD at (33.026um, 63.231um) - (33.040um, 63.345um), layer: M1.
[WARNING PSM-0038] Unconnected shape on net VDD at (33.026um, 63.519um) - (33.040um, 63.633um), layer: M1.
[WARNING PSM-0038] Unconnected shape on net VDD at (33.026um, 63.807um) - (33.040um, 63.921um), layer: M1.
[WARNING PSM-0038] Unconnected shape on net VDD at (33.026um, 64.095um) - (33.040um, 64.209um), layer: M1.
[WARNING PSM-0038] Unconnected shape on net VDD at (33.026um, 64.383um) - (33.040um, 64.497um), layer: M1.
[WARNING PSM-0038] Unconnected shape on net VDD at (33.026um, 64.671um) - (33.040um, 64.785um), layer: M1.
[WARNING PSM-0038] Unconnected shape on net VDD at (33.026um, 64.959um) - (33.040um, 65.073um), layer: M1.
[WARNING PSM-0038] Unconnected shape on net VDD at (33.026um, 65.247um) - (33.040um, 65.361um), layer: M1.
[WARNING PSM-0038] Unconnected shape on net VDD at (33.026um, 65.535um) - (33.040um, 65.649um), layer: M1.
[WARNING PSM-0038] Unconnected shape on net VDD at (33.026um, 65.823um) - (33.040um, 65.937um), layer: M1.
[WARNING PSM-0038] Unconnected shape on net VDD at (33.026um, 66.111um) - (33.040um, 66.225um), layer: M1.
[WARNING PSM-0038] Unconnected shape on net VDD at (33.026um, 66.399um) - (33.040um, 66.513um), layer: M1.
[WARNING PSM-0038] Unconnected shape on net VDD at (33.026um, 66.687um) - (33.040um, 66.801um), layer: M1.
[WARNING PSM-0038] Unconnected shape on net VDD at (33.026um, 66.975um) - (33.040um, 67.089um), layer: M1.
[WARNING PSM-0038] Unconnected shape on net VDD at (33.026um, 67.263um) - (33.040um, 67.377um), layer: M1.
[WARNING PSM-0038] Unconnected shape on net VDD at (33.026um, 67.551um) - (33.040um, 67.665um), layer: M1.
[WARNING PSM-0038] Unconnected shape on net VDD at (33.026um, 67.839um) - (33.040um, 67.953um), layer: M1.
[WARNING PSM-0038] Unconnected shape on net VDD at (33.026um, 68.127um) - (33.040um, 68.241um), layer: M1.
[WARNING PSM-0038] Unconnected shape on net VDD at (33.026um, 68.415um) - (33.040um, 68.529um), layer: M1.
[WARNING PSM-0038] Unconnected shape on net VDD at (33.026um, 68.703um) - (33.040um, 68.817um), layer: M1.
[WARNING PSM-0038] Unconnected shape on net VDD at (33.026um, 68.991um) - (33.040um, 69.105um), layer: M1.
[WARNING PSM-0038] Unconnected shape on net VDD at (33.026um, 69.279um) - (33.040um, 69.393um), layer: M1.
[WARNING PSM-0038] Unconnected shape on net VDD at (33.026um, 69.567um) - (33.040um, 69.681um), layer: M1.
[WARNING PSM-0038] Unconnected shape on net VDD at (33.026um, 69.855um) - (33.040um, 69.969um), layer: M1.
[WARNING PSM-0038] Unconnected shape on net VDD at (33.026um, 70.143um) - (33.040um, 70.257um), layer: M1.
[WARNING PSM-0038] Unconnected shape on net VDD at (33.026um, 70.431um) - (33.040um, 70.545um), layer: M1.
[WARNING PSM-0038] Unconnected shape on net VDD at (33.026um, 70.719um) - (33.040um, 70.833um), layer: M1.
[WARNING PSM-0038] Unconnected shape on net VDD at (33.026um, 71.007um) - (33.040um, 71.121um), layer: M1.
[WARNING PSM-0038] Unconnected shape on net VDD at (33.026um, 71.295um) - (33.040um, 71.409um), layer: M1.
[WARNING PSM-0038] Unconnected shape on net VDD at (33.026um, 71.583um) - (33.040um, 71.697um), layer: M1.
[WARNING PSM-0038] Unconnected shape on net VDD at (33.026um, 71.871um) - (33.040um, 71.985um), layer: M1.
[WARNING PSM-0038] Unconnected shape on net VDD at (33.026um, 72.159um) - (33.040um, 72.273um), layer: M1.
[WARNING PSM-0038] Unconnected shape on net VDD at (33.026um, 72.447um) - (33.040um, 72.561um), layer: M1.
[WARNING PSM-0038] Unconnected shape on net VDD at (33.026um, 72.735um) - (33.040um, 72.849um), layer: M1.
[WARNING PSM-0038] Unconnected shape on net VDD at (33.026um, 73.023um) - (33.040um, 73.137um), layer: M1.
[WARNING PSM-0038] Unconnected shape on net VDD at (33.026um, 73.311um) - (33.040um, 73.425um), layer: M1.
[WARNING PSM-0038] Unconnected shape on net VDD at (33.026um, 73.599um) - (33.040um, 73.713um), layer: M1.
[WARNING PSM-0038] Unconnected shape on net VDD at (33.026um, 73.887um) - (33.040um, 74.001um), layer: M1.
[WARNING PSM-0038] Unconnected shape on net VDD at (33.026um, 74.175um) - (33.040um, 74.289um), layer: M1.
[WARNING PSM-0038] Unconnected shape on net VDD at (33.026um, 74.463um) - (33.040um, 74.577um), layer: M1.
[WARNING PSM-0038] Unconnected shape on net VDD at (33.026um, 74.751um) - (33.040um, 74.865um), layer: M1.
[WARNING PSM-0038] Unconnected shape on net VDD at (33.026um, 75.039um) - (33.040um, 75.153um), layer: M1.
[WARNING PSM-0038] Unconnected shape on net VDD at (33.026um, 75.327um) - (33.040um, 75.441um), layer: M1.
[WARNING PSM-0038] Unconnected shape on net VDD at (33.026um, 75.615um) - (33.040um, 75.729um), layer: M1.
[WARNING PSM-0038] Unconnected shape on net VDD at (33.026um, 75.903um) - (33.040um, 76.017um), layer: M1.
[WARNING PSM-0038] Unconnected shape on net VDD at (33.026um, 76.191um) - (33.040um, 76.305um), layer: M1.
[WARNING PSM-0038] Unconnected shape on net VDD at (33.026um, 76.479um) - (33.040um, 76.593um), layer: M1.
[WARNING PSM-0038] Unconnected shape on net VDD at (33.026um, 76.767um) - (33.040um, 76.881um), layer: M1.
[WARNING PSM-0038] Unconnected shape on net VDD at (33.026um, 77.055um) - (33.040um, 77.169um), layer: M1.
[WARNING PSM-0038] Unconnected shape on net VDD at (33.026um, 77.343um) - (33.040um, 77.457um), layer: M1.
[WARNING PSM-0038] Unconnected shape on net VDD at (33.026um, 77.631um) - (33.040um, 77.745um), layer: M1.
[WARNING PSM-0038] Unconnected shape on net VDD at (33.026um, 77.919um) - (33.040um, 78.033um), layer: M1.
[WARNING PSM-0038] Unconnected shape on net VDD at (33.026um, 78.207um) - (33.040um, 78.321um), layer: M1.
[WARNING PSM-0038] Unconnected shape on net VDD at (33.026um, 78.495um) - (33.040um, 78.609um), layer: M1.
[WARNING PSM-0038] Unconnected shape on net VDD at (33.026um, 78.783um) - (33.040um, 78.897um), layer: M1.
[WARNING PSM-0038] Unconnected shape on net VDD at (33.026um, 79.071um) - (33.040um, 79.185um), layer: M1.
[WARNING PSM-0038] Unconnected shape on net VDD at (33.026um, 79.359um) - (33.040um, 79.473um), layer: M1.
[WARNING PSM-0038] Unconnected shape on net VDD at (33.026um, 79.647um) - (33.040um, 79.761um), layer: M1.
[WARNING PSM-0038] Unconnected shape on net VDD at (33.026um, 79.935um) - (33.040um, 80.049um), layer: M1.
[WARNING PSM-0038] Unconnected shape on net VDD at (33.026um, 80.223um) - (33.040um, 80.337um), layer: M1.
[WARNING PSM-0038] Unconnected shape on net VDD at (33.026um, 80.511um) - (33.040um, 80.625um), layer: M1.
[WARNING PSM-0038] Unconnected shape on net VDD at (33.026um, 80.799um) - (33.040um, 80.913um), layer: M1.
[WARNING PSM-0038] Unconnected shape on net VDD at (33.026um, 81.087um) - (33.040um, 81.201um), layer: M1.
[WARNING PSM-0038] Unconnected shape on net VDD at (33.026um, 81.375um) - (33.040um, 81.489um), layer: M1.
[WARNING PSM-0038] Unconnected shape on net VDD at (33.026um, 81.663um) - (33.040um, 81.777um), layer: M1.
[WARNING PSM-0038] Unconnected shape on net VDD at (33.026um, 81.951um) - (33.040um, 82.065um), layer: M1.
[WARNING PSM-0038] Unconnected shape on net VDD at (33.026um, 82.239um) - (33.040um, 82.353um), layer: M1.
[WARNING PSM-0038] Unconnected shape on net VDD at (33.026um, 82.527um) - (33.040um, 82.641um), layer: M1.
[WARNING PSM-0038] Unconnected shape on net VDD at (33.026um, 82.815um) - (33.040um, 82.929um), layer: M1.
[WARNING PSM-0038] Unconnected shape on net VDD at (33.026um, 83.103um) - (33.040um, 83.217um), layer: M1.
[WARNING PSM-0038] Unconnected shape on net VDD at (33.026um, 83.391um) - (33.040um, 83.505um), layer: M1.
[WARNING PSM-0038] Unconnected shape on net VDD at (33.026um, 83.679um) - (33.040um, 83.793um), layer: M1.
[WARNING PSM-0038] Unconnected shape on net VDD at (33.026um, 83.967um) - (33.040um, 84.081um), layer: M1.
[WARNING PSM-0038] Unconnected shape on net VDD at (33.026um, 84.255um) - (33.040um, 84.369um), layer: M1.
[WARNING PSM-0038] Unconnected shape on net VDD at (33.026um, 84.543um) - (33.040um, 84.657um), layer: M1.
[WARNING PSM-0038] Unconnected shape on net VDD at (33.026um, 84.831um) - (33.040um, 84.945um), layer: M1.
[WARNING PSM-0038] Unconnected shape on net VDD at (33.026um, 85.119um) - (33.040um, 85.233um), layer: M1.
[WARNING PSM-0038] Unconnected shape on net VDD at (33.026um, 85.407um) - (33.040um, 85.521um), layer: M1.
[WARNING PSM-0038] Unconnected shape on net VDD at (33.026um, 85.695um) - (33.040um, 85.809um), layer: M1.
[WARNING PSM-0038] Unconnected shape on net VDD at (33.026um, 85.983um) - (33.040um, 86.097um), layer: M1.
[WARNING PSM-0038] Unconnected shape on net VDD at (33.026um, 86.271um) - (33.040um, 86.385um), layer: M1.
[WARNING PSM-0038] Unconnected shape on net VDD at (33.026um, 86.559um) - (33.040um, 86.673um), layer: M1.
[WARNING PSM-0038] Unconnected shape on net VDD at (33.026um, 86.847um) - (33.040um, 86.961um), layer: M1.
[WARNING PSM-0038] Unconnected shape on net VDD at (33.026um, 87.135um) - (33.040um, 87.249um), layer: M1.
[WARNING PSM-0038] Unconnected shape on net VDD at (33.026um, 87.423um) - (33.040um, 87.537um), layer: M1.
[WARNING PSM-0038] Unconnected shape on net VDD at (33.026um, 87.711um) - (33.040um, 87.825um), layer: M1.
[WARNING PSM-0038] Unconnected shape on net VDD at (33.026um, 87.999um) - (33.040um, 88.113um), layer: M1.
[WARNING PSM-0038] Unconnected shape on net VDD at (33.026um, 88.287um) - (33.040um, 88.401um), layer: M1.
[WARNING PSM-0038] Unconnected shape on net VDD at (33.026um, 88.575um) - (33.040um, 88.689um), layer: M1.
[WARNING PSM-0038] Unconnected shape on net VDD at (33.026um, 88.863um) - (33.040um, 88.977um), layer: M1.
[WARNING PSM-0038] Unconnected shape on net VDD at (33.026um, 89.151um) - (33.040um, 89.265um), layer: M1.
[WARNING PSM-0038] Unconnected shape on net VDD at (33.026um, 89.439um) - (33.040um, 89.553um), layer: M1.
[WARNING PSM-0038] Unconnected shape on net VDD at (33.026um, 89.727um) - (33.040um, 89.841um), layer: M1.
[WARNING PSM-0038] Unconnected shape on net VDD at (33.026um, 90.015um) - (33.040um, 90.129um), layer: M1.
[WARNING PSM-0038] Unconnected shape on net VDD at (33.026um, 90.303um) - (33.040um, 90.417um), layer: M1.
[WARNING PSM-0038] Unconnected shape on net VDD at (33.026um, 90.591um) - (33.040um, 90.705um), layer: M1.
[WARNING PSM-0038] Unconnected shape on net VDD at (33.026um, 90.879um) - (33.040um, 90.993um), layer: M1.
[WARNING PSM-0038] Unconnected shape on net VDD at (33.026um, 91.167um) - (33.040um, 91.281um), layer: M1.
[WARNING PSM-0038] Unconnected shape on net VDD at (33.026um, 91.455um) - (33.040um, 91.569um), layer: M1.
[WARNING PSM-0038] Unconnected shape on net VDD at (33.026um, 91.743um) - (33.040um, 91.857um), layer: M1.
[WARNING PSM-0038] Unconnected shape on net VDD at (33.026um, 92.031um) - (33.040um, 92.145um), layer: M1.
[WARNING PSM-0038] Unconnected shape on net VDD at (33.026um, 92.319um) - (33.040um, 92.433um), layer: M1.
[WARNING PSM-0038] Unconnected shape on net VDD at (33.026um, 92.607um) - (33.040um, 92.721um), layer: M1.
[WARNING PSM-0038] Unconnected shape on net VDD at (33.026um, 92.895um) - (33.040um, 93.009um), layer: M1.
[WARNING PSM-0038] Unconnected shape on net VDD at (33.026um, 93.183um) - (33.040um, 93.297um), layer: M1.
[WARNING PSM-0038] Unconnected shape on net VDD at (33.026um, 93.471um) - (33.040um, 93.585um), layer: M1.
[WARNING PSM-0038] Unconnected shape on net VDD at (33.026um, 93.759um) - (33.040um, 93.873um), layer: M1.
[WARNING PSM-0038] Unconnected shape on net VDD at (33.026um, 94.047um) - (33.040um, 94.161um), layer: M1.
[WARNING PSM-0038] Unconnected shape on net VDD at (33.026um, 94.335um) - (33.040um, 94.449um), layer: M1.
[WARNING PSM-0038] Unconnected shape on net VDD at (33.026um, 94.623um) - (33.040um, 94.737um), layer: M1.
[WARNING PSM-0038] Unconnected shape on net VDD at (33.026um, 94.911um) - (33.040um, 95.025um), layer: M1.
[WARNING PSM-0038] Unconnected shape on net VDD at (33.026um, 95.199um) - (33.040um, 95.313um), layer: M1.
[WARNING PSM-0038] Unconnected shape on net VDD at (33.026um, 95.487um) - (33.040um, 95.601um), layer: M1.
[WARNING PSM-0038] Unconnected shape on net VDD at (33.026um, 95.775um) - (33.040um, 95.889um), layer: M1.
[WARNING PSM-0038] Unconnected shape on net VDD at (33.026um, 96.063um) - (33.040um, 96.177um), layer: M1.
[WARNING PSM-0038] Unconnected shape on net VDD at (33.026um, 96.351um) - (33.040um, 96.465um), layer: M1.
[WARNING PSM-0038] Unconnected shape on net VDD at (33.026um, 96.639um) - (33.040um, 96.753um), layer: M1.
[WARNING PSM-0038] Unconnected shape on net VDD at (33.026um, 96.927um) - (33.040um, 97.041um), layer: M1.
[WARNING PSM-0038] Unconnected shape on net VDD at (33.026um, 97.215um) - (33.040um, 97.329um), layer: M1.
[WARNING PSM-0038] Unconnected shape on net VDD at (33.026um, 97.503um) - (33.040um, 97.617um), layer: M1.
[WARNING PSM-0038] Unconnected shape on net VDD at (33.026um, 97.791um) - (33.040um, 97.905um), layer: M1.
[WARNING PSM-0038] Unconnected shape on net VDD at (33.026um, 98.079um) - (33.040um, 98.193um), layer: M1.
[WARNING PSM-0038] Unconnected shape on net VDD at (33.026um, 98.367um) - (33.040um, 98.481um), layer: M1.
[WARNING PSM-0038] Unconnected shape on net VDD at (33.026um, 98.655um) - (33.040um, 98.769um), layer: M1.
[WARNING PSM-0038] Unconnected shape on net VDD at (33.026um, 98.943um) - (33.040um, 99.057um), layer: M1.
[WARNING PSM-0038] Unconnected shape on net VDD at (33.026um, 99.231um) - (33.040um, 99.345um), layer: M1.
[WARNING PSM-0038] Unconnected shape on net VDD at (33.026um, 99.519um) - (33.040um, 99.633um), layer: M1.
[WARNING PSM-0038] Unconnected shape on net VDD at (33.026um, 99.807um) - (33.040um, 99.921um), layer: M1.
[WARNING PSM-0038] Unconnected shape on net VDD at (33.026um, 100.095um) - (33.040um, 100.209um), layer: M1.
[WARNING PSM-0038] Unconnected shape on net VDD at (33.026um, 100.383um) - (33.040um, 100.497um), layer: M1.
[WARNING PSM-0038] Unconnected shape on net VDD at (33.026um, 100.671um) - (33.040um, 100.785um), layer: M1.
[WARNING PSM-0038] Unconnected shape on net VDD at (33.026um, 100.959um) - (33.040um, 101.073um), layer: M1.
[WARNING PSM-0038] Unconnected shape on net VDD at (33.026um, 101.247um) - (33.040um, 101.361um), layer: M1.
[WARNING PSM-0038] Unconnected shape on net VDD at (33.026um, 101.535um) - (33.040um, 101.649um), layer: M1.
[WARNING PSM-0038] Unconnected shape on net VDD at (33.026um, 101.823um) - (33.040um, 101.937um), layer: M1.
[WARNING PSM-0038] Unconnected shape on net VDD at (33.026um, 102.111um) - (33.040um, 102.225um), layer: M1.
[WARNING PSM-0038] Unconnected shape on net VDD at (33.026um, 102.399um) - (33.040um, 102.513um), layer: M1.
[WARNING PSM-0038] Unconnected shape on net VDD at (33.026um, 102.687um) - (33.040um, 102.801um), layer: M1.
[WARNING PSM-0038] Unconnected shape on net VDD at (33.026um, 102.975um) - (33.040um, 103.089um), layer: M1.
[WARNING PSM-0038] Unconnected shape on net VDD at (33.026um, 103.263um) - (33.040um, 103.377um), layer: M1.
[WARNING PSM-0038] Unconnected shape on net VDD at (33.026um, 103.551um) - (33.040um, 103.665um), layer: M1.
[WARNING PSM-0038] Unconnected shape on net VDD at (33.026um, 103.839um) - (33.040um, 103.953um), layer: M1.
[WARNING PSM-0038] Unconnected shape on net VDD at (33.026um, 104.127um) - (33.040um, 104.241um), layer: M1.
[WARNING PSM-0038] Unconnected shape on net VDD at (33.026um, 104.415um) - (33.040um, 104.529um), layer: M1.
[WARNING PSM-0038] Unconnected shape on net VDD at (33.026um, 104.703um) - (33.040um, 104.817um), layer: M1.
[WARNING PSM-0038] Unconnected shape on net VDD at (33.026um, 104.991um) - (33.040um, 105.105um), layer: M1.
[WARNING PSM-0038] Unconnected shape on net VDD at (33.026um, 105.279um) - (33.040um, 105.393um), layer: M1.
[WARNING PSM-0038] Unconnected shape on net VDD at (33.026um, 105.567um) - (33.040um, 105.681um), layer: M1.
[WARNING PSM-0038] Unconnected shape on net VDD at (33.026um, 105.855um) - (33.040um, 105.969um), layer: M1.
[WARNING PSM-0038] Unconnected shape on net VDD at (33.026um, 106.143um) - (33.040um, 106.257um), layer: M1.
[WARNING PSM-0038] Unconnected shape on net VDD at (33.026um, 106.431um) - (33.040um, 106.545um), layer: M1.
[WARNING PSM-0038] Unconnected shape on net VDD at (33.026um, 106.719um) - (33.040um, 106.833um), layer: M1.
[WARNING PSM-0038] Unconnected shape on net VDD at (33.026um, 107.007um) - (33.040um, 107.121um), layer: M1.
[WARNING PSM-0038] Unconnected shape on net VDD at (33.026um, 107.295um) - (33.040um, 107.409um), layer: M1.
[WARNING PSM-0038] Unconnected shape on net VDD at (33.026um, 107.583um) - (33.040um, 107.697um), layer: M1.
[WARNING PSM-0038] Unconnected shape on net VDD at (33.026um, 107.871um) - (33.040um, 107.985um), layer: M1.
[WARNING PSM-0038] Unconnected shape on net VDD at (33.026um, 108.159um) - (33.040um, 108.273um), layer: M1.
[WARNING PSM-0038] Unconnected shape on net VDD at (33.026um, 108.447um) - (33.040um, 108.561um), layer: M1.
[WARNING PSM-0038] Unconnected shape on net VDD at (33.026um, 108.735um) - (33.040um, 108.849um), layer: M1.
[WARNING PSM-0038] Unconnected shape on net VDD at (33.026um, 109.023um) - (33.040um, 109.137um), layer: M1.
[WARNING PSM-0038] Unconnected shape on net VDD at (33.026um, 109.311um) - (33.040um, 109.425um), layer: M1.
[WARNING PSM-0038] Unconnected shape on net VDD at (33.026um, 109.599um) - (33.040um, 109.713um), layer: M1.
[WARNING PSM-0038] Unconnected shape on net VDD at (33.026um, 109.887um) - (33.040um, 110.001um), layer: M1.
[WARNING PSM-0038] Unconnected shape on net VDD at (33.026um, 110.175um) - (33.040um, 110.289um), layer: M1.
[WARNING PSM-0038] Unconnected shape on net VDD at (33.026um, 110.463um) - (33.040um, 110.577um), layer: M1.
[WARNING PSM-0038] Unconnected shape on net VDD at (33.026um, 110.751um) - (33.040um, 110.865um), layer: M1.
[WARNING PSM-0038] Unconnected shape on net VDD at (33.026um, 111.039um) - (33.040um, 111.153um), layer: M1.
[WARNING PSM-0038] Unconnected shape on net VDD at (33.026um, 111.327um) - (33.040um, 111.441um), layer: M1.
[WARNING PSM-0038] Unconnected shape on net VDD at (33.026um, 111.615um) - (33.040um, 111.729um), layer: M1.
[WARNING PSM-0038] Unconnected shape on net VDD at (33.026um, 111.903um) - (33.040um, 112.017um), layer: M1.
[WARNING PSM-0038] Unconnected shape on net VDD at (33.026um, 112.191um) - (33.040um, 112.305um), layer: M1.
[WARNING PSM-0038] Unconnected shape on net VDD at (33.026um, 112.479um) - (33.040um, 112.593um), layer: M1.
[WARNING PSM-0038] Unconnected shape on net VDD at (33.026um, 112.767um) - (33.040um, 112.881um), layer: M1.
[WARNING PSM-0038] Unconnected shape on net VDD at (33.026um, 113.055um) - (33.040um, 113.169um), layer: M1.
[WARNING PSM-0038] Unconnected shape on net VDD at (33.026um, 113.343um) - (33.040um, 113.457um), layer: M1.
[WARNING PSM-0038] Unconnected shape on net VDD at (33.026um, 113.631um) - (33.040um, 113.745um), layer: M1.
[WARNING PSM-0038] Unconnected shape on net VDD at (33.026um, 113.919um) - (33.040um, 114.033um), layer: M1.
[WARNING PSM-0038] Unconnected shape on net VDD at (33.026um, 114.207um) - (33.040um, 114.321um), layer: M1.
[WARNING PSM-0038] Unconnected shape on net VDD at (33.026um, 114.495um) - (33.040um, 114.609um), layer: M1.
[WARNING PSM-0038] Unconnected shape on net VDD at (33.026um, 114.783um) - (33.040um, 114.897um), layer: M1.
[WARNING PSM-0038] Unconnected shape on net VDD at (33.026um, 115.071um) - (33.040um, 115.185um), layer: M1.
[WARNING PSM-0038] Unconnected shape on net VDD at (33.026um, 115.359um) - (33.040um, 115.473um), layer: M1.
[WARNING PSM-0038] Unconnected shape on net VDD at (33.026um, 115.647um) - (33.040um, 115.761um), layer: M1.
[WARNING PSM-0038] Unconnected shape on net VDD at (33.026um, 115.935um) - (33.040um, 116.049um), layer: M1.
[WARNING PSM-0038] Unconnected shape on net VDD at (33.026um, 116.223um) - (33.040um, 116.337um), layer: M1.
[WARNING PSM-0038] Unconnected shape on net VDD at (33.026um, 116.511um) - (33.040um, 116.625um), layer: M1.
[WARNING PSM-0038] Unconnected shape on net VDD at (33.026um, 116.799um) - (33.040um, 116.913um), layer: M1.
[WARNING PSM-0038] Unconnected shape on net VDD at (33.026um, 117.087um) - (33.040um, 117.201um), layer: M1.
[WARNING PSM-0038] Unconnected shape on net VDD at (33.026um, 117.375um) - (33.040um, 117.489um), layer: M1.
[WARNING PSM-0038] Unconnected shape on net VDD at (33.026um, 117.663um) - (33.040um, 117.777um), layer: M1.
[WARNING PSM-0038] Unconnected shape on net VDD at (33.026um, 117.951um) - (33.040um, 118.065um), layer: M1.
[WARNING PSM-0038] Unconnected shape on net VDD at (33.026um, 118.239um) - (33.040um, 118.353um), layer: M1.
[WARNING PSM-0038] Unconnected shape on net VDD at (33.026um, 118.527um) - (33.040um, 118.641um), layer: M1.
[WARNING PSM-0038] Unconnected shape on net VDD at (33.026um, 118.815um) - (33.040um, 118.929um), layer: M1.
[WARNING PSM-0038] Unconnected shape on net VDD at (33.026um, 119.103um) - (33.040um, 119.217um), layer: M1.
[WARNING PSM-0038] Unconnected shape on net VDD at (33.026um, 119.391um) - (33.040um, 119.505um), layer: M1.
[WARNING PSM-0038] Unconnected shape on net VDD at (33.026um, 119.679um) - (33.040um, 119.793um), layer: M1.
[WARNING PSM-0038] Unconnected shape on net VDD at (33.026um, 119.967um) - (33.040um, 120.081um), layer: M1.
[WARNING PSM-0038] Unconnected shape on net VDD at (33.026um, 120.255um) - (33.040um, 120.369um), layer: M1.
[WARNING PSM-0038] Unconnected shape on net VDD at (33.026um, 120.543um) - (33.040um, 120.657um), layer: M1.
[WARNING PSM-0038] Unconnected shape on net VDD at (33.026um, 120.831um) - (33.040um, 120.945um), layer: M1.
[WARNING PSM-0038] Unconnected shape on net VDD at (33.026um, 121.119um) - (33.040um, 121.233um), layer: M1.
[WARNING PSM-0038] Unconnected shape on net VDD at (33.026um, 121.407um) - (33.040um, 121.521um), layer: M1.
[WARNING PSM-0038] Unconnected shape on net VDD at (33.026um, 121.695um) - (33.040um, 121.809um), layer: M1.
[WARNING PSM-0038] Unconnected shape on net VDD at (33.026um, 121.983um) - (33.040um, 122.097um), layer: M1.
[WARNING PSM-0038] Unconnected shape on net VDD at (33.026um, 122.271um) - (33.040um, 122.385um), layer: M1.
[WARNING PSM-0038] Unconnected shape on net VDD at (33.026um, 122.559um) - (33.040um, 122.673um), layer: M1.
[WARNING PSM-0038] Unconnected shape on net VDD at (33.026um, 122.847um) - (33.040um, 122.961um), layer: M1.
[WARNING PSM-0038] Unconnected shape on net VDD at (33.026um, 123.135um) - (33.040um, 123.249um), layer: M1.
[WARNING PSM-0038] Unconnected shape on net VDD at (33.026um, 123.423um) - (33.040um, 123.537um), layer: M1.
[WARNING PSM-0038] Unconnected shape on net VDD at (33.026um, 123.711um) - (33.040um, 123.825um), layer: M1.
[WARNING PSM-0038] Unconnected shape on net VDD at (33.026um, 123.999um) - (33.040um, 124.113um), layer: M1.
[WARNING PSM-0038] Unconnected shape on net VDD at (33.026um, 124.287um) - (33.040um, 124.401um), layer: M1.
[WARNING PSM-0038] Unconnected shape on net VDD at (33.026um, 124.575um) - (33.040um, 124.689um), layer: M1.
[WARNING PSM-0038] Unconnected shape on net VDD at (33.026um, 124.863um) - (33.040um, 124.977um), layer: M1.
[WARNING PSM-0038] Unconnected shape on net VDD at (33.026um, 125.151um) - (33.040um, 125.265um), layer: M1.
[WARNING PSM-0038] Unconnected shape on net VDD at (33.026um, 125.439um) - (33.040um, 125.553um), layer: M1.
[WARNING PSM-0038] Unconnected shape on net VDD at (33.026um, 125.727um) - (33.040um, 125.841um), layer: M1.
[WARNING PSM-0038] Unconnected shape on net VDD at (33.026um, 126.015um) - (33.040um, 126.129um), layer: M1.
[WARNING PSM-0038] Unconnected shape on net VDD at (33.026um, 126.303um) - (33.040um, 126.417um), layer: M1.
[WARNING PSM-0038] Unconnected shape on net VDD at (33.026um, 126.591um) - (33.040um, 126.705um), layer: M1.
[WARNING PSM-0038] Unconnected shape on net VDD at (33.026um, 126.879um) - (33.040um, 126.993um), layer: M1.
[WARNING PSM-0038] Unconnected shape on net VDD at (60.998um, 5.055um) - (61.012um, 5.169um), layer: M1.
[WARNING PSM-0038] Unconnected shape on net VDD at (60.998um, 5.199um) - (61.012um, 5.313um), layer: M1.
[WARNING PSM-0038] Unconnected shape on net VDD at (60.998um, 5.487um) - (61.012um, 5.601um), layer: M1.
[WARNING PSM-0038] Unconnected shape on net VDD at (60.998um, 5.775um) - (61.012um, 5.889um), layer: M1.
[WARNING PSM-0038] Unconnected shape on net VDD at (60.998um, 6.063um) - (61.012um, 6.177um), layer: M1.
[WARNING PSM-0038] Unconnected shape on net VDD at (60.998um, 6.351um) - (61.012um, 6.465um), layer: M1.
[WARNING PSM-0038] Unconnected shape on net VDD at (60.998um, 6.639um) - (61.012um, 6.753um), layer: M1.
[WARNING PSM-0038] Unconnected shape on net VDD at (60.998um, 6.927um) - (61.012um, 7.041um), layer: M1.
[WARNING PSM-0038] Unconnected shape on net VDD at (60.998um, 7.215um) - (61.012um, 7.329um), layer: M1.
[WARNING PSM-0038] Unconnected shape on net VDD at (60.998um, 7.503um) - (61.012um, 7.617um), layer: M1.
[WARNING PSM-0038] Unconnected shape on net VDD at (60.998um, 7.791um) - (61.012um, 7.905um), layer: M1.
[WARNING PSM-0038] Unconnected shape on net VDD at (60.998um, 8.079um) - (61.012um, 8.193um), layer: M1.
[WARNING PSM-0038] Unconnected shape on net VDD at (60.998um, 8.367um) - (61.012um, 8.481um), layer: M1.
[WARNING PSM-0038] Unconnected shape on net VDD at (60.998um, 8.655um) - (61.012um, 8.769um), layer: M1.
[WARNING PSM-0038] Unconnected shape on net VDD at (60.998um, 8.943um) - (61.012um, 9.057um), layer: M1.
[WARNING PSM-0038] Unconnected shape on net VDD at (60.998um, 9.231um) - (61.012um, 9.345um), layer: M1.
[WARNING PSM-0038] Unconnected shape on net VDD at (60.998um, 9.519um) - (61.012um, 9.633um), layer: M1.
[WARNING PSM-0038] Unconnected shape on net VDD at (60.998um, 9.807um) - (61.012um, 9.921um), layer: M1.
[WARNING PSM-0038] Unconnected shape on net VDD at (60.998um, 10.095um) - (61.012um, 10.209um), layer: M1.
[WARNING PSM-0038] Unconnected shape on net VDD at (60.998um, 10.383um) - (61.012um, 10.497um), layer: M1.
[WARNING PSM-0038] Unconnected shape on net VDD at (60.998um, 10.671um) - (61.012um, 10.785um), layer: M1.
[WARNING PSM-0038] Unconnected shape on net VDD at (60.998um, 10.959um) - (61.012um, 11.073um), layer: M1.
[WARNING PSM-0038] Unconnected shape on net VDD at (60.998um, 11.247um) - (61.012um, 11.361um), layer: M1.
[WARNING PSM-0038] Unconnected shape on net VDD at (60.998um, 11.535um) - (61.012um, 11.649um), layer: M1.
[WARNING PSM-0038] Unconnected shape on net VDD at (60.998um, 11.823um) - (61.012um, 11.937um), layer: M1.
[WARNING PSM-0038] Unconnected shape on net VDD at (60.998um, 12.111um) - (61.012um, 12.225um), layer: M1.
[WARNING PSM-0038] Unconnected shape on net VDD at (60.998um, 12.399um) - (61.012um, 12.513um), layer: M1.
[WARNING PSM-0038] Unconnected shape on net VDD at (60.998um, 12.687um) - (61.012um, 12.801um), layer: M1.
[WARNING PSM-0038] Unconnected shape on net VDD at (60.998um, 12.975um) - (61.012um, 13.089um), layer: M1.
[WARNING PSM-0038] Unconnected shape on net VDD at (60.998um, 13.263um) - (61.012um, 13.377um), layer: M1.
[WARNING PSM-0038] Unconnected shape on net VDD at (60.998um, 13.551um) - (61.012um, 13.665um), layer: M1.
[WARNING PSM-0038] Unconnected shape on net VDD at (60.998um, 13.839um) - (61.012um, 13.953um), layer: M1.
[WARNING PSM-0038] Unconnected shape on net VDD at (60.998um, 14.127um) - (61.012um, 14.241um), layer: M1.
[WARNING PSM-0038] Unconnected shape on net VDD at (60.998um, 14.415um) - (61.012um, 14.529um), layer: M1.
[WARNING PSM-0038] Unconnected shape on net VDD at (60.998um, 14.703um) - (61.012um, 14.817um), layer: M1.
[WARNING PSM-0038] Unconnected shape on net VDD at (60.998um, 14.991um) - (61.012um, 15.105um), layer: M1.
[WARNING PSM-0038] Unconnected shape on net VDD at (60.998um, 15.279um) - (61.012um, 15.393um), layer: M1.
[WARNING PSM-0038] Unconnected shape on net VDD at (60.998um, 15.567um) - (61.012um, 15.681um), layer: M1.
[WARNING PSM-0038] Unconnected shape on net VDD at (60.998um, 15.855um) - (61.012um, 15.969um), layer: M1.
[WARNING PSM-0038] Unconnected shape on net VDD at (60.998um, 16.143um) - (61.012um, 16.257um), layer: M1.
[WARNING PSM-0038] Unconnected shape on net VDD at (60.998um, 16.431um) - (61.012um, 16.545um), layer: M1.
[WARNING PSM-0038] Unconnected shape on net VDD at (60.998um, 16.719um) - (61.012um, 16.833um), layer: M1.
[WARNING PSM-0038] Unconnected shape on net VDD at (60.998um, 17.007um) - (61.012um, 17.121um), layer: M1.
[WARNING PSM-0038] Unconnected shape on net VDD at (60.998um, 17.295um) - (61.012um, 17.409um), layer: M1.
[WARNING PSM-0038] Unconnected shape on net VDD at (60.998um, 17.583um) - (61.012um, 17.697um), layer: M1.
[WARNING PSM-0038] Unconnected shape on net VDD at (60.998um, 17.871um) - (61.012um, 17.985um), layer: M1.
[WARNING PSM-0038] Unconnected shape on net VDD at (60.998um, 18.159um) - (61.012um, 18.273um), layer: M1.
[WARNING PSM-0038] Unconnected shape on net VDD at (60.998um, 18.447um) - (61.012um, 18.561um), layer: M1.
[WARNING PSM-0038] Unconnected shape on net VDD at (60.998um, 18.735um) - (61.012um, 18.849um), layer: M1.
[WARNING PSM-0038] Unconnected shape on net VDD at (60.998um, 19.023um) - (61.012um, 19.137um), layer: M1.
[WARNING PSM-0038] Unconnected shape on net VDD at (60.998um, 19.311um) - (61.012um, 19.425um), layer: M1.
[WARNING PSM-0038] Unconnected shape on net VDD at (60.998um, 19.599um) - (61.012um, 19.713um), layer: M1.
[WARNING PSM-0038] Unconnected shape on net VDD at (60.998um, 19.887um) - (61.012um, 20.001um), layer: M1.
[WARNING PSM-0038] Unconnected shape on net VDD at (60.998um, 20.175um) - (61.012um, 20.289um), layer: M1.
[WARNING PSM-0038] Unconnected shape on net VDD at (60.998um, 20.463um) - (61.012um, 20.577um), layer: M1.
[WARNING PSM-0038] Unconnected shape on net VDD at (60.998um, 20.751um) - (61.012um, 20.865um), layer: M1.
[WARNING PSM-0038] Unconnected shape on net VDD at (60.998um, 21.039um) - (61.012um, 21.153um), layer: M1.
[WARNING PSM-0038] Unconnected shape on net VDD at (60.998um, 21.327um) - (61.012um, 21.441um), layer: M1.
[WARNING PSM-0038] Unconnected shape on net VDD at (60.998um, 21.615um) - (61.012um, 21.729um), layer: M1.
[WARNING PSM-0038] Unconnected shape on net VDD at (60.998um, 21.903um) - (61.012um, 22.017um), layer: M1.
[WARNING PSM-0038] Unconnected shape on net VDD at (60.998um, 22.191um) - (61.012um, 22.305um), layer: M1.
[WARNING PSM-0038] Unconnected shape on net VDD at (60.998um, 22.479um) - (61.012um, 22.593um), layer: M1.
[WARNING PSM-0038] Unconnected shape on net VDD at (60.998um, 22.767um) - (61.012um, 22.881um), layer: M1.
[WARNING PSM-0038] Unconnected shape on net VDD at (60.998um, 23.055um) - (61.012um, 23.169um), layer: M1.
[WARNING PSM-0038] Unconnected shape on net VDD at (60.998um, 23.343um) - (61.012um, 23.457um), layer: M1.
[WARNING PSM-0038] Unconnected shape on net VDD at (60.998um, 23.631um) - (61.012um, 23.745um), layer: M1.
[WARNING PSM-0038] Unconnected shape on net VDD at (60.998um, 23.919um) - (61.012um, 24.033um), layer: M1.
[WARNING PSM-0038] Unconnected shape on net VDD at (60.998um, 24.207um) - (61.012um, 24.321um), layer: M1.
[WARNING PSM-0038] Unconnected shape on net VDD at (60.998um, 24.495um) - (61.012um, 24.609um), layer: M1.
[WARNING PSM-0038] Unconnected shape on net VDD at (60.998um, 24.783um) - (61.012um, 24.897um), layer: M1.
[WARNING PSM-0038] Unconnected shape on net VDD at (60.998um, 25.071um) - (61.012um, 25.185um), layer: M1.
[WARNING PSM-0038] Unconnected shape on net VDD at (60.998um, 25.359um) - (61.012um, 25.473um), layer: M1.
[WARNING PSM-0038] Unconnected shape on net VDD at (60.998um, 25.647um) - (61.012um, 25.761um), layer: M1.
[WARNING PSM-0038] Unconnected shape on net VDD at (60.998um, 25.935um) - (61.012um, 26.049um), layer: M1.
[WARNING PSM-0038] Unconnected shape on net VDD at (60.998um, 26.223um) - (61.012um, 26.337um), layer: M1.
[WARNING PSM-0038] Unconnected shape on net VDD at (60.998um, 26.511um) - (61.012um, 26.625um), layer: M1.
[WARNING PSM-0038] Unconnected shape on net VDD at (60.998um, 26.799um) - (61.012um, 26.913um), layer: M1.
[WARNING PSM-0038] Unconnected shape on net VDD at (60.998um, 27.087um) - (61.012um, 27.201um), layer: M1.
[WARNING PSM-0038] Unconnected shape on net VDD at (60.998um, 27.375um) - (61.012um, 27.489um), layer: M1.
[WARNING PSM-0038] Unconnected shape on net VDD at (60.998um, 27.663um) - (61.012um, 27.777um), layer: M1.
[WARNING PSM-0038] Unconnected shape on net VDD at (60.998um, 27.951um) - (61.012um, 28.065um), layer: M1.
[WARNING PSM-0038] Unconnected shape on net VDD at (60.998um, 28.239um) - (61.012um, 28.353um), layer: M1.
[WARNING PSM-0038] Unconnected shape on net VDD at (60.998um, 28.527um) - (61.012um, 28.641um), layer: M1.
[WARNING PSM-0038] Unconnected shape on net VDD at (60.998um, 28.815um) - (61.012um, 28.929um), layer: M1.
[WARNING PSM-0038] Unconnected shape on net VDD at (60.998um, 29.103um) - (61.012um, 29.217um), layer: M1.
[WARNING PSM-0038] Unconnected shape on net VDD at (60.998um, 29.391um) - (61.012um, 29.505um), layer: M1.
[WARNING PSM-0038] Unconnected shape on net VDD at (60.998um, 29.679um) - (61.012um, 29.793um), layer: M1.
[WARNING PSM-0038] Unconnected shape on net VDD at (60.998um, 29.967um) - (61.012um, 30.081um), layer: M1.
[WARNING PSM-0038] Unconnected shape on net VDD at (60.998um, 30.255um) - (61.012um, 30.369um), layer: M1.
[WARNING PSM-0038] Unconnected shape on net VDD at (60.998um, 30.543um) - (61.012um, 30.657um), layer: M1.
[WARNING PSM-0038] Unconnected shape on net VDD at (60.998um, 30.831um) - (61.012um, 30.945um), layer: M1.
[WARNING PSM-0038] Unconnected shape on net VDD at (60.998um, 31.119um) - (61.012um, 31.233um), layer: M1.
[WARNING PSM-0038] Unconnected shape on net VDD at (60.998um, 31.407um) - (61.012um, 31.521um), layer: M1.
[WARNING PSM-0038] Unconnected shape on net VDD at (60.998um, 31.695um) - (61.012um, 31.809um), layer: M1.
[WARNING PSM-0038] Unconnected shape on net VDD at (60.998um, 31.983um) - (61.012um, 32.097um), layer: M1.
[WARNING PSM-0038] Unconnected shape on net VDD at (60.998um, 32.271um) - (61.012um, 32.385um), layer: M1.
[WARNING PSM-0038] Unconnected shape on net VDD at (60.998um, 32.559um) - (61.012um, 32.673um), layer: M1.
[WARNING PSM-0038] Unconnected shape on net VDD at (60.998um, 32.847um) - (61.012um, 32.961um), layer: M1.
[WARNING PSM-0038] Unconnected shape on net VDD at (60.998um, 33.135um) - (61.012um, 33.249um), layer: M1.
[WARNING PSM-0038] Unconnected shape on net VDD at (60.998um, 33.423um) - (61.012um, 33.537um), layer: M1.
[WARNING PSM-0038] Unconnected shape on net VDD at (60.998um, 33.711um) - (61.012um, 33.825um), layer: M1.
[WARNING PSM-0038] Unconnected shape on net VDD at (60.998um, 33.999um) - (61.012um, 34.113um), layer: M1.
[WARNING PSM-0038] Unconnected shape on net VDD at (60.998um, 34.287um) - (61.012um, 34.401um), layer: M1.
[WARNING PSM-0038] Unconnected shape on net VDD at (60.998um, 34.575um) - (61.012um, 34.689um), layer: M1.
[WARNING PSM-0038] Unconnected shape on net VDD at (60.998um, 34.863um) - (61.012um, 34.977um), layer: M1.
[WARNING PSM-0038] Unconnected shape on net VDD at (60.998um, 35.151um) - (61.012um, 35.265um), layer: M1.
[WARNING PSM-0038] Unconnected shape on net VDD at (60.998um, 35.439um) - (61.012um, 35.553um), layer: M1.
[WARNING PSM-0038] Unconnected shape on net VDD at (60.998um, 35.727um) - (61.012um, 35.841um), layer: M1.
[WARNING PSM-0038] Unconnected shape on net VDD at (60.998um, 36.015um) - (61.012um, 36.129um), layer: M1.
[WARNING PSM-0038] Unconnected shape on net VDD at (60.998um, 36.303um) - (61.012um, 36.417um), layer: M1.
[WARNING PSM-0038] Unconnected shape on net VDD at (60.998um, 36.591um) - (61.012um, 36.705um), layer: M1.
[WARNING PSM-0038] Unconnected shape on net VDD at (60.998um, 36.879um) - (61.012um, 36.993um), layer: M1.
[WARNING PSM-0038] Unconnected shape on net VDD at (60.998um, 37.167um) - (61.012um, 37.281um), layer: M1.
[WARNING PSM-0038] Unconnected shape on net VDD at (60.998um, 37.455um) - (61.012um, 37.569um), layer: M1.
[WARNING PSM-0038] Unconnected shape on net VDD at (60.998um, 37.743um) - (61.012um, 37.857um), layer: M1.
[WARNING PSM-0038] Unconnected shape on net VDD at (60.998um, 38.031um) - (61.012um, 38.145um), layer: M1.
[WARNING PSM-0038] Unconnected shape on net VDD at (60.998um, 38.319um) - (61.012um, 38.433um), layer: M1.
[WARNING PSM-0038] Unconnected shape on net VDD at (60.998um, 38.607um) - (61.012um, 38.721um), layer: M1.
[WARNING PSM-0038] Unconnected shape on net VDD at (60.998um, 38.895um) - (61.012um, 39.009um), layer: M1.
[WARNING PSM-0038] Unconnected shape on net VDD at (60.998um, 39.183um) - (61.012um, 39.297um), layer: M1.
[WARNING PSM-0038] Unconnected shape on net VDD at (60.998um, 39.471um) - (61.012um, 39.585um), layer: M1.
[WARNING PSM-0038] Unconnected shape on net VDD at (60.998um, 39.759um) - (61.012um, 39.873um), layer: M1.
[WARNING PSM-0038] Unconnected shape on net VDD at (60.998um, 40.047um) - (61.012um, 40.161um), layer: M1.
[WARNING PSM-0038] Unconnected shape on net VDD at (60.998um, 40.335um) - (61.012um, 40.449um), layer: M1.
[WARNING PSM-0038] Unconnected shape on net VDD at (60.998um, 40.623um) - (61.012um, 40.737um), layer: M1.
[WARNING PSM-0038] Unconnected shape on net VDD at (60.998um, 40.911um) - (61.012um, 41.025um), layer: M1.
[WARNING PSM-0038] Unconnected shape on net VDD at (60.998um, 41.199um) - (61.012um, 41.313um), layer: M1.
[WARNING PSM-0038] Unconnected shape on net VDD at (60.998um, 41.487um) - (61.012um, 41.601um), layer: M1.
[WARNING PSM-0038] Unconnected shape on net VDD at (60.998um, 41.775um) - (61.012um, 41.889um), layer: M1.
[WARNING PSM-0038] Unconnected shape on net VDD at (60.998um, 42.063um) - (61.012um, 42.177um), layer: M1.
[WARNING PSM-0038] Unconnected shape on net VDD at (60.998um, 42.351um) - (61.012um, 42.465um), layer: M1.
[WARNING PSM-0038] Unconnected shape on net VDD at (60.998um, 42.639um) - (61.012um, 42.753um), layer: M1.
[WARNING PSM-0038] Unconnected shape on net VDD at (60.998um, 42.927um) - (61.012um, 43.041um), layer: M1.
[WARNING PSM-0038] Unconnected shape on net VDD at (60.998um, 43.215um) - (61.012um, 43.329um), layer: M1.
[WARNING PSM-0038] Unconnected shape on net VDD at (60.998um, 43.503um) - (61.012um, 43.617um), layer: M1.
[WARNING PSM-0038] Unconnected shape on net VDD at (60.998um, 43.791um) - (61.012um, 43.905um), layer: M1.
[WARNING PSM-0038] Unconnected shape on net VDD at (60.998um, 44.079um) - (61.012um, 44.193um), layer: M1.
[WARNING PSM-0038] Unconnected shape on net VDD at (60.998um, 44.367um) - (61.012um, 44.481um), layer: M1.
[WARNING PSM-0038] Unconnected shape on net VDD at (60.998um, 44.655um) - (61.012um, 44.769um), layer: M1.
[WARNING PSM-0038] Unconnected shape on net VDD at (60.998um, 44.943um) - (61.012um, 45.057um), layer: M1.
[WARNING PSM-0038] Unconnected shape on net VDD at (60.998um, 45.231um) - (61.012um, 45.345um), layer: M1.
[WARNING PSM-0038] Unconnected shape on net VDD at (60.998um, 45.519um) - (61.012um, 45.633um), layer: M1.
[WARNING PSM-0038] Unconnected shape on net VDD at (60.998um, 45.807um) - (61.012um, 45.921um), layer: M1.
[WARNING PSM-0038] Unconnected shape on net VDD at (60.998um, 46.095um) - (61.012um, 46.209um), layer: M1.
[WARNING PSM-0038] Unconnected shape on net VDD at (60.998um, 46.383um) - (61.012um, 46.497um), layer: M1.
[WARNING PSM-0038] Unconnected shape on net VDD at (60.998um, 46.671um) - (61.012um, 46.785um), layer: M1.
[WARNING PSM-0038] Unconnected shape on net VDD at (60.998um, 46.959um) - (61.012um, 47.073um), layer: M1.
[WARNING PSM-0038] Unconnected shape on net VDD at (60.998um, 47.247um) - (61.012um, 47.361um), layer: M1.
[WARNING PSM-0038] Unconnected shape on net VDD at (60.998um, 47.535um) - (61.012um, 47.649um), layer: M1.
[WARNING PSM-0038] Unconnected shape on net VDD at (60.998um, 47.823um) - (61.012um, 47.937um), layer: M1.
[WARNING PSM-0038] Unconnected shape on net VDD at (60.998um, 48.111um) - (61.012um, 48.225um), layer: M1.
[WARNING PSM-0038] Unconnected shape on net VDD at (60.998um, 48.399um) - (61.012um, 48.513um), layer: M1.
[WARNING PSM-0038] Unconnected shape on net VDD at (60.998um, 48.687um) - (61.012um, 48.801um), layer: M1.
[WARNING PSM-0038] Unconnected shape on net VDD at (60.998um, 48.975um) - (61.012um, 49.089um), layer: M1.
[WARNING PSM-0038] Unconnected shape on net VDD at (60.998um, 49.263um) - (61.012um, 49.377um), layer: M1.
[WARNING PSM-0038] Unconnected shape on net VDD at (60.998um, 49.551um) - (61.012um, 49.665um), layer: M1.
[WARNING PSM-0038] Unconnected shape on net VDD at (60.998um, 49.839um) - (61.012um, 49.953um), layer: M1.
[WARNING PSM-0038] Unconnected shape on net VDD at (60.998um, 50.127um) - (61.012um, 50.241um), layer: M1.
[WARNING PSM-0038] Unconnected shape on net VDD at (60.998um, 50.415um) - (61.012um, 50.529um), layer: M1.
[WARNING PSM-0038] Unconnected shape on net VDD at (60.998um, 50.703um) - (61.012um, 50.817um), layer: M1.
[WARNING PSM-0038] Unconnected shape on net VDD at (60.998um, 50.991um) - (61.012um, 51.105um), layer: M1.
[WARNING PSM-0038] Unconnected shape on net VDD at (60.998um, 51.279um) - (61.012um, 51.393um), layer: M1.
[WARNING PSM-0038] Unconnected shape on net VDD at (60.998um, 51.567um) - (61.012um, 51.681um), layer: M1.
[WARNING PSM-0038] Unconnected shape on net VDD at (60.998um, 51.855um) - (61.012um, 51.969um), layer: M1.
[WARNING PSM-0038] Unconnected shape on net VDD at (60.998um, 52.143um) - (61.012um, 52.257um), layer: M1.
[WARNING PSM-0038] Unconnected shape on net VDD at (60.998um, 52.431um) - (61.012um, 52.545um), layer: M1.
[WARNING PSM-0038] Unconnected shape on net VDD at (60.998um, 52.719um) - (61.012um, 52.833um), layer: M1.
[WARNING PSM-0038] Unconnected shape on net VDD at (60.998um, 53.007um) - (61.012um, 53.121um), layer: M1.
[WARNING PSM-0038] Unconnected shape on net VDD at (60.998um, 53.295um) - (61.012um, 53.409um), layer: M1.
[WARNING PSM-0038] Unconnected shape on net VDD at (60.998um, 53.583um) - (61.012um, 53.697um), layer: M1.
[WARNING PSM-0038] Unconnected shape on net VDD at (60.998um, 53.871um) - (61.012um, 53.985um), layer: M1.
[WARNING PSM-0038] Unconnected shape on net VDD at (60.998um, 54.159um) - (61.012um, 54.273um), layer: M1.
[WARNING PSM-0038] Unconnected shape on net VDD at (60.998um, 54.447um) - (61.012um, 54.561um), layer: M1.
[WARNING PSM-0038] Unconnected shape on net VDD at (60.998um, 54.735um) - (61.012um, 54.849um), layer: M1.
[WARNING PSM-0038] Unconnected shape on net VDD at (60.998um, 55.023um) - (61.012um, 55.137um), layer: M1.
[WARNING PSM-0038] Unconnected shape on net VDD at (60.998um, 55.311um) - (61.012um, 55.425um), layer: M1.
[WARNING PSM-0038] Unconnected shape on net VDD at (60.998um, 55.599um) - (61.012um, 55.713um), layer: M1.
[WARNING PSM-0038] Unconnected shape on net VDD at (60.998um, 55.887um) - (61.012um, 56.001um), layer: M1.
[WARNING PSM-0038] Unconnected shape on net VDD at (60.998um, 56.175um) - (61.012um, 56.289um), layer: M1.
[WARNING PSM-0038] Unconnected shape on net VDD at (60.998um, 56.463um) - (61.012um, 56.577um), layer: M1.
[WARNING PSM-0038] Unconnected shape on net VDD at (60.998um, 56.751um) - (61.012um, 56.865um), layer: M1.
[WARNING PSM-0038] Unconnected shape on net VDD at (60.998um, 57.039um) - (61.012um, 57.153um), layer: M1.
[WARNING PSM-0038] Unconnected shape on net VDD at (60.998um, 57.327um) - (61.012um, 57.441um), layer: M1.
[WARNING PSM-0038] Unconnected shape on net VDD at (60.998um, 57.615um) - (61.012um, 57.729um), layer: M1.
[WARNING PSM-0038] Unconnected shape on net VDD at (60.998um, 57.903um) - (61.012um, 58.017um), layer: M1.
[WARNING PSM-0038] Unconnected shape on net VDD at (60.998um, 58.191um) - (61.012um, 58.305um), layer: M1.
[WARNING PSM-0038] Unconnected shape on net VDD at (60.998um, 58.479um) - (61.012um, 58.593um), layer: M1.
[WARNING PSM-0038] Unconnected shape on net VDD at (60.998um, 58.767um) - (61.012um, 58.881um), layer: M1.
[WARNING PSM-0038] Unconnected shape on net VDD at (60.998um, 59.055um) - (61.012um, 59.169um), layer: M1.
[WARNING PSM-0038] Unconnected shape on net VDD at (60.998um, 59.343um) - (61.012um, 59.457um), layer: M1.
[WARNING PSM-0038] Unconnected shape on net VDD at (60.998um, 59.631um) - (61.012um, 59.745um), layer: M1.
[WARNING PSM-0038] Unconnected shape on net VDD at (60.998um, 59.919um) - (61.012um, 60.033um), layer: M1.
[WARNING PSM-0038] Unconnected shape on net VDD at (60.998um, 60.207um) - (61.012um, 60.321um), layer: M1.
[WARNING PSM-0038] Unconnected shape on net VDD at (60.998um, 60.495um) - (61.012um, 60.609um), layer: M1.
[WARNING PSM-0038] Unconnected shape on net VDD at (60.998um, 60.783um) - (61.012um, 60.897um), layer: M1.
[WARNING PSM-0038] Unconnected shape on net VDD at (60.998um, 61.071um) - (61.012um, 61.185um), layer: M1.
[WARNING PSM-0038] Unconnected shape on net VDD at (60.998um, 61.359um) - (61.012um, 61.473um), layer: M1.
[WARNING PSM-0038] Unconnected shape on net VDD at (60.998um, 61.647um) - (61.012um, 61.761um), layer: M1.
[WARNING PSM-0038] Unconnected shape on net VDD at (60.998um, 61.935um) - (61.012um, 62.049um), layer: M1.
[WARNING PSM-0038] Unconnected shape on net VDD at (60.998um, 62.223um) - (61.012um, 62.337um), layer: M1.
[WARNING PSM-0038] Unconnected shape on net VDD at (60.998um, 62.511um) - (61.012um, 62.625um), layer: M1.
[WARNING PSM-0038] Unconnected shape on net VDD at (60.998um, 62.799um) - (61.012um, 62.913um), layer: M1.
[WARNING PSM-0038] Unconnected shape on net VDD at (60.998um, 63.087um) - (61.012um, 63.201um), layer: M1.
[WARNING PSM-0038] Unconnected shape on net VDD at (60.998um, 63.375um) - (61.012um, 63.489um), layer: M1.
[WARNING PSM-0038] Unconnected shape on net VDD at (60.998um, 63.663um) - (61.012um, 63.777um), layer: M1.
[WARNING PSM-0038] Unconnected shape on net VDD at (60.998um, 63.951um) - (61.012um, 64.065um), layer: M1.
[WARNING PSM-0038] Unconnected shape on net VDD at (60.998um, 64.239um) - (61.012um, 64.353um), layer: M1.
[WARNING PSM-0038] Unconnected shape on net VDD at (60.998um, 64.527um) - (61.012um, 64.641um), layer: M1.
[WARNING PSM-0038] Unconnected shape on net VDD at (60.998um, 64.815um) - (61.012um, 64.929um), layer: M1.
[WARNING PSM-0038] Unconnected shape on net VDD at (60.998um, 65.103um) - (61.012um, 65.217um), layer: M1.
[WARNING PSM-0038] Unconnected shape on net VDD at (60.998um, 65.391um) - (61.012um, 65.505um), layer: M1.
[WARNING PSM-0038] Unconnected shape on net VDD at (60.998um, 65.679um) - (61.012um, 65.793um), layer: M1.
[WARNING PSM-0038] Unconnected shape on net VDD at (60.998um, 65.967um) - (61.012um, 66.081um), layer: M1.
[WARNING PSM-0038] Unconnected shape on net VDD at (60.998um, 66.255um) - (61.012um, 66.369um), layer: M1.
[WARNING PSM-0038] Unconnected shape on net VDD at (60.998um, 66.543um) - (61.012um, 66.657um), layer: M1.
[WARNING PSM-0038] Unconnected shape on net VDD at (60.998um, 66.831um) - (61.012um, 66.945um), layer: M1.
[WARNING PSM-0038] Unconnected shape on net VDD at (60.998um, 67.119um) - (61.012um, 67.233um), layer: M1.
[WARNING PSM-0038] Unconnected shape on net VDD at (60.998um, 67.407um) - (61.012um, 67.521um), layer: M1.
[WARNING PSM-0038] Unconnected shape on net VDD at (60.998um, 67.695um) - (61.012um, 67.809um), layer: M1.
[WARNING PSM-0038] Unconnected shape on net VDD at (60.998um, 67.983um) - (61.012um, 68.097um), layer: M1.
[WARNING PSM-0038] Unconnected shape on net VDD at (60.998um, 68.271um) - (61.012um, 68.385um), layer: M1.
[WARNING PSM-0038] Unconnected shape on net VDD at (60.998um, 68.559um) - (61.012um, 68.673um), layer: M1.
[WARNING PSM-0038] Unconnected shape on net VDD at (60.998um, 68.847um) - (61.012um, 68.961um), layer: M1.
[WARNING PSM-0038] Unconnected shape on net VDD at (60.998um, 69.135um) - (61.012um, 69.249um), layer: M1.
[WARNING PSM-0038] Unconnected shape on net VDD at (60.998um, 69.423um) - (61.012um, 69.537um), layer: M1.
[WARNING PSM-0038] Unconnected shape on net VDD at (60.998um, 69.711um) - (61.012um, 69.825um), layer: M1.
[WARNING PSM-0038] Unconnected shape on net VDD at (60.998um, 69.999um) - (61.012um, 70.113um), layer: M1.
[WARNING PSM-0038] Unconnected shape on net VDD at (60.998um, 70.287um) - (61.012um, 70.401um), layer: M1.
[WARNING PSM-0038] Unconnected shape on net VDD at (60.998um, 70.575um) - (61.012um, 70.689um), layer: M1.
[WARNING PSM-0038] Unconnected shape on net VDD at (60.998um, 70.863um) - (61.012um, 70.977um), layer: M1.
[WARNING PSM-0038] Unconnected shape on net VDD at (60.998um, 71.151um) - (61.012um, 71.265um), layer: M1.
[WARNING PSM-0038] Unconnected shape on net VDD at (60.998um, 71.439um) - (61.012um, 71.553um), layer: M1.
[WARNING PSM-0038] Unconnected shape on net VDD at (60.998um, 71.727um) - (61.012um, 71.841um), layer: M1.
[WARNING PSM-0038] Unconnected shape on net VDD at (60.998um, 72.015um) - (61.012um, 72.129um), layer: M1.
[WARNING PSM-0038] Unconnected shape on net VDD at (60.998um, 72.303um) - (61.012um, 72.417um), layer: M1.
[WARNING PSM-0038] Unconnected shape on net VDD at (60.998um, 72.591um) - (61.012um, 72.705um), layer: M1.
[WARNING PSM-0038] Unconnected shape on net VDD at (60.998um, 72.879um) - (61.012um, 72.993um), layer: M1.
[WARNING PSM-0038] Unconnected shape on net VDD at (60.998um, 73.167um) - (61.012um, 73.281um), layer: M1.
[WARNING PSM-0038] Unconnected shape on net VDD at (60.998um, 73.455um) - (61.012um, 73.569um), layer: M1.
[WARNING PSM-0038] Unconnected shape on net VDD at (60.998um, 73.743um) - (61.012um, 73.857um), layer: M1.
[WARNING PSM-0038] Unconnected shape on net VDD at (60.998um, 74.031um) - (61.012um, 74.145um), layer: M1.
[WARNING PSM-0038] Unconnected shape on net VDD at (60.998um, 74.319um) - (61.012um, 74.433um), layer: M1.
[WARNING PSM-0038] Unconnected shape on net VDD at (60.998um, 74.607um) - (61.012um, 74.721um), layer: M1.
[WARNING PSM-0038] Unconnected shape on net VDD at (60.998um, 74.895um) - (61.012um, 75.009um), layer: M1.
[WARNING PSM-0038] Unconnected shape on net VDD at (60.998um, 75.183um) - (61.012um, 75.297um), layer: M1.
[WARNING PSM-0038] Unconnected shape on net VDD at (60.998um, 75.471um) - (61.012um, 75.585um), layer: M1.
[WARNING PSM-0038] Unconnected shape on net VDD at (60.998um, 75.759um) - (61.012um, 75.873um), layer: M1.
[WARNING PSM-0038] Unconnected shape on net VDD at (60.998um, 76.047um) - (61.012um, 76.161um), layer: M1.
[WARNING PSM-0038] Unconnected shape on net VDD at (60.998um, 76.335um) - (61.012um, 76.449um), layer: M1.
[WARNING PSM-0038] Unconnected shape on net VDD at (60.998um, 76.623um) - (61.012um, 76.737um), layer: M1.
[WARNING PSM-0038] Unconnected shape on net VDD at (60.998um, 76.911um) - (61.012um, 77.025um), layer: M1.
[WARNING PSM-0038] Unconnected shape on net VDD at (60.998um, 77.199um) - (61.012um, 77.313um), layer: M1.
[WARNING PSM-0038] Unconnected shape on net VDD at (60.998um, 77.487um) - (61.012um, 77.601um), layer: M1.
[WARNING PSM-0038] Unconnected shape on net VDD at (60.998um, 77.775um) - (61.012um, 77.889um), layer: M1.
[WARNING PSM-0038] Unconnected shape on net VDD at (60.998um, 78.063um) - (61.012um, 78.177um), layer: M1.
[WARNING PSM-0038] Unconnected shape on net VDD at (60.998um, 78.351um) - (61.012um, 78.465um), layer: M1.
[WARNING PSM-0038] Unconnected shape on net VDD at (60.998um, 78.639um) - (61.012um, 78.753um), layer: M1.
[WARNING PSM-0038] Unconnected shape on net VDD at (60.998um, 78.927um) - (61.012um, 79.041um), layer: M1.
[WARNING PSM-0038] Unconnected shape on net VDD at (60.998um, 79.215um) - (61.012um, 79.329um), layer: M1.
[WARNING PSM-0038] Unconnected shape on net VDD at (60.998um, 79.503um) - (61.012um, 79.617um), layer: M1.
[WARNING PSM-0038] Unconnected shape on net VDD at (60.998um, 79.791um) - (61.012um, 79.905um), layer: M1.
[WARNING PSM-0038] Unconnected shape on net VDD at (60.998um, 80.079um) - (61.012um, 80.193um), layer: M1.
[WARNING PSM-0038] Unconnected shape on net VDD at (60.998um, 80.367um) - (61.012um, 80.481um), layer: M1.
[WARNING PSM-0038] Unconnected shape on net VDD at (60.998um, 80.655um) - (61.012um, 80.769um), layer: M1.
[WARNING PSM-0038] Unconnected shape on net VDD at (60.998um, 80.943um) - (61.012um, 81.057um), layer: M1.
[WARNING PSM-0038] Unconnected shape on net VDD at (60.998um, 81.231um) - (61.012um, 81.345um), layer: M1.
[WARNING PSM-0038] Unconnected shape on net VDD at (60.998um, 81.519um) - (61.012um, 81.633um), layer: M1.
[WARNING PSM-0038] Unconnected shape on net VDD at (60.998um, 81.807um) - (61.012um, 81.921um), layer: M1.
[WARNING PSM-0038] Unconnected shape on net VDD at (60.998um, 82.095um) - (61.012um, 82.209um), layer: M1.
[WARNING PSM-0038] Unconnected shape on net VDD at (60.998um, 82.383um) - (61.012um, 82.497um), layer: M1.
[WARNING PSM-0038] Unconnected shape on net VDD at (60.998um, 82.671um) - (61.012um, 82.785um), layer: M1.
[WARNING PSM-0038] Unconnected shape on net VDD at (60.998um, 82.959um) - (61.012um, 83.073um), layer: M1.
[WARNING PSM-0038] Unconnected shape on net VDD at (60.998um, 83.247um) - (61.012um, 83.361um), layer: M1.
[WARNING PSM-0038] Unconnected shape on net VDD at (60.998um, 83.535um) - (61.012um, 83.649um), layer: M1.
[WARNING PSM-0038] Unconnected shape on net VDD at (60.998um, 83.823um) - (61.012um, 83.937um), layer: M1.
[WARNING PSM-0038] Unconnected shape on net VDD at (60.998um, 84.111um) - (61.012um, 84.225um), layer: M1.
[WARNING PSM-0038] Unconnected shape on net VDD at (60.998um, 84.399um) - (61.012um, 84.513um), layer: M1.
[WARNING PSM-0038] Unconnected shape on net VDD at (60.998um, 84.687um) - (61.012um, 84.801um), layer: M1.
[WARNING PSM-0038] Unconnected shape on net VDD at (60.998um, 84.975um) - (61.012um, 85.089um), layer: M1.
[WARNING PSM-0038] Unconnected shape on net VDD at (60.998um, 85.263um) - (61.012um, 85.377um), layer: M1.
[WARNING PSM-0038] Unconnected shape on net VDD at (60.998um, 85.551um) - (61.012um, 85.665um), layer: M1.
[WARNING PSM-0038] Unconnected shape on net VDD at (60.998um, 85.839um) - (61.012um, 85.953um), layer: M1.
[WARNING PSM-0038] Unconnected shape on net VDD at (60.998um, 86.127um) - (61.012um, 86.241um), layer: M1.
[WARNING PSM-0038] Unconnected shape on net VDD at (60.998um, 86.415um) - (61.012um, 86.529um), layer: M1.
[WARNING PSM-0038] Unconnected shape on net VDD at (60.998um, 86.703um) - (61.012um, 86.817um), layer: M1.
[WARNING PSM-0038] Unconnected shape on net VDD at (60.998um, 86.991um) - (61.012um, 87.105um), layer: M1.
[WARNING PSM-0038] Unconnected shape on net VDD at (60.998um, 87.279um) - (61.012um, 87.393um), layer: M1.
[WARNING PSM-0038] Unconnected shape on net VDD at (60.998um, 87.567um) - (61.012um, 87.681um), layer: M1.
[WARNING PSM-0038] Unconnected shape on net VDD at (60.998um, 87.855um) - (61.012um, 87.969um), layer: M1.
[WARNING PSM-0038] Unconnected shape on net VDD at (60.998um, 88.143um) - (61.012um, 88.257um), layer: M1.
[WARNING PSM-0038] Unconnected shape on net VDD at (60.998um, 88.431um) - (61.012um, 88.545um), layer: M1.
[WARNING PSM-0038] Unconnected shape on net VDD at (60.998um, 88.719um) - (61.012um, 88.833um), layer: M1.
[WARNING PSM-0038] Unconnected shape on net VDD at (60.998um, 89.007um) - (61.012um, 89.121um), layer: M1.
[WARNING PSM-0038] Unconnected shape on net VDD at (60.998um, 89.295um) - (61.012um, 89.409um), layer: M1.
[WARNING PSM-0038] Unconnected shape on net VDD at (60.998um, 89.583um) - (61.012um, 89.697um), layer: M1.
[WARNING PSM-0038] Unconnected shape on net VDD at (60.998um, 89.871um) - (61.012um, 89.985um), layer: M1.
[WARNING PSM-0038] Unconnected shape on net VDD at (60.998um, 90.159um) - (61.012um, 90.273um), layer: M1.
[WARNING PSM-0038] Unconnected shape on net VDD at (60.998um, 90.447um) - (61.012um, 90.561um), layer: M1.
[WARNING PSM-0038] Unconnected shape on net VDD at (60.998um, 90.735um) - (61.012um, 90.849um), layer: M1.
[WARNING PSM-0038] Unconnected shape on net VDD at (60.998um, 91.023um) - (61.012um, 91.137um), layer: M1.
[WARNING PSM-0038] Unconnected shape on net VDD at (60.998um, 91.311um) - (61.012um, 91.425um), layer: M1.
[WARNING PSM-0038] Unconnected shape on net VDD at (60.998um, 91.599um) - (61.012um, 91.713um), layer: M1.
[WARNING PSM-0038] Unconnected shape on net VDD at (60.998um, 91.887um) - (61.012um, 92.001um), layer: M1.
[WARNING PSM-0038] Unconnected shape on net VDD at (60.998um, 92.175um) - (61.012um, 92.289um), layer: M1.
[WARNING PSM-0038] Unconnected shape on net VDD at (60.998um, 92.463um) - (61.012um, 92.577um), layer: M1.
[WARNING PSM-0038] Unconnected shape on net VDD at (60.998um, 92.751um) - (61.012um, 92.865um), layer: M1.
[WARNING PSM-0038] Unconnected shape on net VDD at (60.998um, 93.039um) - (61.012um, 93.153um), layer: M1.
[WARNING PSM-0038] Unconnected shape on net VDD at (60.998um, 93.327um) - (61.012um, 93.441um), layer: M1.
[WARNING PSM-0038] Unconnected shape on net VDD at (60.998um, 93.615um) - (61.012um, 93.729um), layer: M1.
[WARNING PSM-0038] Unconnected shape on net VDD at (60.998um, 93.903um) - (61.012um, 94.017um), layer: M1.
[WARNING PSM-0038] Unconnected shape on net VDD at (60.998um, 94.191um) - (61.012um, 94.305um), layer: M1.
[WARNING PSM-0038] Unconnected shape on net VDD at (60.998um, 94.479um) - (61.012um, 94.593um), layer: M1.
[WARNING PSM-0038] Unconnected shape on net VDD at (60.998um, 94.767um) - (61.012um, 94.881um), layer: M1.
[WARNING PSM-0038] Unconnected shape on net VDD at (60.998um, 95.055um) - (61.012um, 95.169um), layer: M1.
[WARNING PSM-0038] Unconnected shape on net VDD at (60.998um, 95.343um) - (61.012um, 95.457um), layer: M1.
[WARNING PSM-0038] Unconnected shape on net VDD at (60.998um, 95.631um) - (61.012um, 95.745um), layer: M1.
[WARNING PSM-0038] Unconnected shape on net VDD at (60.998um, 95.919um) - (61.012um, 96.033um), layer: M1.
[WARNING PSM-0038] Unconnected shape on net VDD at (60.998um, 96.207um) - (61.012um, 96.321um), layer: M1.
[WARNING PSM-0038] Unconnected shape on net VDD at (60.998um, 96.495um) - (61.012um, 96.609um), layer: M1.
[WARNING PSM-0038] Unconnected shape on net VDD at (60.998um, 96.783um) - (61.012um, 96.897um), layer: M1.
[WARNING PSM-0038] Unconnected shape on net VDD at (60.998um, 97.071um) - (61.012um, 97.185um), layer: M1.
[WARNING PSM-0038] Unconnected shape on net VDD at (60.998um, 97.359um) - (61.012um, 97.473um), layer: M1.
[WARNING PSM-0038] Unconnected shape on net VDD at (60.998um, 97.647um) - (61.012um, 97.761um), layer: M1.
[WARNING PSM-0038] Unconnected shape on net VDD at (60.998um, 97.935um) - (61.012um, 98.049um), layer: M1.
[WARNING PSM-0038] Unconnected shape on net VDD at (60.998um, 98.223um) - (61.012um, 98.337um), layer: M1.
[WARNING PSM-0038] Unconnected shape on net VDD at (60.998um, 98.511um) - (61.012um, 98.625um), layer: M1.
[WARNING PSM-0038] Unconnected shape on net VDD at (60.998um, 98.799um) - (61.012um, 98.913um), layer: M1.
[WARNING PSM-0038] Unconnected shape on net VDD at (60.998um, 99.087um) - (61.012um, 99.201um), layer: M1.
[WARNING PSM-0038] Unconnected shape on net VDD at (60.998um, 99.375um) - (61.012um, 99.489um), layer: M1.
[WARNING PSM-0038] Unconnected shape on net VDD at (60.998um, 99.663um) - (61.012um, 99.777um), layer: M1.
[WARNING PSM-0038] Unconnected shape on net VDD at (60.998um, 99.951um) - (61.012um, 100.065um), layer: M1.
[WARNING PSM-0038] Unconnected shape on net VDD at (60.998um, 100.239um) - (61.012um, 100.353um), layer: M1.
[WARNING PSM-0038] Unconnected shape on net VDD at (60.998um, 100.527um) - (61.012um, 100.641um), layer: M1.
[WARNING PSM-0038] Unconnected shape on net VDD at (60.998um, 100.815um) - (61.012um, 100.929um), layer: M1.
[WARNING PSM-0038] Unconnected shape on net VDD at (60.998um, 101.103um) - (61.012um, 101.217um), layer: M1.
[WARNING PSM-0038] Unconnected shape on net VDD at (60.998um, 101.391um) - (61.012um, 101.505um), layer: M1.
[WARNING PSM-0038] Unconnected shape on net VDD at (60.998um, 101.679um) - (61.012um, 101.793um), layer: M1.
[WARNING PSM-0038] Unconnected shape on net VDD at (60.998um, 101.967um) - (61.012um, 102.081um), layer: M1.
[WARNING PSM-0038] Unconnected shape on net VDD at (60.998um, 102.255um) - (61.012um, 102.369um), layer: M1.
[WARNING PSM-0038] Unconnected shape on net VDD at (60.998um, 102.543um) - (61.012um, 102.657um), layer: M1.
[WARNING PSM-0038] Unconnected shape on net VDD at (60.998um, 102.831um) - (61.012um, 102.945um), layer: M1.
[WARNING PSM-0038] Unconnected shape on net VDD at (60.998um, 103.119um) - (61.012um, 103.233um), layer: M1.
[WARNING PSM-0038] Unconnected shape on net VDD at (60.998um, 103.407um) - (61.012um, 103.521um), layer: M1.
[WARNING PSM-0038] Unconnected shape on net VDD at (60.998um, 103.695um) - (61.012um, 103.809um), layer: M1.
[WARNING PSM-0038] Unconnected shape on net VDD at (60.998um, 103.983um) - (61.012um, 104.097um), layer: M1.
[WARNING PSM-0038] Unconnected shape on net VDD at (60.998um, 104.271um) - (61.012um, 104.385um), layer: M1.
[WARNING PSM-0038] Unconnected shape on net VDD at (60.998um, 104.559um) - (61.012um, 104.673um), layer: M1.
[WARNING PSM-0038] Unconnected shape on net VDD at (60.998um, 104.847um) - (61.012um, 104.961um), layer: M1.
[WARNING PSM-0038] Unconnected shape on net VDD at (60.998um, 105.135um) - (61.012um, 105.249um), layer: M1.
[WARNING PSM-0038] Unconnected shape on net VDD at (60.998um, 105.423um) - (61.012um, 105.537um), layer: M1.
[WARNING PSM-0038] Unconnected shape on net VDD at (60.998um, 105.711um) - (61.012um, 105.825um), layer: M1.
[WARNING PSM-0038] Unconnected shape on net VDD at (60.998um, 105.999um) - (61.012um, 106.113um), layer: M1.
[WARNING PSM-0038] Unconnected shape on net VDD at (60.998um, 106.287um) - (61.012um, 106.401um), layer: M1.
[WARNING PSM-0038] Unconnected shape on net VDD at (60.998um, 106.575um) - (61.012um, 106.689um), layer: M1.
[WARNING PSM-0038] Unconnected shape on net VDD at (60.998um, 106.863um) - (61.012um, 106.977um), layer: M1.
[WARNING PSM-0038] Unconnected shape on net VDD at (60.998um, 107.151um) - (61.012um, 107.265um), layer: M1.
[WARNING PSM-0038] Unconnected shape on net VDD at (60.998um, 107.439um) - (61.012um, 107.553um), layer: M1.
[WARNING PSM-0038] Unconnected shape on net VDD at (60.998um, 107.727um) - (61.012um, 107.841um), layer: M1.
[WARNING PSM-0038] Unconnected shape on net VDD at (60.998um, 108.015um) - (61.012um, 108.129um), layer: M1.
[WARNING PSM-0038] Unconnected shape on net VDD at (60.998um, 108.303um) - (61.012um, 108.417um), layer: M1.
[WARNING PSM-0038] Unconnected shape on net VDD at (60.998um, 108.591um) - (61.012um, 108.705um), layer: M1.
[WARNING PSM-0038] Unconnected shape on net VDD at (60.998um, 108.879um) - (61.012um, 108.993um), layer: M1.
[WARNING PSM-0038] Unconnected shape on net VDD at (60.998um, 109.167um) - (61.012um, 109.281um), layer: M1.
[WARNING PSM-0038] Unconnected shape on net VDD at (60.998um, 109.455um) - (61.012um, 109.569um), layer: M1.
[WARNING PSM-0038] Unconnected shape on net VDD at (60.998um, 109.743um) - (61.012um, 109.857um), layer: M1.
[WARNING PSM-0038] Unconnected shape on net VDD at (60.998um, 110.031um) - (61.012um, 110.145um), layer: M1.
[WARNING PSM-0038] Unconnected shape on net VDD at (60.998um, 110.319um) - (61.012um, 110.433um), layer: M1.
[WARNING PSM-0038] Unconnected shape on net VDD at (60.998um, 110.607um) - (61.012um, 110.721um), layer: M1.
[WARNING PSM-0038] Unconnected shape on net VDD at (60.998um, 110.895um) - (61.012um, 111.009um), layer: M1.
[WARNING PSM-0038] Unconnected shape on net VDD at (60.998um, 111.183um) - (61.012um, 111.297um), layer: M1.
[WARNING PSM-0038] Unconnected shape on net VDD at (60.998um, 111.471um) - (61.012um, 111.585um), layer: M1.
[WARNING PSM-0038] Unconnected shape on net VDD at (60.998um, 111.759um) - (61.012um, 111.873um), layer: M1.
[WARNING PSM-0038] Unconnected shape on net VDD at (60.998um, 112.047um) - (61.012um, 112.161um), layer: M1.
[WARNING PSM-0038] Unconnected shape on net VDD at (60.998um, 112.335um) - (61.012um, 112.449um), layer: M1.
[WARNING PSM-0038] Unconnected shape on net VDD at (60.998um, 112.623um) - (61.012um, 112.737um), layer: M1.
[WARNING PSM-0038] Unconnected shape on net VDD at (60.998um, 112.911um) - (61.012um, 113.025um), layer: M1.
[WARNING PSM-0038] Unconnected shape on net VDD at (60.998um, 113.199um) - (61.012um, 113.313um), layer: M1.
[WARNING PSM-0038] Unconnected shape on net VDD at (60.998um, 113.487um) - (61.012um, 113.601um), layer: M1.
[WARNING PSM-0038] Unconnected shape on net VDD at (60.998um, 113.775um) - (61.012um, 113.889um), layer: M1.
[WARNING PSM-0038] Unconnected shape on net VDD at (60.998um, 114.063um) - (61.012um, 114.177um), layer: M1.
[WARNING PSM-0038] Unconnected shape on net VDD at (60.998um, 114.351um) - (61.012um, 114.465um), layer: M1.
[WARNING PSM-0038] Unconnected shape on net VDD at (60.998um, 114.639um) - (61.012um, 114.753um), layer: M1.
[WARNING PSM-0038] Unconnected shape on net VDD at (60.998um, 114.927um) - (61.012um, 115.041um), layer: M1.
[WARNING PSM-0038] Unconnected shape on net VDD at (60.998um, 115.215um) - (61.012um, 115.329um), layer: M1.
[WARNING PSM-0038] Unconnected shape on net VDD at (60.998um, 115.503um) - (61.012um, 115.617um), layer: M1.
[WARNING PSM-0038] Unconnected shape on net VDD at (60.998um, 115.791um) - (61.012um, 115.905um), layer: M1.
[WARNING PSM-0038] Unconnected shape on net VDD at (60.998um, 116.079um) - (61.012um, 116.193um), layer: M1.
[WARNING PSM-0038] Unconnected shape on net VDD at (60.998um, 116.367um) - (61.012um, 116.481um), layer: M1.
[WARNING PSM-0038] Unconnected shape on net VDD at (60.998um, 116.655um) - (61.012um, 116.769um), layer: M1.
[WARNING PSM-0038] Unconnected shape on net VDD at (60.998um, 116.943um) - (61.012um, 117.057um), layer: M1.
[WARNING PSM-0038] Unconnected shape on net VDD at (60.998um, 117.231um) - (61.012um, 117.345um), layer: M1.
[WARNING PSM-0038] Unconnected shape on net VDD at (60.998um, 117.519um) - (61.012um, 117.633um), layer: M1.
[WARNING PSM-0038] Unconnected shape on net VDD at (60.998um, 117.807um) - (61.012um, 117.921um), layer: M1.
[WARNING PSM-0038] Unconnected shape on net VDD at (60.998um, 118.095um) - (61.012um, 118.209um), layer: M1.
[WARNING PSM-0038] Unconnected shape on net VDD at (60.998um, 118.383um) - (61.012um, 118.497um), layer: M1.
[WARNING PSM-0038] Unconnected shape on net VDD at (60.998um, 118.671um) - (61.012um, 118.785um), layer: M1.
[WARNING PSM-0038] Unconnected shape on net VDD at (60.998um, 118.959um) - (61.012um, 119.073um), layer: M1.
[WARNING PSM-0038] Unconnected shape on net VDD at (60.998um, 119.247um) - (61.012um, 119.361um), layer: M1.
[WARNING PSM-0038] Unconnected shape on net VDD at (60.998um, 119.535um) - (61.012um, 119.649um), layer: M1.
[WARNING PSM-0038] Unconnected shape on net VDD at (60.998um, 119.823um) - (61.012um, 119.937um), layer: M1.
[WARNING PSM-0038] Unconnected shape on net VDD at (60.998um, 120.111um) - (61.012um, 120.225um), layer: M1.
[WARNING PSM-0038] Unconnected shape on net VDD at (60.998um, 120.399um) - (61.012um, 120.513um), layer: M1.
[WARNING PSM-0038] Unconnected shape on net VDD at (60.998um, 120.687um) - (61.012um, 120.801um), layer: M1.
[WARNING PSM-0038] Unconnected shape on net VDD at (60.998um, 120.975um) - (61.012um, 121.089um), layer: M1.
[WARNING PSM-0038] Unconnected shape on net VDD at (60.998um, 121.263um) - (61.012um, 121.377um), layer: M1.
[WARNING PSM-0038] Unconnected shape on net VDD at (60.998um, 121.551um) - (61.012um, 121.665um), layer: M1.
[WARNING PSM-0038] Unconnected shape on net VDD at (60.998um, 121.839um) - (61.012um, 121.953um), layer: M1.
[WARNING PSM-0038] Unconnected shape on net VDD at (60.998um, 122.127um) - (61.012um, 122.241um), layer: M1.
[WARNING PSM-0038] Unconnected shape on net VDD at (60.998um, 122.415um) - (61.012um, 122.529um), layer: M1.
[WARNING PSM-0038] Unconnected shape on net VDD at (60.998um, 122.703um) - (61.012um, 122.817um), layer: M1.
[WARNING PSM-0038] Unconnected shape on net VDD at (60.998um, 122.991um) - (61.012um, 123.105um), layer: M1.
[WARNING PSM-0038] Unconnected shape on net VDD at (60.998um, 123.279um) - (61.012um, 123.393um), layer: M1.
[WARNING PSM-0038] Unconnected shape on net VDD at (60.998um, 123.567um) - (61.012um, 123.681um), layer: M1.
[WARNING PSM-0038] Unconnected shape on net VDD at (60.998um, 123.855um) - (61.012um, 123.969um), layer: M1.
[WARNING PSM-0038] Unconnected shape on net VDD at (60.998um, 124.143um) - (61.012um, 124.257um), layer: M1.
[WARNING PSM-0038] Unconnected shape on net VDD at (60.998um, 124.431um) - (61.012um, 124.545um), layer: M1.
[WARNING PSM-0038] Unconnected shape on net VDD at (60.998um, 124.719um) - (61.012um, 124.833um), layer: M1.
[WARNING PSM-0038] Unconnected shape on net VDD at (60.998um, 125.007um) - (61.012um, 125.121um), layer: M1.
[WARNING PSM-0038] Unconnected shape on net VDD at (60.998um, 125.295um) - (61.012um, 125.409um), layer: M1.
[WARNING PSM-0038] Unconnected shape on net VDD at (60.998um, 125.583um) - (61.012um, 125.697um), layer: M1.
[WARNING PSM-0038] Unconnected shape on net VDD at (60.998um, 125.871um) - (61.012um, 125.985um), layer: M1.
[WARNING PSM-0038] Unconnected shape on net VDD at (60.998um, 126.159um) - (61.012um, 126.273um), layer: M1.
[WARNING PSM-0038] Unconnected shape on net VDD at (60.998um, 126.447um) - (61.012um, 126.561um), layer: M1.
[WARNING PSM-0038] Unconnected shape on net VDD at (60.998um, 126.735um) - (61.012um, 126.849um), layer: M1.
[WARNING PSM-0038] Unconnected shape on net VDD at (60.998um, 126.879um) - (61.012um, 126.993um), layer: M1.
[WARNING PSM-0038] Unconnected shape on net VDD at (88.970um, 5.055um) - (88.984um, 5.169um), layer: M1.
[WARNING PSM-0038] Unconnected shape on net VDD at (88.970um, 5.343um) - (88.984um, 5.457um), layer: M1.
[WARNING PSM-0038] Unconnected shape on net VDD at (88.970um, 5.631um) - (88.984um, 5.745um), layer: M1.
[WARNING PSM-0038] Unconnected shape on net VDD at (88.970um, 5.919um) - (88.984um, 6.033um), layer: M1.
[WARNING PSM-0038] Unconnected shape on net VDD at (88.970um, 6.207um) - (88.984um, 6.321um), layer: M1.
[WARNING PSM-0038] Unconnected shape on net VDD at (88.970um, 6.495um) - (88.984um, 6.609um), layer: M1.
[WARNING PSM-0038] Unconnected shape on net VDD at (88.970um, 6.783um) - (88.984um, 6.897um), layer: M1.
[WARNING PSM-0038] Unconnected shape on net VDD at (88.970um, 7.071um) - (88.984um, 7.185um), layer: M1.
[WARNING PSM-0038] Unconnected shape on net VDD at (88.970um, 7.359um) - (88.984um, 7.473um), layer: M1.
[WARNING PSM-0038] Unconnected shape on net VDD at (88.970um, 7.647um) - (88.984um, 7.761um), layer: M1.
[WARNING PSM-0038] Unconnected shape on net VDD at (88.970um, 7.935um) - (88.984um, 8.049um), layer: M1.
[WARNING PSM-0038] Unconnected shape on net VDD at (88.970um, 8.223um) - (88.984um, 8.337um), layer: M1.
[WARNING PSM-0038] Unconnected shape on net VDD at (88.970um, 8.511um) - (88.984um, 8.625um), layer: M1.
[WARNING PSM-0038] Unconnected shape on net VDD at (88.970um, 8.799um) - (88.984um, 8.913um), layer: M1.
[WARNING PSM-0038] Unconnected shape on net VDD at (88.970um, 9.087um) - (88.984um, 9.201um), layer: M1.
[WARNING PSM-0038] Unconnected shape on net VDD at (88.970um, 9.375um) - (88.984um, 9.489um), layer: M1.
[WARNING PSM-0038] Unconnected shape on net VDD at (88.970um, 9.663um) - (88.984um, 9.777um), layer: M1.
[WARNING PSM-0038] Unconnected shape on net VDD at (88.970um, 9.951um) - (88.984um, 10.065um), layer: M1.
[WARNING PSM-0038] Unconnected shape on net VDD at (88.970um, 10.239um) - (88.984um, 10.353um), layer: M1.
[WARNING PSM-0038] Unconnected shape on net VDD at (88.970um, 10.527um) - (88.984um, 10.641um), layer: M1.
[WARNING PSM-0038] Unconnected shape on net VDD at (88.970um, 10.815um) - (88.984um, 10.929um), layer: M1.
[WARNING PSM-0038] Unconnected shape on net VDD at (88.970um, 11.103um) - (88.984um, 11.217um), layer: M1.
[WARNING PSM-0038] Unconnected shape on net VDD at (88.970um, 11.391um) - (88.984um, 11.505um), layer: M1.
[WARNING PSM-0038] Unconnected shape on net VDD at (88.970um, 11.679um) - (88.984um, 11.793um), layer: M1.
[WARNING PSM-0038] Unconnected shape on net VDD at (88.970um, 11.967um) - (88.984um, 12.081um), layer: M1.
[WARNING PSM-0038] Unconnected shape on net VDD at (88.970um, 12.255um) - (88.984um, 12.369um), layer: M1.
[WARNING PSM-0038] Unconnected shape on net VDD at (88.970um, 12.543um) - (88.984um, 12.657um), layer: M1.
[WARNING PSM-0038] Unconnected shape on net VDD at (88.970um, 12.831um) - (88.984um, 12.945um), layer: M1.
[WARNING PSM-0038] Unconnected shape on net VDD at (88.970um, 13.119um) - (88.984um, 13.233um), layer: M1.
[WARNING PSM-0038] Unconnected shape on net VDD at (88.970um, 13.407um) - (88.984um, 13.521um), layer: M1.
[WARNING PSM-0038] Unconnected shape on net VDD at (88.970um, 13.695um) - (88.984um, 13.809um), layer: M1.
[WARNING PSM-0038] Unconnected shape on net VDD at (88.970um, 13.983um) - (88.984um, 14.097um), layer: M1.
[WARNING PSM-0038] Unconnected shape on net VDD at (88.970um, 14.271um) - (88.984um, 14.385um), layer: M1.
[WARNING PSM-0038] Unconnected shape on net VDD at (88.970um, 14.559um) - (88.984um, 14.673um), layer: M1.
[WARNING PSM-0038] Unconnected shape on net VDD at (88.970um, 14.847um) - (88.984um, 14.961um), layer: M1.
[WARNING PSM-0038] Unconnected shape on net VDD at (88.970um, 15.135um) - (88.984um, 15.249um), layer: M1.
[WARNING PSM-0038] Unconnected shape on net VDD at (88.970um, 15.423um) - (88.984um, 15.537um), layer: M1.
[WARNING PSM-0038] Unconnected shape on net VDD at (88.970um, 15.711um) - (88.984um, 15.825um), layer: M1.
[WARNING PSM-0038] Unconnected shape on net VDD at (88.970um, 15.999um) - (88.984um, 16.113um), layer: M1.
[WARNING PSM-0038] Unconnected shape on net VDD at (88.970um, 16.287um) - (88.984um, 16.401um), layer: M1.
[WARNING PSM-0038] Unconnected shape on net VDD at (88.970um, 16.575um) - (88.984um, 16.689um), layer: M1.
[WARNING PSM-0038] Unconnected shape on net VDD at (88.970um, 16.863um) - (88.984um, 16.977um), layer: M1.
[WARNING PSM-0038] Unconnected shape on net VDD at (88.970um, 17.151um) - (88.984um, 17.265um), layer: M1.
[WARNING PSM-0038] Unconnected shape on net VDD at (88.970um, 17.439um) - (88.984um, 17.553um), layer: M1.
[WARNING PSM-0038] Unconnected shape on net VDD at (88.970um, 17.727um) - (88.984um, 17.841um), layer: M1.
[WARNING PSM-0038] Unconnected shape on net VDD at (88.970um, 18.015um) - (88.984um, 18.129um), layer: M1.
[WARNING PSM-0038] Unconnected shape on net VDD at (88.970um, 18.303um) - (88.984um, 18.417um), layer: M1.
[WARNING PSM-0038] Unconnected shape on net VDD at (88.970um, 18.591um) - (88.984um, 18.705um), layer: M1.
[WARNING PSM-0038] Unconnected shape on net VDD at (88.970um, 18.879um) - (88.984um, 18.993um), layer: M1.
[WARNING PSM-0038] Unconnected shape on net VDD at (88.970um, 19.167um) - (88.984um, 19.281um), layer: M1.
[WARNING PSM-0038] Unconnected shape on net VDD at (88.970um, 19.455um) - (88.984um, 19.569um), layer: M1.
[WARNING PSM-0038] Unconnected shape on net VDD at (88.970um, 19.743um) - (88.984um, 19.857um), layer: M1.
[WARNING PSM-0038] Unconnected shape on net VDD at (88.970um, 20.031um) - (88.984um, 20.145um), layer: M1.
[WARNING PSM-0038] Unconnected shape on net VDD at (88.970um, 20.319um) - (88.984um, 20.433um), layer: M1.
[WARNING PSM-0038] Unconnected shape on net VDD at (88.970um, 20.607um) - (88.984um, 20.721um), layer: M1.
[WARNING PSM-0038] Unconnected shape on net VDD at (88.970um, 20.895um) - (88.984um, 21.009um), layer: M1.
[WARNING PSM-0038] Unconnected shape on net VDD at (88.970um, 21.183um) - (88.984um, 21.297um), layer: M1.
[WARNING PSM-0038] Unconnected shape on net VDD at (88.970um, 21.471um) - (88.984um, 21.585um), layer: M1.
[WARNING PSM-0038] Unconnected shape on net VDD at (88.970um, 21.759um) - (88.984um, 21.873um), layer: M1.
[WARNING PSM-0038] Unconnected shape on net VDD at (88.970um, 22.047um) - (88.984um, 22.161um), layer: M1.
[WARNING PSM-0038] Unconnected shape on net VDD at (88.970um, 22.335um) - (88.984um, 22.449um), layer: M1.
[WARNING PSM-0038] Unconnected shape on net VDD at (88.970um, 22.623um) - (88.984um, 22.737um), layer: M1.
[WARNING PSM-0038] Unconnected shape on net VDD at (88.970um, 22.911um) - (88.984um, 23.025um), layer: M1.
[WARNING PSM-0038] Unconnected shape on net VDD at (88.970um, 23.199um) - (88.984um, 23.313um), layer: M1.
[WARNING PSM-0038] Unconnected shape on net VDD at (88.970um, 23.487um) - (88.984um, 23.601um), layer: M1.
[WARNING PSM-0038] Unconnected shape on net VDD at (88.970um, 23.775um) - (88.984um, 23.889um), layer: M1.
[WARNING PSM-0038] Unconnected shape on net VDD at (88.970um, 24.063um) - (88.984um, 24.177um), layer: M1.
[WARNING PSM-0038] Unconnected shape on net VDD at (88.970um, 24.351um) - (88.984um, 24.465um), layer: M1.
[WARNING PSM-0038] Unconnected shape on net VDD at (88.970um, 24.639um) - (88.984um, 24.753um), layer: M1.
[WARNING PSM-0038] Unconnected shape on net VDD at (88.970um, 24.927um) - (88.984um, 25.041um), layer: M1.
[WARNING PSM-0038] Unconnected shape on net VDD at (88.970um, 25.215um) - (88.984um, 25.329um), layer: M1.
[WARNING PSM-0038] Unconnected shape on net VDD at (88.970um, 25.503um) - (88.984um, 25.617um), layer: M1.
[WARNING PSM-0038] Unconnected shape on net VDD at (88.970um, 25.791um) - (88.984um, 25.905um), layer: M1.
[WARNING PSM-0038] Unconnected shape on net VDD at (88.970um, 26.079um) - (88.984um, 26.193um), layer: M1.
[WARNING PSM-0038] Unconnected shape on net VDD at (88.970um, 26.367um) - (88.984um, 26.481um), layer: M1.
[WARNING PSM-0038] Unconnected shape on net VDD at (88.970um, 26.655um) - (88.984um, 26.769um), layer: M1.
[WARNING PSM-0038] Unconnected shape on net VDD at (88.970um, 26.943um) - (88.984um, 27.057um), layer: M1.
[WARNING PSM-0038] Unconnected shape on net VDD at (88.970um, 27.231um) - (88.984um, 27.345um), layer: M1.
[WARNING PSM-0038] Unconnected shape on net VDD at (88.970um, 27.519um) - (88.984um, 27.633um), layer: M1.
[WARNING PSM-0038] Unconnected shape on net VDD at (88.970um, 27.807um) - (88.984um, 27.921um), layer: M1.
[WARNING PSM-0038] Unconnected shape on net VDD at (88.970um, 28.095um) - (88.984um, 28.209um), layer: M1.
[WARNING PSM-0038] Unconnected shape on net VDD at (88.970um, 28.383um) - (88.984um, 28.497um), layer: M1.
[WARNING PSM-0038] Unconnected shape on net VDD at (88.970um, 28.671um) - (88.984um, 28.785um), layer: M1.
[WARNING PSM-0038] Unconnected shape on net VDD at (88.970um, 28.959um) - (88.984um, 29.073um), layer: M1.
[WARNING PSM-0038] Unconnected shape on net VDD at (88.970um, 29.247um) - (88.984um, 29.361um), layer: M1.
[WARNING PSM-0038] Unconnected shape on net VDD at (88.970um, 29.535um) - (88.984um, 29.649um), layer: M1.
[WARNING PSM-0038] Unconnected shape on net VDD at (88.970um, 29.823um) - (88.984um, 29.937um), layer: M1.
[WARNING PSM-0038] Unconnected shape on net VDD at (88.970um, 30.111um) - (88.984um, 30.225um), layer: M1.
[WARNING PSM-0038] Unconnected shape on net VDD at (88.970um, 30.399um) - (88.984um, 30.513um), layer: M1.
[WARNING PSM-0038] Unconnected shape on net VDD at (88.970um, 30.687um) - (88.984um, 30.801um), layer: M1.
[WARNING PSM-0038] Unconnected shape on net VDD at (88.970um, 30.975um) - (88.984um, 31.089um), layer: M1.
[WARNING PSM-0038] Unconnected shape on net VDD at (88.970um, 31.263um) - (88.984um, 31.377um), layer: M1.
[WARNING PSM-0038] Unconnected shape on net VDD at (88.970um, 31.551um) - (88.984um, 31.665um), layer: M1.
[WARNING PSM-0038] Unconnected shape on net VDD at (88.970um, 31.839um) - (88.984um, 31.953um), layer: M1.
[WARNING PSM-0038] Unconnected shape on net VDD at (88.970um, 32.127um) - (88.984um, 32.241um), layer: M1.
[WARNING PSM-0038] Unconnected shape on net VDD at (88.970um, 32.415um) - (88.984um, 32.529um), layer: M1.
[WARNING PSM-0038] Unconnected shape on net VDD at (88.970um, 32.703um) - (88.984um, 32.817um), layer: M1.
[WARNING PSM-0038] Unconnected shape on net VDD at (88.970um, 32.991um) - (88.984um, 33.105um), layer: M1.
[WARNING PSM-0038] Unconnected shape on net VDD at (88.970um, 33.279um) - (88.984um, 33.393um), layer: M1.
[WARNING PSM-0038] Unconnected shape on net VDD at (88.970um, 33.567um) - (88.984um, 33.681um), layer: M1.
[WARNING PSM-0038] Unconnected shape on net VDD at (88.970um, 33.855um) - (88.984um, 33.969um), layer: M1.
[WARNING PSM-0038] Unconnected shape on net VDD at (88.970um, 34.143um) - (88.984um, 34.257um), layer: M1.
[WARNING PSM-0038] Unconnected shape on net VDD at (88.970um, 34.431um) - (88.984um, 34.545um), layer: M1.
[WARNING PSM-0038] Unconnected shape on net VDD at (88.970um, 34.719um) - (88.984um, 34.833um), layer: M1.
[WARNING PSM-0038] Unconnected shape on net VDD at (88.970um, 35.007um) - (88.984um, 35.121um), layer: M1.
[WARNING PSM-0038] Unconnected shape on net VDD at (88.970um, 35.295um) - (88.984um, 35.409um), layer: M1.
[WARNING PSM-0038] Unconnected shape on net VDD at (88.970um, 35.583um) - (88.984um, 35.697um), layer: M1.
[WARNING PSM-0038] Unconnected shape on net VDD at (88.970um, 35.871um) - (88.984um, 35.985um), layer: M1.
[WARNING PSM-0038] Unconnected shape on net VDD at (88.970um, 36.159um) - (88.984um, 36.273um), layer: M1.
[WARNING PSM-0038] Unconnected shape on net VDD at (88.970um, 36.447um) - (88.984um, 36.561um), layer: M1.
[WARNING PSM-0038] Unconnected shape on net VDD at (88.970um, 36.735um) - (88.984um, 36.849um), layer: M1.
[WARNING PSM-0038] Unconnected shape on net VDD at (88.970um, 37.023um) - (88.984um, 37.137um), layer: M1.
[WARNING PSM-0038] Unconnected shape on net VDD at (88.970um, 37.311um) - (88.984um, 37.425um), layer: M1.
[WARNING PSM-0038] Unconnected shape on net VDD at (88.970um, 37.599um) - (88.984um, 37.713um), layer: M1.
[WARNING PSM-0038] Unconnected shape on net VDD at (88.970um, 37.887um) - (88.984um, 38.001um), layer: M1.
[WARNING PSM-0038] Unconnected shape on net VDD at (88.970um, 38.175um) - (88.984um, 38.289um), layer: M1.
[WARNING PSM-0038] Unconnected shape on net VDD at (88.970um, 38.463um) - (88.984um, 38.577um), layer: M1.
[WARNING PSM-0038] Unconnected shape on net VDD at (88.970um, 38.751um) - (88.984um, 38.865um), layer: M1.
[WARNING PSM-0038] Unconnected shape on net VDD at (88.970um, 39.039um) - (88.984um, 39.153um), layer: M1.
[WARNING PSM-0038] Unconnected shape on net VDD at (88.970um, 39.327um) - (88.984um, 39.441um), layer: M1.
[WARNING PSM-0038] Unconnected shape on net VDD at (88.970um, 39.615um) - (88.984um, 39.729um), layer: M1.
[WARNING PSM-0038] Unconnected shape on net VDD at (88.970um, 39.903um) - (88.984um, 40.017um), layer: M1.
[WARNING PSM-0038] Unconnected shape on net VDD at (88.970um, 40.191um) - (88.984um, 40.305um), layer: M1.
[WARNING PSM-0038] Unconnected shape on net VDD at (88.970um, 40.479um) - (88.984um, 40.593um), layer: M1.
[WARNING PSM-0038] Unconnected shape on net VDD at (88.970um, 40.767um) - (88.984um, 40.881um), layer: M1.
[WARNING PSM-0038] Unconnected shape on net VDD at (88.970um, 41.055um) - (88.984um, 41.169um), layer: M1.
[WARNING PSM-0038] Unconnected shape on net VDD at (88.970um, 41.343um) - (88.984um, 41.457um), layer: M1.
[WARNING PSM-0038] Unconnected shape on net VDD at (88.970um, 41.631um) - (88.984um, 41.745um), layer: M1.
[WARNING PSM-0038] Unconnected shape on net VDD at (88.970um, 41.919um) - (88.984um, 42.033um), layer: M1.
[WARNING PSM-0038] Unconnected shape on net VDD at (88.970um, 42.207um) - (88.984um, 42.321um), layer: M1.
[WARNING PSM-0038] Unconnected shape on net VDD at (88.970um, 42.495um) - (88.984um, 42.609um), layer: M1.
[WARNING PSM-0038] Unconnected shape on net VDD at (88.970um, 42.783um) - (88.984um, 42.897um), layer: M1.
[WARNING PSM-0038] Unconnected shape on net VDD at (88.970um, 43.071um) - (88.984um, 43.185um), layer: M1.
[WARNING PSM-0038] Unconnected shape on net VDD at (88.970um, 43.359um) - (88.984um, 43.473um), layer: M1.
[WARNING PSM-0038] Unconnected shape on net VDD at (88.970um, 43.647um) - (88.984um, 43.761um), layer: M1.
[WARNING PSM-0038] Unconnected shape on net VDD at (88.970um, 43.935um) - (88.984um, 44.049um), layer: M1.
[WARNING PSM-0038] Unconnected shape on net VDD at (88.970um, 44.223um) - (88.984um, 44.337um), layer: M1.
[WARNING PSM-0038] Unconnected shape on net VDD at (88.970um, 44.511um) - (88.984um, 44.625um), layer: M1.
[WARNING PSM-0038] Unconnected shape on net VDD at (88.970um, 44.799um) - (88.984um, 44.913um), layer: M1.
[WARNING PSM-0038] Unconnected shape on net VDD at (88.970um, 45.087um) - (88.984um, 45.201um), layer: M1.
[WARNING PSM-0038] Unconnected shape on net VDD at (88.970um, 45.375um) - (88.984um, 45.489um), layer: M1.
[WARNING PSM-0038] Unconnected shape on net VDD at (88.970um, 45.663um) - (88.984um, 45.777um), layer: M1.
[WARNING PSM-0038] Unconnected shape on net VDD at (88.970um, 45.951um) - (88.984um, 46.065um), layer: M1.
[WARNING PSM-0038] Unconnected shape on net VDD at (88.970um, 46.239um) - (88.984um, 46.353um), layer: M1.
[WARNING PSM-0038] Unconnected shape on net VDD at (88.970um, 46.527um) - (88.984um, 46.641um), layer: M1.
[WARNING PSM-0038] Unconnected shape on net VDD at (88.970um, 46.815um) - (88.984um, 46.929um), layer: M1.
[WARNING PSM-0038] Unconnected shape on net VDD at (88.970um, 47.103um) - (88.984um, 47.217um), layer: M1.
[WARNING PSM-0038] Unconnected shape on net VDD at (88.970um, 47.391um) - (88.984um, 47.505um), layer: M1.
[WARNING PSM-0038] Unconnected shape on net VDD at (88.970um, 47.679um) - (88.984um, 47.793um), layer: M1.
[WARNING PSM-0038] Unconnected shape on net VDD at (88.970um, 47.967um) - (88.984um, 48.081um), layer: M1.
[WARNING PSM-0038] Unconnected shape on net VDD at (88.970um, 48.255um) - (88.984um, 48.369um), layer: M1.
[WARNING PSM-0038] message limit (1000) reached. This message will no longer print.
[WARNING PSM-0039] Unconnected instance TAP_TAPCELL_ROW_0_0/vdd at location (33.044um, 5.148um).
[WARNING PSM-0039] Unconnected instance TAP_TAPCELL_ROW_2_6/vdd at location (33.044um, 5.436um).
[WARNING PSM-0039] Unconnected instance TAP_TAPCELL_ROW_4_10/vdd at location (33.044um, 5.724um).
[WARNING PSM-0039] Unconnected instance TAP_TAPCELL_ROW_6_14/vdd at location (33.044um, 6.012um).
[WARNING PSM-0039] Unconnected instance TAP_TAPCELL_ROW_8_18/vdd at location (33.044um, 6.300um).
[WARNING PSM-0039] Unconnected instance TAP_TAPCELL_ROW_10_22/vdd at location (33.044um, 6.588um).
[WARNING PSM-0039] Unconnected instance TAP_TAPCELL_ROW_12_26/vdd at location (33.044um, 6.876um).
[WARNING PSM-0039] Unconnected instance TAP_TAPCELL_ROW_14_30/vdd at location (33.044um, 7.164um).
[WARNING PSM-0039] Unconnected instance TAP_TAPCELL_ROW_16_34/vdd at location (33.044um, 7.452um).
[WARNING PSM-0039] Unconnected instance TAP_TAPCELL_ROW_18_38/vdd at location (33.044um, 7.740um).
[WARNING PSM-0039] Unconnected instance TAP_TAPCELL_ROW_20_42/vdd at location (33.044um, 8.028um).
[WARNING PSM-0039] Unconnected instance TAP_TAPCELL_ROW_22_46/vdd at location (33.044um, 8.316um).
[WARNING PSM-0039] Unconnected instance TAP_TAPCELL_ROW_24_50/vdd at location (33.044um, 8.604um).
[WARNING PSM-0039] Unconnected instance TAP_TAPCELL_ROW_26_54/vdd at location (33.044um, 8.892um).
[WARNING PSM-0039] Unconnected instance TAP_TAPCELL_ROW_28_58/vdd at location (33.044um, 9.180um).
[WARNING PSM-0039] Unconnected instance TAP_TAPCELL_ROW_30_62/vdd at location (33.044um, 9.468um).
[WARNING PSM-0039] Unconnected instance TAP_TAPCELL_ROW_32_66/vdd at location (33.044um, 9.756um).
[WARNING PSM-0039] Unconnected instance TAP_TAPCELL_ROW_34_70/vdd at location (33.044um, 10.044um).
[WARNING PSM-0039] Unconnected instance TAP_TAPCELL_ROW_36_74/vdd at location (33.044um, 10.332um).
[WARNING PSM-0039] Unconnected instance TAP_TAPCELL_ROW_38_78/vdd at location (33.044um, 10.620um).
[WARNING PSM-0039] Unconnected instance TAP_TAPCELL_ROW_40_82/vdd at location (33.044um, 10.908um).
[WARNING PSM-0039] Unconnected instance TAP_TAPCELL_ROW_42_86/vdd at location (33.044um, 11.196um).
[WARNING PSM-0039] Unconnected instance TAP_TAPCELL_ROW_44_90/vdd at location (33.044um, 11.484um).
[WARNING PSM-0039] Unconnected instance TAP_TAPCELL_ROW_46_94/vdd at location (33.044um, 11.772um).
[WARNING PSM-0039] Unconnected instance TAP_TAPCELL_ROW_48_98/vdd at location (33.044um, 12.060um).
[WARNING PSM-0039] Unconnected instance TAP_TAPCELL_ROW_50_102/vdd at location (33.044um, 12.348um).
[WARNING PSM-0039] Unconnected instance TAP_TAPCELL_ROW_52_106/vdd at location (33.044um, 12.636um).
[WARNING PSM-0039] Unconnected instance TAP_TAPCELL_ROW_54_110/vdd at location (33.044um, 12.924um).
[WARNING PSM-0039] Unconnected instance TAP_TAPCELL_ROW_56_114/vdd at location (33.044um, 13.212um).
[WARNING PSM-0039] Unconnected instance TAP_TAPCELL_ROW_58_118/vdd at location (33.044um, 13.500um).
[WARNING PSM-0039] Unconnected instance TAP_TAPCELL_ROW_60_122/vdd at location (33.044um, 13.788um).
[WARNING PSM-0039] Unconnected instance TAP_TAPCELL_ROW_62_126/vdd at location (33.044um, 14.076um).
[WARNING PSM-0039] Unconnected instance TAP_TAPCELL_ROW_64_130/vdd at location (33.044um, 14.364um).
[WARNING PSM-0039] Unconnected instance TAP_TAPCELL_ROW_66_134/vdd at location (33.044um, 14.652um).
[WARNING PSM-0039] Unconnected instance TAP_TAPCELL_ROW_68_138/vdd at location (33.044um, 14.940um).
[WARNING PSM-0039] Unconnected instance TAP_TAPCELL_ROW_70_142/vdd at location (33.044um, 15.228um).
[WARNING PSM-0039] Unconnected instance TAP_TAPCELL_ROW_72_146/vdd at location (33.044um, 15.516um).
[WARNING PSM-0039] Unconnected instance TAP_TAPCELL_ROW_74_150/vdd at location (33.044um, 15.804um).
[WARNING PSM-0039] Unconnected instance TAP_TAPCELL_ROW_76_154/vdd at location (33.044um, 16.092um).
[WARNING PSM-0039] Unconnected instance TAP_TAPCELL_ROW_78_158/vdd at location (33.044um, 16.380um).
[WARNING PSM-0039] Unconnected instance TAP_TAPCELL_ROW_80_162/vdd at location (33.044um, 16.668um).
[WARNING PSM-0039] Unconnected instance TAP_TAPCELL_ROW_82_166/vdd at location (33.044um, 16.956um).
[WARNING PSM-0039] Unconnected instance TAP_TAPCELL_ROW_84_170/vdd at location (33.044um, 17.244um).
[WARNING PSM-0039] Unconnected instance TAP_TAPCELL_ROW_86_174/vdd at location (33.044um, 17.532um).
[WARNING PSM-0039] Unconnected instance TAP_TAPCELL_ROW_88_178/vdd at location (33.044um, 17.820um).
[WARNING PSM-0039] Unconnected instance TAP_TAPCELL_ROW_90_182/vdd at location (33.044um, 18.108um).
[WARNING PSM-0039] Unconnected instance TAP_TAPCELL_ROW_92_186/vdd at location (33.044um, 18.396um).
[WARNING PSM-0039] Unconnected instance TAP_TAPCELL_ROW_94_190/vdd at location (33.044um, 18.684um).
[WARNING PSM-0039] Unconnected instance TAP_TAPCELL_ROW_96_194/vdd at location (33.044um, 18.972um).
[WARNING PSM-0039] Unconnected instance TAP_TAPCELL_ROW_98_198/vdd at location (33.044um, 19.260um).
[WARNING PSM-0039] Unconnected instance TAP_TAPCELL_ROW_100_202/vdd at location (33.044um, 19.548um).
[WARNING PSM-0039] Unconnected instance TAP_TAPCELL_ROW_102_206/vdd at location (33.044um, 19.836um).
[WARNING PSM-0039] Unconnected instance TAP_TAPCELL_ROW_104_210/vdd at location (33.044um, 20.124um).
[WARNING PSM-0039] Unconnected instance TAP_TAPCELL_ROW_106_214/vdd at location (33.044um, 20.412um).
[WARNING PSM-0039] Unconnected instance TAP_TAPCELL_ROW_108_218/vdd at location (33.044um, 20.700um).
[WARNING PSM-0039] Unconnected instance TAP_TAPCELL_ROW_110_222/vdd at location (33.044um, 20.988um).
[WARNING PSM-0039] Unconnected instance TAP_TAPCELL_ROW_112_226/vdd at location (33.044um, 21.276um).
[WARNING PSM-0039] Unconnected instance TAP_TAPCELL_ROW_114_230/vdd at location (33.044um, 21.564um).
[WARNING PSM-0039] Unconnected instance TAP_TAPCELL_ROW_116_234/vdd at location (33.044um, 21.852um).
[WARNING PSM-0039] Unconnected instance TAP_TAPCELL_ROW_118_238/vdd at location (33.044um, 22.140um).
[WARNING PSM-0039] Unconnected instance TAP_TAPCELL_ROW_120_242/vdd at location (33.044um, 22.428um).
[WARNING PSM-0039] Unconnected instance TAP_TAPCELL_ROW_122_246/vdd at location (33.044um, 22.716um).
[WARNING PSM-0039] Unconnected instance TAP_TAPCELL_ROW_124_250/vdd at location (33.044um, 23.004um).
[WARNING PSM-0039] Unconnected instance TAP_TAPCELL_ROW_126_254/vdd at location (33.044um, 23.292um).
[WARNING PSM-0039] Unconnected instance TAP_TAPCELL_ROW_128_258/vdd at location (33.044um, 23.580um).
[WARNING PSM-0039] Unconnected instance TAP_TAPCELL_ROW_130_262/vdd at location (33.044um, 23.868um).
[WARNING PSM-0039] Unconnected instance TAP_TAPCELL_ROW_132_266/vdd at location (33.044um, 24.156um).
[WARNING PSM-0039] Unconnected instance TAP_TAPCELL_ROW_134_270/vdd at location (33.044um, 24.444um).
[WARNING PSM-0039] Unconnected instance TAP_TAPCELL_ROW_136_274/vdd at location (33.044um, 24.732um).
[WARNING PSM-0039] Unconnected instance TAP_TAPCELL_ROW_138_278/vdd at location (33.044um, 25.020um).
[WARNING PSM-0039] Unconnected instance TAP_TAPCELL_ROW_140_282/vdd at location (33.044um, 25.308um).
[WARNING PSM-0039] Unconnected instance TAP_TAPCELL_ROW_142_286/vdd at location (33.044um, 25.596um).
[WARNING PSM-0039] Unconnected instance TAP_TAPCELL_ROW_144_290/vdd at location (33.044um, 25.884um).
[WARNING PSM-0039] Unconnected instance TAP_TAPCELL_ROW_146_294/vdd at location (33.044um, 26.172um).
[WARNING PSM-0039] Unconnected instance TAP_TAPCELL_ROW_148_298/vdd at location (33.044um, 26.460um).
[WARNING PSM-0039] Unconnected instance TAP_TAPCELL_ROW_150_302/vdd at location (33.044um, 26.748um).
[WARNING PSM-0039] Unconnected instance TAP_TAPCELL_ROW_152_306/vdd at location (33.044um, 27.036um).
[WARNING PSM-0039] Unconnected instance TAP_TAPCELL_ROW_154_310/vdd at location (33.044um, 27.324um).
[WARNING PSM-0039] Unconnected instance TAP_TAPCELL_ROW_156_314/vdd at location (33.044um, 27.612um).
[WARNING PSM-0039] Unconnected instance TAP_TAPCELL_ROW_158_318/vdd at location (33.044um, 27.900um).
[WARNING PSM-0039] Unconnected instance TAP_TAPCELL_ROW_160_322/vdd at location (33.044um, 28.188um).
[WARNING PSM-0039] Unconnected instance TAP_TAPCELL_ROW_162_326/vdd at location (33.044um, 28.476um).
[WARNING PSM-0039] Unconnected instance TAP_TAPCELL_ROW_164_330/vdd at location (33.044um, 28.764um).
[WARNING PSM-0039] Unconnected instance TAP_TAPCELL_ROW_166_334/vdd at location (33.044um, 29.052um).
[WARNING PSM-0039] Unconnected instance TAP_TAPCELL_ROW_168_338/vdd at location (33.044um, 29.340um).
[WARNING PSM-0039] Unconnected instance TAP_TAPCELL_ROW_170_342/vdd at location (33.044um, 29.628um).
[WARNING PSM-0039] Unconnected instance TAP_TAPCELL_ROW_172_346/vdd at location (33.044um, 29.916um).
[WARNING PSM-0039] Unconnected instance TAP_TAPCELL_ROW_174_350/vdd at location (33.044um, 30.204um).
[WARNING PSM-0039] Unconnected instance TAP_TAPCELL_ROW_176_354/vdd at location (33.044um, 30.492um).
[WARNING PSM-0039] Unconnected instance TAP_TAPCELL_ROW_178_358/vdd at location (33.044um, 30.780um).
[WARNING PSM-0039] Unconnected instance TAP_TAPCELL_ROW_180_362/vdd at location (33.044um, 31.068um).
[WARNING PSM-0039] Unconnected instance TAP_TAPCELL_ROW_182_366/vdd at location (33.044um, 31.356um).
[WARNING PSM-0039] Unconnected instance TAP_TAPCELL_ROW_184_370/vdd at location (33.044um, 31.644um).
[WARNING PSM-0039] Unconnected instance TAP_TAPCELL_ROW_186_374/vdd at location (33.044um, 31.932um).
[WARNING PSM-0039] Unconnected instance TAP_TAPCELL_ROW_188_378/vdd at location (33.044um, 32.220um).
[WARNING PSM-0039] Unconnected instance TAP_TAPCELL_ROW_190_382/vdd at location (33.044um, 32.508um).
[WARNING PSM-0039] Unconnected instance TAP_TAPCELL_ROW_192_386/vdd at location (33.044um, 32.796um).
[WARNING PSM-0039] Unconnected instance TAP_TAPCELL_ROW_194_390/vdd at location (33.044um, 33.084um).
[WARNING PSM-0039] Unconnected instance TAP_TAPCELL_ROW_196_394/vdd at location (33.044um, 33.372um).
[WARNING PSM-0039] Unconnected instance TAP_TAPCELL_ROW_198_398/vdd at location (33.044um, 33.660um).
[WARNING PSM-0039] Unconnected instance TAP_TAPCELL_ROW_200_402/vdd at location (33.044um, 33.948um).
[WARNING PSM-0039] Unconnected instance TAP_TAPCELL_ROW_202_406/vdd at location (33.044um, 34.236um).
[WARNING PSM-0039] Unconnected instance TAP_TAPCELL_ROW_204_410/vdd at location (33.044um, 34.524um).
[WARNING PSM-0039] Unconnected instance TAP_TAPCELL_ROW_206_414/vdd at location (33.044um, 34.812um).
[WARNING PSM-0039] Unconnected instance TAP_TAPCELL_ROW_208_418/vdd at location (33.044um, 35.100um).
[WARNING PSM-0039] Unconnected instance TAP_TAPCELL_ROW_210_422/vdd at location (33.044um, 35.388um).
[WARNING PSM-0039] Unconnected instance TAP_TAPCELL_ROW_212_426/vdd at location (33.044um, 35.676um).
[WARNING PSM-0039] Unconnected instance TAP_TAPCELL_ROW_214_430/vdd at location (33.044um, 35.964um).
[WARNING PSM-0039] Unconnected instance TAP_TAPCELL_ROW_216_434/vdd at location (33.044um, 36.252um).
[WARNING PSM-0039] Unconnected instance TAP_TAPCELL_ROW_218_438/vdd at location (33.044um, 36.540um).
[WARNING PSM-0039] Unconnected instance TAP_TAPCELL_ROW_220_442/vdd at location (33.044um, 36.828um).
[WARNING PSM-0039] Unconnected instance TAP_TAPCELL_ROW_222_446/vdd at location (33.044um, 37.116um).
[WARNING PSM-0039] Unconnected instance TAP_TAPCELL_ROW_224_450/vdd at location (33.044um, 37.404um).
[WARNING PSM-0039] Unconnected instance TAP_TAPCELL_ROW_226_454/vdd at location (33.044um, 37.692um).
[WARNING PSM-0039] Unconnected instance TAP_TAPCELL_ROW_228_458/vdd at location (33.044um, 37.980um).
[WARNING PSM-0039] Unconnected instance TAP_TAPCELL_ROW_230_462/vdd at location (33.044um, 38.268um).
[WARNING PSM-0039] Unconnected instance TAP_TAPCELL_ROW_232_466/vdd at location (33.044um, 38.556um).
[WARNING PSM-0039] Unconnected instance TAP_TAPCELL_ROW_234_470/vdd at location (33.044um, 38.844um).
[WARNING PSM-0039] Unconnected instance TAP_TAPCELL_ROW_236_474/vdd at location (33.044um, 39.132um).
[WARNING PSM-0039] Unconnected instance TAP_TAPCELL_ROW_238_478/vdd at location (33.044um, 39.420um).
[WARNING PSM-0039] Unconnected instance TAP_TAPCELL_ROW_240_482/vdd at location (33.044um, 39.708um).
[WARNING PSM-0039] Unconnected instance TAP_TAPCELL_ROW_242_486/vdd at location (33.044um, 39.996um).
[WARNING PSM-0039] Unconnected instance TAP_TAPCELL_ROW_244_490/vdd at location (33.044um, 40.284um).
[WARNING PSM-0039] Unconnected instance TAP_TAPCELL_ROW_246_494/vdd at location (33.044um, 40.572um).
[WARNING PSM-0039] Unconnected instance TAP_TAPCELL_ROW_248_498/vdd at location (33.044um, 40.860um).
[WARNING PSM-0039] Unconnected instance TAP_TAPCELL_ROW_250_502/vdd at location (33.044um, 41.148um).
[WARNING PSM-0039] Unconnected instance TAP_TAPCELL_ROW_252_506/vdd at location (33.044um, 41.436um).
[WARNING PSM-0039] Unconnected instance TAP_TAPCELL_ROW_254_510/vdd at location (33.044um, 41.724um).
[WARNING PSM-0039] Unconnected instance TAP_TAPCELL_ROW_256_514/vdd at location (33.044um, 42.012um).
[WARNING PSM-0039] Unconnected instance TAP_TAPCELL_ROW_258_518/vdd at location (33.044um, 42.300um).
[WARNING PSM-0039] Unconnected instance TAP_TAPCELL_ROW_260_522/vdd at location (33.044um, 42.588um).
[WARNING PSM-0039] Unconnected instance TAP_TAPCELL_ROW_262_526/vdd at location (33.044um, 42.876um).
[WARNING PSM-0039] Unconnected instance TAP_TAPCELL_ROW_264_530/vdd at location (33.044um, 43.164um).
[WARNING PSM-0039] Unconnected instance TAP_TAPCELL_ROW_266_534/vdd at location (33.044um, 43.452um).
[WARNING PSM-0039] Unconnected instance TAP_TAPCELL_ROW_268_538/vdd at location (33.044um, 43.740um).
[WARNING PSM-0039] Unconnected instance TAP_TAPCELL_ROW_270_542/vdd at location (33.044um, 44.028um).
[WARNING PSM-0039] Unconnected instance TAP_TAPCELL_ROW_272_546/vdd at location (33.044um, 44.316um).
[WARNING PSM-0039] Unconnected instance TAP_TAPCELL_ROW_274_550/vdd at location (33.044um, 44.604um).
[WARNING PSM-0039] Unconnected instance TAP_TAPCELL_ROW_276_554/vdd at location (33.044um, 44.892um).
[WARNING PSM-0039] Unconnected instance TAP_TAPCELL_ROW_278_558/vdd at location (33.044um, 45.180um).
[WARNING PSM-0039] Unconnected instance TAP_TAPCELL_ROW_280_562/vdd at location (33.044um, 45.468um).
[WARNING PSM-0039] Unconnected instance TAP_TAPCELL_ROW_282_566/vdd at location (33.044um, 45.756um).
[WARNING PSM-0039] Unconnected instance TAP_TAPCELL_ROW_284_570/vdd at location (33.044um, 46.044um).
[WARNING PSM-0039] Unconnected instance TAP_TAPCELL_ROW_286_574/vdd at location (33.044um, 46.332um).
[WARNING PSM-0039] Unconnected instance TAP_TAPCELL_ROW_288_578/vdd at location (33.044um, 46.620um).
[WARNING PSM-0039] Unconnected instance TAP_TAPCELL_ROW_290_582/vdd at location (33.044um, 46.908um).
[WARNING PSM-0039] Unconnected instance TAP_TAPCELL_ROW_292_586/vdd at location (33.044um, 47.196um).
[WARNING PSM-0039] Unconnected instance TAP_TAPCELL_ROW_294_590/vdd at location (33.044um, 47.484um).
[WARNING PSM-0039] Unconnected instance TAP_TAPCELL_ROW_296_594/vdd at location (33.044um, 47.772um).
[WARNING PSM-0039] Unconnected instance TAP_TAPCELL_ROW_298_598/vdd at location (33.044um, 48.060um).
[WARNING PSM-0039] Unconnected instance TAP_TAPCELL_ROW_300_602/vdd at location (33.044um, 48.348um).
[WARNING PSM-0039] Unconnected instance TAP_TAPCELL_ROW_302_606/vdd at location (33.044um, 48.636um).
[WARNING PSM-0039] Unconnected instance TAP_TAPCELL_ROW_304_610/vdd at location (33.044um, 48.924um).
[WARNING PSM-0039] Unconnected instance TAP_TAPCELL_ROW_306_614/vdd at location (33.044um, 49.212um).
[WARNING PSM-0039] Unconnected instance TAP_TAPCELL_ROW_308_618/vdd at location (33.044um, 49.500um).
[WARNING PSM-0039] Unconnected instance TAP_TAPCELL_ROW_310_622/vdd at location (33.044um, 49.788um).
[WARNING PSM-0039] Unconnected instance TAP_TAPCELL_ROW_312_626/vdd at location (33.044um, 50.076um).
[WARNING PSM-0039] Unconnected instance TAP_TAPCELL_ROW_314_630/vdd at location (33.044um, 50.364um).
[WARNING PSM-0039] Unconnected instance TAP_TAPCELL_ROW_316_634/vdd at location (33.044um, 50.652um).
[WARNING PSM-0039] Unconnected instance TAP_TAPCELL_ROW_318_638/vdd at location (33.044um, 50.940um).
[WARNING PSM-0039] Unconnected instance TAP_TAPCELL_ROW_320_642/vdd at location (33.044um, 51.228um).
[WARNING PSM-0039] Unconnected instance TAP_TAPCELL_ROW_322_646/vdd at location (33.044um, 51.516um).
[WARNING PSM-0039] Unconnected instance TAP_TAPCELL_ROW_324_650/vdd at location (33.044um, 51.804um).
[WARNING PSM-0039] Unconnected instance TAP_TAPCELL_ROW_326_654/vdd at location (33.044um, 52.092um).
[WARNING PSM-0039] Unconnected instance TAP_TAPCELL_ROW_328_658/vdd at location (33.044um, 52.380um).
[WARNING PSM-0039] Unconnected instance TAP_TAPCELL_ROW_330_662/vdd at location (33.044um, 52.668um).
[WARNING PSM-0039] Unconnected instance TAP_TAPCELL_ROW_332_666/vdd at location (33.044um, 52.956um).
[WARNING PSM-0039] Unconnected instance TAP_TAPCELL_ROW_334_670/vdd at location (33.044um, 53.244um).
[WARNING PSM-0039] Unconnected instance TAP_TAPCELL_ROW_336_674/vdd at location (33.044um, 53.532um).
[WARNING PSM-0039] Unconnected instance TAP_TAPCELL_ROW_338_678/vdd at location (33.044um, 53.820um).
[WARNING PSM-0039] Unconnected instance TAP_TAPCELL_ROW_340_682/vdd at location (33.044um, 54.108um).
[WARNING PSM-0039] Unconnected instance TAP_TAPCELL_ROW_342_686/vdd at location (33.044um, 54.396um).
[WARNING PSM-0039] Unconnected instance TAP_TAPCELL_ROW_344_690/vdd at location (33.044um, 54.684um).
[WARNING PSM-0039] Unconnected instance TAP_TAPCELL_ROW_346_694/vdd at location (33.044um, 54.972um).
[WARNING PSM-0039] Unconnected instance TAP_TAPCELL_ROW_348_698/vdd at location (33.044um, 55.260um).
[WARNING PSM-0039] Unconnected instance TAP_TAPCELL_ROW_350_702/vdd at location (33.044um, 55.548um).
[WARNING PSM-0039] Unconnected instance TAP_TAPCELL_ROW_352_706/vdd at location (33.044um, 55.836um).
[WARNING PSM-0039] Unconnected instance TAP_TAPCELL_ROW_354_710/vdd at location (33.044um, 56.124um).
[WARNING PSM-0039] Unconnected instance TAP_TAPCELL_ROW_356_714/vdd at location (33.044um, 56.412um).
[WARNING PSM-0039] Unconnected instance TAP_TAPCELL_ROW_358_718/vdd at location (33.044um, 56.700um).
[WARNING PSM-0039] Unconnected instance TAP_TAPCELL_ROW_360_722/vdd at location (33.044um, 56.988um).
[WARNING PSM-0039] Unconnected instance TAP_TAPCELL_ROW_362_726/vdd at location (33.044um, 57.276um).
[WARNING PSM-0039] Unconnected instance TAP_TAPCELL_ROW_364_730/vdd at location (33.044um, 57.564um).
[WARNING PSM-0039] Unconnected instance TAP_TAPCELL_ROW_366_734/vdd at location (33.044um, 57.852um).
[WARNING PSM-0039] Unconnected instance TAP_TAPCELL_ROW_368_738/vdd at location (33.044um, 58.140um).
[WARNING PSM-0039] Unconnected instance TAP_TAPCELL_ROW_370_742/vdd at location (33.044um, 58.428um).
[WARNING PSM-0039] Unconnected instance TAP_TAPCELL_ROW_372_746/vdd at location (33.044um, 58.716um).
[WARNING PSM-0039] Unconnected instance TAP_TAPCELL_ROW_374_750/vdd at location (33.044um, 59.004um).
[WARNING PSM-0039] Unconnected instance TAP_TAPCELL_ROW_376_754/vdd at location (33.044um, 59.292um).
[WARNING PSM-0039] Unconnected instance TAP_TAPCELL_ROW_378_758/vdd at location (33.044um, 59.580um).
[WARNING PSM-0039] Unconnected instance TAP_TAPCELL_ROW_380_762/vdd at location (33.044um, 59.868um).
[WARNING PSM-0039] Unconnected instance TAP_TAPCELL_ROW_382_766/vdd at location (33.044um, 60.156um).
[WARNING PSM-0039] Unconnected instance TAP_TAPCELL_ROW_384_770/vdd at location (33.044um, 60.444um).
[WARNING PSM-0039] Unconnected instance TAP_TAPCELL_ROW_386_774/vdd at location (33.044um, 60.732um).
[WARNING PSM-0039] Unconnected instance TAP_TAPCELL_ROW_388_778/vdd at location (33.044um, 61.020um).
[WARNING PSM-0039] Unconnected instance TAP_TAPCELL_ROW_390_782/vdd at location (33.044um, 61.308um).
[WARNING PSM-0039] Unconnected instance TAP_TAPCELL_ROW_392_786/vdd at location (33.044um, 61.596um).
[WARNING PSM-0039] Unconnected instance TAP_TAPCELL_ROW_394_790/vdd at location (33.044um, 61.884um).
[WARNING PSM-0039] Unconnected instance TAP_TAPCELL_ROW_396_794/vdd at location (33.044um, 62.172um).
[WARNING PSM-0039] Unconnected instance TAP_TAPCELL_ROW_398_798/vdd at location (33.044um, 62.460um).
[WARNING PSM-0039] Unconnected instance TAP_TAPCELL_ROW_400_802/vdd at location (33.044um, 62.748um).
[WARNING PSM-0039] Unconnected instance TAP_TAPCELL_ROW_402_806/vdd at location (33.044um, 63.036um).
[WARNING PSM-0039] Unconnected instance TAP_TAPCELL_ROW_404_810/vdd at location (33.044um, 63.324um).
[WARNING PSM-0039] Unconnected instance TAP_TAPCELL_ROW_406_814/vdd at location (33.044um, 63.612um).
[WARNING PSM-0039] Unconnected instance TAP_TAPCELL_ROW_408_818/vdd at location (33.044um, 63.900um).
[WARNING PSM-0039] Unconnected instance TAP_TAPCELL_ROW_410_822/vdd at location (33.044um, 64.188um).
[WARNING PSM-0039] Unconnected instance TAP_TAPCELL_ROW_412_826/vdd at location (33.044um, 64.476um).
[WARNING PSM-0039] Unconnected instance TAP_TAPCELL_ROW_414_830/vdd at location (33.044um, 64.764um).
[WARNING PSM-0039] Unconnected instance TAP_TAPCELL_ROW_416_834/vdd at location (33.044um, 65.052um).
[WARNING PSM-0039] Unconnected instance TAP_TAPCELL_ROW_418_838/vdd at location (33.044um, 65.340um).
[WARNING PSM-0039] Unconnected instance TAP_TAPCELL_ROW_420_842/vdd at location (33.044um, 65.628um).
[WARNING PSM-0039] Unconnected instance TAP_TAPCELL_ROW_422_846/vdd at location (33.044um, 65.916um).
[WARNING PSM-0039] Unconnected instance TAP_TAPCELL_ROW_424_850/vdd at location (33.044um, 66.204um).
[WARNING PSM-0039] Unconnected instance TAP_TAPCELL_ROW_426_854/vdd at location (33.044um, 66.492um).
[WARNING PSM-0039] Unconnected instance TAP_TAPCELL_ROW_428_858/vdd at location (33.044um, 66.780um).
[WARNING PSM-0039] Unconnected instance TAP_TAPCELL_ROW_430_862/vdd at location (33.044um, 67.068um).
[WARNING PSM-0039] Unconnected instance TAP_TAPCELL_ROW_432_866/vdd at location (33.044um, 67.356um).
[WARNING PSM-0039] Unconnected instance TAP_TAPCELL_ROW_434_870/vdd at location (33.044um, 67.644um).
[WARNING PSM-0039] Unconnected instance TAP_TAPCELL_ROW_436_874/vdd at location (33.044um, 67.932um).
[WARNING PSM-0039] Unconnected instance TAP_TAPCELL_ROW_438_878/vdd at location (33.044um, 68.220um).
[WARNING PSM-0039] Unconnected instance TAP_TAPCELL_ROW_440_882/vdd at location (33.044um, 68.508um).
[WARNING PSM-0039] Unconnected instance TAP_TAPCELL_ROW_442_886/vdd at location (33.044um, 68.796um).
[WARNING PSM-0039] Unconnected instance TAP_TAPCELL_ROW_444_890/vdd at location (33.044um, 69.084um).
[WARNING PSM-0039] Unconnected instance TAP_TAPCELL_ROW_446_894/vdd at location (33.044um, 69.372um).
[WARNING PSM-0039] Unconnected instance TAP_TAPCELL_ROW_448_898/vdd at location (33.044um, 69.660um).
[WARNING PSM-0039] Unconnected instance TAP_TAPCELL_ROW_450_902/vdd at location (33.044um, 69.948um).
[WARNING PSM-0039] Unconnected instance TAP_TAPCELL_ROW_452_906/vdd at location (33.044um, 70.236um).
[WARNING PSM-0039] Unconnected instance TAP_TAPCELL_ROW_454_910/vdd at location (33.044um, 70.524um).
[WARNING PSM-0039] Unconnected instance TAP_TAPCELL_ROW_456_914/vdd at location (33.044um, 70.812um).
[WARNING PSM-0039] Unconnected instance TAP_TAPCELL_ROW_458_918/vdd at location (33.044um, 71.100um).
[WARNING PSM-0039] Unconnected instance TAP_TAPCELL_ROW_460_922/vdd at location (33.044um, 71.388um).
[WARNING PSM-0039] Unconnected instance TAP_TAPCELL_ROW_462_926/vdd at location (33.044um, 71.676um).
[WARNING PSM-0039] Unconnected instance TAP_TAPCELL_ROW_464_930/vdd at location (33.044um, 71.964um).
[WARNING PSM-0039] Unconnected instance TAP_TAPCELL_ROW_466_934/vdd at location (33.044um, 72.252um).
[WARNING PSM-0039] Unconnected instance TAP_TAPCELL_ROW_468_938/vdd at location (33.044um, 72.540um).
[WARNING PSM-0039] Unconnected instance TAP_TAPCELL_ROW_470_942/vdd at location (33.044um, 72.828um).
[WARNING PSM-0039] Unconnected instance TAP_TAPCELL_ROW_472_946/vdd at location (33.044um, 73.116um).
[WARNING PSM-0039] Unconnected instance TAP_TAPCELL_ROW_474_950/vdd at location (33.044um, 73.404um).
[WARNING PSM-0039] Unconnected instance TAP_TAPCELL_ROW_476_954/vdd at location (33.044um, 73.692um).
[WARNING PSM-0039] Unconnected instance TAP_TAPCELL_ROW_478_958/vdd at location (33.044um, 73.980um).
[WARNING PSM-0039] Unconnected instance TAP_TAPCELL_ROW_480_962/vdd at location (33.044um, 74.268um).
[WARNING PSM-0039] Unconnected instance TAP_TAPCELL_ROW_482_966/vdd at location (33.044um, 74.556um).
[WARNING PSM-0039] Unconnected instance TAP_TAPCELL_ROW_484_970/vdd at location (33.044um, 74.844um).
[WARNING PSM-0039] Unconnected instance TAP_TAPCELL_ROW_486_974/vdd at location (33.044um, 75.132um).
[WARNING PSM-0039] Unconnected instance TAP_TAPCELL_ROW_488_978/vdd at location (33.044um, 75.420um).
[WARNING PSM-0039] Unconnected instance TAP_TAPCELL_ROW_490_982/vdd at location (33.044um, 75.708um).
[WARNING PSM-0039] Unconnected instance TAP_TAPCELL_ROW_492_986/vdd at location (33.044um, 75.996um).
[WARNING PSM-0039] Unconnected instance TAP_TAPCELL_ROW_494_990/vdd at location (33.044um, 76.284um).
[WARNING PSM-0039] Unconnected instance TAP_TAPCELL_ROW_496_994/vdd at location (33.044um, 76.572um).
[WARNING PSM-0039] Unconnected instance TAP_TAPCELL_ROW_498_998/vdd at location (33.044um, 76.860um).
[WARNING PSM-0039] Unconnected instance TAP_TAPCELL_ROW_500_1002/vdd at location (33.044um, 77.148um).
[WARNING PSM-0039] Unconnected instance TAP_TAPCELL_ROW_502_1006/vdd at location (33.044um, 77.436um).
[WARNING PSM-0039] Unconnected instance TAP_TAPCELL_ROW_504_1010/vdd at location (33.044um, 77.724um).
[WARNING PSM-0039] Unconnected instance TAP_TAPCELL_ROW_506_1014/vdd at location (33.044um, 78.012um).
[WARNING PSM-0039] Unconnected instance TAP_TAPCELL_ROW_508_1018/vdd at location (33.044um, 78.300um).
[WARNING PSM-0039] Unconnected instance TAP_TAPCELL_ROW_510_1022/vdd at location (33.044um, 78.588um).
[WARNING PSM-0039] Unconnected instance TAP_TAPCELL_ROW_512_1026/vdd at location (33.044um, 78.876um).
[WARNING PSM-0039] Unconnected instance TAP_TAPCELL_ROW_514_1030/vdd at location (33.044um, 79.164um).
[WARNING PSM-0039] Unconnected instance TAP_TAPCELL_ROW_516_1034/vdd at location (33.044um, 79.452um).
[WARNING PSM-0039] Unconnected instance TAP_TAPCELL_ROW_518_1038/vdd at location (33.044um, 79.740um).
[WARNING PSM-0039] Unconnected instance TAP_TAPCELL_ROW_520_1042/vdd at location (33.044um, 80.028um).
[WARNING PSM-0039] Unconnected instance TAP_TAPCELL_ROW_522_1046/vdd at location (33.044um, 80.316um).
[WARNING PSM-0039] Unconnected instance TAP_TAPCELL_ROW_524_1050/vdd at location (33.044um, 80.604um).
[WARNING PSM-0039] Unconnected instance TAP_TAPCELL_ROW_526_1054/vdd at location (33.044um, 80.892um).
[WARNING PSM-0039] Unconnected instance TAP_TAPCELL_ROW_528_1058/vdd at location (33.044um, 81.180um).
[WARNING PSM-0039] Unconnected instance TAP_TAPCELL_ROW_530_1062/vdd at location (33.044um, 81.468um).
[WARNING PSM-0039] Unconnected instance TAP_TAPCELL_ROW_532_1066/vdd at location (33.044um, 81.756um).
[WARNING PSM-0039] Unconnected instance TAP_TAPCELL_ROW_534_1070/vdd at location (33.044um, 82.044um).
[WARNING PSM-0039] Unconnected instance TAP_TAPCELL_ROW_536_1074/vdd at location (33.044um, 82.332um).
[WARNING PSM-0039] Unconnected instance TAP_TAPCELL_ROW_538_1078/vdd at location (33.044um, 82.620um).
[WARNING PSM-0039] Unconnected instance TAP_TAPCELL_ROW_540_1082/vdd at location (33.044um, 82.908um).
[WARNING PSM-0039] Unconnected instance TAP_TAPCELL_ROW_542_1086/vdd at location (33.044um, 83.196um).
[WARNING PSM-0039] Unconnected instance TAP_TAPCELL_ROW_544_1090/vdd at location (33.044um, 83.484um).
[WARNING PSM-0039] Unconnected instance TAP_TAPCELL_ROW_546_1094/vdd at location (33.044um, 83.772um).
[WARNING PSM-0039] Unconnected instance TAP_TAPCELL_ROW_548_1098/vdd at location (33.044um, 84.060um).
[WARNING PSM-0039] Unconnected instance TAP_TAPCELL_ROW_550_1102/vdd at location (33.044um, 84.348um).
[WARNING PSM-0039] Unconnected instance TAP_TAPCELL_ROW_552_1106/vdd at location (33.044um, 84.636um).
[WARNING PSM-0039] Unconnected instance TAP_TAPCELL_ROW_554_1110/vdd at location (33.044um, 84.924um).
[WARNING PSM-0039] Unconnected instance TAP_TAPCELL_ROW_556_1114/vdd at location (33.044um, 85.212um).
[WARNING PSM-0039] Unconnected instance TAP_TAPCELL_ROW_558_1118/vdd at location (33.044um, 85.500um).
[WARNING PSM-0039] Unconnected instance TAP_TAPCELL_ROW_560_1122/vdd at location (33.044um, 85.788um).
[WARNING PSM-0039] Unconnected instance TAP_TAPCELL_ROW_562_1126/vdd at location (33.044um, 86.076um).
[WARNING PSM-0039] Unconnected instance TAP_TAPCELL_ROW_564_1130/vdd at location (33.044um, 86.364um).
[WARNING PSM-0039] Unconnected instance TAP_TAPCELL_ROW_566_1134/vdd at location (33.044um, 86.652um).
[WARNING PSM-0039] Unconnected instance TAP_TAPCELL_ROW_568_1138/vdd at location (33.044um, 86.940um).
[WARNING PSM-0039] Unconnected instance TAP_TAPCELL_ROW_570_1142/vdd at location (33.044um, 87.228um).
[WARNING PSM-0039] Unconnected instance TAP_TAPCELL_ROW_572_1146/vdd at location (33.044um, 87.516um).
[WARNING PSM-0039] Unconnected instance TAP_TAPCELL_ROW_574_1150/vdd at location (33.044um, 87.804um).
[WARNING PSM-0039] Unconnected instance TAP_TAPCELL_ROW_576_1154/vdd at location (33.044um, 88.092um).
[WARNING PSM-0039] Unconnected instance TAP_TAPCELL_ROW_578_1158/vdd at location (33.044um, 88.380um).
[WARNING PSM-0039] Unconnected instance TAP_TAPCELL_ROW_580_1162/vdd at location (33.044um, 88.668um).
[WARNING PSM-0039] Unconnected instance TAP_TAPCELL_ROW_582_1166/vdd at location (33.044um, 88.956um).
[WARNING PSM-0039] Unconnected instance TAP_TAPCELL_ROW_584_1170/vdd at location (33.044um, 89.244um).
[WARNING PSM-0039] Unconnected instance TAP_TAPCELL_ROW_586_1174/vdd at location (33.044um, 89.532um).
[WARNING PSM-0039] Unconnected instance TAP_TAPCELL_ROW_588_1178/vdd at location (33.044um, 89.820um).
[WARNING PSM-0039] Unconnected instance TAP_TAPCELL_ROW_590_1182/vdd at location (33.044um, 90.108um).
[WARNING PSM-0039] Unconnected instance TAP_TAPCELL_ROW_592_1186/vdd at location (33.044um, 90.396um).
[WARNING PSM-0039] Unconnected instance TAP_TAPCELL_ROW_594_1190/vdd at location (33.044um, 90.684um).
[WARNING PSM-0039] Unconnected instance TAP_TAPCELL_ROW_596_1194/vdd at location (33.044um, 90.972um).
[WARNING PSM-0039] Unconnected instance TAP_TAPCELL_ROW_598_1198/vdd at location (33.044um, 91.260um).
[WARNING PSM-0039] Unconnected instance TAP_TAPCELL_ROW_600_1202/vdd at location (33.044um, 91.548um).
[WARNING PSM-0039] Unconnected instance TAP_TAPCELL_ROW_602_1206/vdd at location (33.044um, 91.836um).
[WARNING PSM-0039] Unconnected instance TAP_TAPCELL_ROW_604_1210/vdd at location (33.044um, 92.124um).
[WARNING PSM-0039] Unconnected instance TAP_TAPCELL_ROW_606_1214/vdd at location (33.044um, 92.412um).
[WARNING PSM-0039] Unconnected instance TAP_TAPCELL_ROW_608_1218/vdd at location (33.044um, 92.700um).
[WARNING PSM-0039] Unconnected instance TAP_TAPCELL_ROW_610_1222/vdd at location (33.044um, 92.988um).
[WARNING PSM-0039] Unconnected instance TAP_TAPCELL_ROW_612_1226/vdd at location (33.044um, 93.276um).
[WARNING PSM-0039] Unconnected instance TAP_TAPCELL_ROW_614_1230/vdd at location (33.044um, 93.564um).
[WARNING PSM-0039] Unconnected instance TAP_TAPCELL_ROW_616_1234/vdd at location (33.044um, 93.852um).
[WARNING PSM-0039] Unconnected instance TAP_TAPCELL_ROW_618_1238/vdd at location (33.044um, 94.140um).
[WARNING PSM-0039] Unconnected instance TAP_TAPCELL_ROW_620_1242/vdd at location (33.044um, 94.428um).
[WARNING PSM-0039] Unconnected instance TAP_TAPCELL_ROW_622_1246/vdd at location (33.044um, 94.716um).
[WARNING PSM-0039] Unconnected instance TAP_TAPCELL_ROW_624_1250/vdd at location (33.044um, 95.004um).
[WARNING PSM-0039] Unconnected instance TAP_TAPCELL_ROW_626_1254/vdd at location (33.044um, 95.292um).
[WARNING PSM-0039] Unconnected instance TAP_TAPCELL_ROW_628_1258/vdd at location (33.044um, 95.580um).
[WARNING PSM-0039] Unconnected instance TAP_TAPCELL_ROW_630_1262/vdd at location (33.044um, 95.868um).
[WARNING PSM-0039] Unconnected instance TAP_TAPCELL_ROW_632_1266/vdd at location (33.044um, 96.156um).
[WARNING PSM-0039] Unconnected instance TAP_TAPCELL_ROW_634_1270/vdd at location (33.044um, 96.444um).
[WARNING PSM-0039] Unconnected instance TAP_TAPCELL_ROW_636_1274/vdd at location (33.044um, 96.732um).
[WARNING PSM-0039] Unconnected instance TAP_TAPCELL_ROW_638_1278/vdd at location (33.044um, 97.020um).
[WARNING PSM-0039] Unconnected instance TAP_TAPCELL_ROW_640_1282/vdd at location (33.044um, 97.308um).
[WARNING PSM-0039] Unconnected instance TAP_TAPCELL_ROW_642_1286/vdd at location (33.044um, 97.596um).
[WARNING PSM-0039] Unconnected instance TAP_TAPCELL_ROW_644_1290/vdd at location (33.044um, 97.884um).
[WARNING PSM-0039] Unconnected instance TAP_TAPCELL_ROW_646_1294/vdd at location (33.044um, 98.172um).
[WARNING PSM-0039] Unconnected instance TAP_TAPCELL_ROW_648_1298/vdd at location (33.044um, 98.460um).
[WARNING PSM-0039] Unconnected instance TAP_TAPCELL_ROW_650_1302/vdd at location (33.044um, 98.748um).
[WARNING PSM-0039] Unconnected instance TAP_TAPCELL_ROW_652_1306/vdd at location (33.044um, 99.036um).
[WARNING PSM-0039] Unconnected instance TAP_TAPCELL_ROW_654_1310/vdd at location (33.044um, 99.324um).
[WARNING PSM-0039] Unconnected instance TAP_TAPCELL_ROW_656_1314/vdd at location (33.044um, 99.612um).
[WARNING PSM-0039] Unconnected instance TAP_TAPCELL_ROW_658_1318/vdd at location (33.044um, 99.900um).
[WARNING PSM-0039] Unconnected instance TAP_TAPCELL_ROW_660_1322/vdd at location (33.044um, 100.188um).
[WARNING PSM-0039] Unconnected instance TAP_TAPCELL_ROW_662_1326/vdd at location (33.044um, 100.476um).
[WARNING PSM-0039] Unconnected instance TAP_TAPCELL_ROW_664_1330/vdd at location (33.044um, 100.764um).
[WARNING PSM-0039] Unconnected instance TAP_TAPCELL_ROW_666_1334/vdd at location (33.044um, 101.052um).
[WARNING PSM-0039] Unconnected instance TAP_TAPCELL_ROW_668_1338/vdd at location (33.044um, 101.340um).
[WARNING PSM-0039] Unconnected instance TAP_TAPCELL_ROW_670_1342/vdd at location (33.044um, 101.628um).
[WARNING PSM-0039] Unconnected instance TAP_TAPCELL_ROW_672_1346/vdd at location (33.044um, 101.916um).
[WARNING PSM-0039] Unconnected instance TAP_TAPCELL_ROW_674_1350/vdd at location (33.044um, 102.204um).
[WARNING PSM-0039] Unconnected instance TAP_TAPCELL_ROW_676_1354/vdd at location (33.044um, 102.492um).
[WARNING PSM-0039] Unconnected instance TAP_TAPCELL_ROW_678_1358/vdd at location (33.044um, 102.780um).
[WARNING PSM-0039] Unconnected instance TAP_TAPCELL_ROW_680_1362/vdd at location (33.044um, 103.068um).
[WARNING PSM-0039] Unconnected instance TAP_TAPCELL_ROW_682_1366/vdd at location (33.044um, 103.356um).
[WARNING PSM-0039] Unconnected instance TAP_TAPCELL_ROW_684_1370/vdd at location (33.044um, 103.644um).
[WARNING PSM-0039] Unconnected instance TAP_TAPCELL_ROW_686_1374/vdd at location (33.044um, 103.932um).
[WARNING PSM-0039] Unconnected instance TAP_TAPCELL_ROW_688_1378/vdd at location (33.044um, 104.220um).
[WARNING PSM-0039] Unconnected instance TAP_TAPCELL_ROW_690_1382/vdd at location (33.044um, 104.508um).
[WARNING PSM-0039] Unconnected instance TAP_TAPCELL_ROW_692_1386/vdd at location (33.044um, 104.796um).
[WARNING PSM-0039] Unconnected instance TAP_TAPCELL_ROW_694_1390/vdd at location (33.044um, 105.084um).
[WARNING PSM-0039] Unconnected instance TAP_TAPCELL_ROW_696_1394/vdd at location (33.044um, 105.372um).
[WARNING PSM-0039] Unconnected instance TAP_TAPCELL_ROW_698_1398/vdd at location (33.044um, 105.660um).
[WARNING PSM-0039] Unconnected instance TAP_TAPCELL_ROW_700_1402/vdd at location (33.044um, 105.948um).
[WARNING PSM-0039] Unconnected instance TAP_TAPCELL_ROW_702_1406/vdd at location (33.044um, 106.236um).
[WARNING PSM-0039] Unconnected instance TAP_TAPCELL_ROW_704_1410/vdd at location (33.044um, 106.524um).
[WARNING PSM-0039] Unconnected instance TAP_TAPCELL_ROW_706_1414/vdd at location (33.044um, 106.812um).
[WARNING PSM-0039] Unconnected instance TAP_TAPCELL_ROW_708_1418/vdd at location (33.044um, 107.100um).
[WARNING PSM-0039] Unconnected instance TAP_TAPCELL_ROW_710_1422/vdd at location (33.044um, 107.388um).
[WARNING PSM-0039] Unconnected instance TAP_TAPCELL_ROW_712_1426/vdd at location (33.044um, 107.676um).
[WARNING PSM-0039] Unconnected instance TAP_TAPCELL_ROW_714_1430/vdd at location (33.044um, 107.964um).
[WARNING PSM-0039] Unconnected instance TAP_TAPCELL_ROW_716_1434/vdd at location (33.044um, 108.252um).
[WARNING PSM-0039] Unconnected instance TAP_TAPCELL_ROW_718_1438/vdd at location (33.044um, 108.540um).
[WARNING PSM-0039] Unconnected instance TAP_TAPCELL_ROW_720_1442/vdd at location (33.044um, 108.828um).
[WARNING PSM-0039] Unconnected instance TAP_TAPCELL_ROW_722_1446/vdd at location (33.044um, 109.116um).
[WARNING PSM-0039] Unconnected instance TAP_TAPCELL_ROW_724_1450/vdd at location (33.044um, 109.404um).
[WARNING PSM-0039] Unconnected instance TAP_TAPCELL_ROW_726_1454/vdd at location (33.044um, 109.692um).
[WARNING PSM-0039] Unconnected instance TAP_TAPCELL_ROW_728_1458/vdd at location (33.044um, 109.980um).
[WARNING PSM-0039] Unconnected instance TAP_TAPCELL_ROW_730_1462/vdd at location (33.044um, 110.268um).
[WARNING PSM-0039] Unconnected instance TAP_TAPCELL_ROW_732_1466/vdd at location (33.044um, 110.556um).
[WARNING PSM-0039] Unconnected instance TAP_TAPCELL_ROW_734_1470/vdd at location (33.044um, 110.844um).
[WARNING PSM-0039] Unconnected instance TAP_TAPCELL_ROW_736_1474/vdd at location (33.044um, 111.132um).
[WARNING PSM-0039] Unconnected instance TAP_TAPCELL_ROW_738_1478/vdd at location (33.044um, 111.420um).
[WARNING PSM-0039] Unconnected instance TAP_TAPCELL_ROW_740_1482/vdd at location (33.044um, 111.708um).
[WARNING PSM-0039] Unconnected instance TAP_TAPCELL_ROW_742_1486/vdd at location (33.044um, 111.996um).
[WARNING PSM-0039] Unconnected instance TAP_TAPCELL_ROW_744_1490/vdd at location (33.044um, 112.284um).
[WARNING PSM-0039] Unconnected instance TAP_TAPCELL_ROW_746_1494/vdd at location (33.044um, 112.572um).
[WARNING PSM-0039] Unconnected instance TAP_TAPCELL_ROW_748_1498/vdd at location (33.044um, 112.860um).
[WARNING PSM-0039] Unconnected instance TAP_TAPCELL_ROW_750_1502/vdd at location (33.044um, 113.148um).
[WARNING PSM-0039] Unconnected instance TAP_TAPCELL_ROW_752_1506/vdd at location (33.044um, 113.436um).
[WARNING PSM-0039] Unconnected instance TAP_TAPCELL_ROW_754_1510/vdd at location (33.044um, 113.724um).
[WARNING PSM-0039] Unconnected instance TAP_TAPCELL_ROW_756_1514/vdd at location (33.044um, 114.012um).
[WARNING PSM-0039] Unconnected instance TAP_TAPCELL_ROW_758_1518/vdd at location (33.044um, 114.300um).
[WARNING PSM-0039] Unconnected instance TAP_TAPCELL_ROW_760_1522/vdd at location (33.044um, 114.588um).
[WARNING PSM-0039] Unconnected instance TAP_TAPCELL_ROW_762_1526/vdd at location (33.044um, 114.876um).
[WARNING PSM-0039] Unconnected instance TAP_TAPCELL_ROW_764_1530/vdd at location (33.044um, 115.164um).
[WARNING PSM-0039] Unconnected instance TAP_TAPCELL_ROW_766_1534/vdd at location (33.044um, 115.452um).
[WARNING PSM-0039] Unconnected instance TAP_TAPCELL_ROW_768_1538/vdd at location (33.044um, 115.740um).
[WARNING PSM-0039] Unconnected instance TAP_TAPCELL_ROW_770_1542/vdd at location (33.044um, 116.028um).
[WARNING PSM-0039] Unconnected instance TAP_TAPCELL_ROW_772_1546/vdd at location (33.044um, 116.316um).
[WARNING PSM-0039] Unconnected instance TAP_TAPCELL_ROW_774_1550/vdd at location (33.044um, 116.604um).
[WARNING PSM-0039] Unconnected instance TAP_TAPCELL_ROW_776_1554/vdd at location (33.044um, 116.892um).
[WARNING PSM-0039] Unconnected instance TAP_TAPCELL_ROW_778_1558/vdd at location (33.044um, 117.180um).
[WARNING PSM-0039] Unconnected instance TAP_TAPCELL_ROW_780_1562/vdd at location (33.044um, 117.468um).
[WARNING PSM-0039] Unconnected instance TAP_TAPCELL_ROW_782_1566/vdd at location (33.044um, 117.756um).
[WARNING PSM-0039] Unconnected instance TAP_TAPCELL_ROW_784_1570/vdd at location (33.044um, 118.044um).
[WARNING PSM-0039] Unconnected instance TAP_TAPCELL_ROW_786_1574/vdd at location (33.044um, 118.332um).
[WARNING PSM-0039] Unconnected instance TAP_TAPCELL_ROW_788_1578/vdd at location (33.044um, 118.620um).
[WARNING PSM-0039] Unconnected instance TAP_TAPCELL_ROW_790_1582/vdd at location (33.044um, 118.908um).
[WARNING PSM-0039] Unconnected instance TAP_TAPCELL_ROW_792_1586/vdd at location (33.044um, 119.196um).
[WARNING PSM-0039] Unconnected instance TAP_TAPCELL_ROW_794_1590/vdd at location (33.044um, 119.484um).
[WARNING PSM-0039] Unconnected instance TAP_TAPCELL_ROW_796_1594/vdd at location (33.044um, 119.772um).
[WARNING PSM-0039] Unconnected instance TAP_TAPCELL_ROW_798_1598/vdd at location (33.044um, 120.060um).
[WARNING PSM-0039] Unconnected instance TAP_TAPCELL_ROW_800_1602/vdd at location (33.044um, 120.348um).
[WARNING PSM-0039] Unconnected instance TAP_TAPCELL_ROW_802_1606/vdd at location (33.044um, 120.636um).
[WARNING PSM-0039] Unconnected instance TAP_TAPCELL_ROW_804_1610/vdd at location (33.044um, 120.924um).
[WARNING PSM-0039] Unconnected instance TAP_TAPCELL_ROW_806_1614/vdd at location (33.044um, 121.212um).
[WARNING PSM-0039] Unconnected instance TAP_TAPCELL_ROW_808_1618/vdd at location (33.044um, 121.500um).
[WARNING PSM-0039] Unconnected instance TAP_TAPCELL_ROW_810_1622/vdd at location (33.044um, 121.788um).
[WARNING PSM-0039] Unconnected instance TAP_TAPCELL_ROW_812_1626/vdd at location (33.044um, 122.076um).
[WARNING PSM-0039] Unconnected instance TAP_TAPCELL_ROW_814_1630/vdd at location (33.044um, 122.364um).
[WARNING PSM-0039] Unconnected instance TAP_TAPCELL_ROW_816_1634/vdd at location (33.044um, 122.652um).
[WARNING PSM-0039] Unconnected instance TAP_TAPCELL_ROW_818_1638/vdd at location (33.044um, 122.940um).
[WARNING PSM-0039] Unconnected instance TAP_TAPCELL_ROW_820_1642/vdd at location (33.044um, 123.228um).
[WARNING PSM-0039] Unconnected instance TAP_TAPCELL_ROW_822_1646/vdd at location (33.044um, 123.516um).
[WARNING PSM-0039] Unconnected instance TAP_TAPCELL_ROW_824_1650/vdd at location (33.044um, 123.804um).
[WARNING PSM-0039] Unconnected instance TAP_TAPCELL_ROW_826_1654/vdd at location (33.044um, 124.092um).
[WARNING PSM-0039] Unconnected instance TAP_TAPCELL_ROW_828_1658/vdd at location (33.044um, 124.380um).
[WARNING PSM-0039] Unconnected instance TAP_TAPCELL_ROW_830_1662/vdd at location (33.044um, 124.668um).
[WARNING PSM-0039] Unconnected instance TAP_TAPCELL_ROW_832_1666/vdd at location (33.044um, 124.956um).
[WARNING PSM-0039] Unconnected instance TAP_TAPCELL_ROW_834_1670/vdd at location (33.044um, 125.244um).
[WARNING PSM-0039] Unconnected instance TAP_TAPCELL_ROW_836_1674/vdd at location (33.044um, 125.532um).
[WARNING PSM-0039] Unconnected instance TAP_TAPCELL_ROW_838_1678/vdd at location (33.044um, 125.820um).
[WARNING PSM-0039] Unconnected instance TAP_TAPCELL_ROW_840_1682/vdd at location (33.044um, 126.108um).
[WARNING PSM-0039] Unconnected instance TAP_TAPCELL_ROW_842_1686/vdd at location (33.044um, 126.396um).
[WARNING PSM-0039] Unconnected instance TAP_TAPCELL_ROW_844_1690/vdd at location (33.044um, 126.684um).
[WARNING PSM-0039] Unconnected instance TAP_TAPCELL_ROW_846_1694/vdd at location (33.044um, 126.972um).
[WARNING PSM-0039] Unconnected instance TAP_TAPCELL_ROW_0_1/vdd at location (61.016um, 5.148um).
[WARNING PSM-0039] Unconnected instance TAP_TAPCELL_ROW_1_4/vdd at location (61.016um, 5.220um).
[WARNING PSM-0039] Unconnected instance TAP_TAPCELL_ROW_3_8/vdd at location (61.016um, 5.508um).
[WARNING PSM-0039] Unconnected instance TAP_TAPCELL_ROW_5_12/vdd at location (61.016um, 5.796um).
[WARNING PSM-0039] Unconnected instance TAP_TAPCELL_ROW_7_16/vdd at location (61.016um, 6.084um).
[WARNING PSM-0039] Unconnected instance TAP_TAPCELL_ROW_9_20/vdd at location (61.016um, 6.372um).
[WARNING PSM-0039] Unconnected instance TAP_TAPCELL_ROW_11_24/vdd at location (61.016um, 6.660um).
[WARNING PSM-0039] Unconnected instance TAP_TAPCELL_ROW_13_28/vdd at location (61.016um, 6.948um).
[WARNING PSM-0039] Unconnected instance TAP_TAPCELL_ROW_15_32/vdd at location (61.016um, 7.236um).
[WARNING PSM-0039] Unconnected instance TAP_TAPCELL_ROW_17_36/vdd at location (61.016um, 7.524um).
[WARNING PSM-0039] Unconnected instance TAP_TAPCELL_ROW_19_40/vdd at location (61.016um, 7.812um).
[WARNING PSM-0039] Unconnected instance TAP_TAPCELL_ROW_21_44/vdd at location (61.016um, 8.100um).
[WARNING PSM-0039] Unconnected instance TAP_TAPCELL_ROW_23_48/vdd at location (61.016um, 8.388um).
[WARNING PSM-0039] Unconnected instance TAP_TAPCELL_ROW_25_52/vdd at location (61.016um, 8.676um).
[WARNING PSM-0039] Unconnected instance TAP_TAPCELL_ROW_27_56/vdd at location (61.016um, 8.964um).
[WARNING PSM-0039] Unconnected instance TAP_TAPCELL_ROW_29_60/vdd at location (61.016um, 9.252um).
[WARNING PSM-0039] Unconnected instance TAP_TAPCELL_ROW_31_64/vdd at location (61.016um, 9.540um).
[WARNING PSM-0039] Unconnected instance TAP_TAPCELL_ROW_33_68/vdd at location (61.016um, 9.828um).
[WARNING PSM-0039] Unconnected instance TAP_TAPCELL_ROW_35_72/vdd at location (61.016um, 10.116um).
[WARNING PSM-0039] Unconnected instance TAP_TAPCELL_ROW_37_76/vdd at location (61.016um, 10.404um).
[WARNING PSM-0039] Unconnected instance TAP_TAPCELL_ROW_39_80/vdd at location (61.016um, 10.692um).
[WARNING PSM-0039] Unconnected instance TAP_TAPCELL_ROW_41_84/vdd at location (61.016um, 10.980um).
[WARNING PSM-0039] Unconnected instance TAP_TAPCELL_ROW_43_88/vdd at location (61.016um, 11.268um).
[WARNING PSM-0039] Unconnected instance TAP_TAPCELL_ROW_45_92/vdd at location (61.016um, 11.556um).
[WARNING PSM-0039] Unconnected instance TAP_TAPCELL_ROW_47_96/vdd at location (61.016um, 11.844um).
[WARNING PSM-0039] Unconnected instance TAP_TAPCELL_ROW_49_100/vdd at location (61.016um, 12.132um).
[WARNING PSM-0039] Unconnected instance TAP_TAPCELL_ROW_51_104/vdd at location (61.016um, 12.420um).
[WARNING PSM-0039] Unconnected instance TAP_TAPCELL_ROW_53_108/vdd at location (61.016um, 12.708um).
[WARNING PSM-0039] Unconnected instance TAP_TAPCELL_ROW_55_112/vdd at location (61.016um, 12.996um).
[WARNING PSM-0039] Unconnected instance TAP_TAPCELL_ROW_57_116/vdd at location (61.016um, 13.284um).
[WARNING PSM-0039] Unconnected instance TAP_TAPCELL_ROW_59_120/vdd at location (61.016um, 13.572um).
[WARNING PSM-0039] Unconnected instance TAP_TAPCELL_ROW_61_124/vdd at location (61.016um, 13.860um).
[WARNING PSM-0039] Unconnected instance TAP_TAPCELL_ROW_63_128/vdd at location (61.016um, 14.148um).
[WARNING PSM-0039] Unconnected instance TAP_TAPCELL_ROW_65_132/vdd at location (61.016um, 14.436um).
[WARNING PSM-0039] Unconnected instance TAP_TAPCELL_ROW_67_136/vdd at location (61.016um, 14.724um).
[WARNING PSM-0039] Unconnected instance TAP_TAPCELL_ROW_69_140/vdd at location (61.016um, 15.012um).
[WARNING PSM-0039] Unconnected instance TAP_TAPCELL_ROW_71_144/vdd at location (61.016um, 15.300um).
[WARNING PSM-0039] Unconnected instance TAP_TAPCELL_ROW_73_148/vdd at location (61.016um, 15.588um).
[WARNING PSM-0039] Unconnected instance TAP_TAPCELL_ROW_75_152/vdd at location (61.016um, 15.876um).
[WARNING PSM-0039] Unconnected instance TAP_TAPCELL_ROW_77_156/vdd at location (61.016um, 16.164um).
[WARNING PSM-0039] Unconnected instance TAP_TAPCELL_ROW_79_160/vdd at location (61.016um, 16.452um).
[WARNING PSM-0039] Unconnected instance TAP_TAPCELL_ROW_81_164/vdd at location (61.016um, 16.740um).
[WARNING PSM-0039] Unconnected instance TAP_TAPCELL_ROW_83_168/vdd at location (61.016um, 17.028um).
[WARNING PSM-0039] Unconnected instance TAP_TAPCELL_ROW_85_172/vdd at location (61.016um, 17.316um).
[WARNING PSM-0039] Unconnected instance TAP_TAPCELL_ROW_87_176/vdd at location (61.016um, 17.604um).
[WARNING PSM-0039] Unconnected instance TAP_TAPCELL_ROW_89_180/vdd at location (61.016um, 17.892um).
[WARNING PSM-0039] Unconnected instance TAP_TAPCELL_ROW_91_184/vdd at location (61.016um, 18.180um).
[WARNING PSM-0039] Unconnected instance TAP_TAPCELL_ROW_93_188/vdd at location (61.016um, 18.468um).
[WARNING PSM-0039] Unconnected instance TAP_TAPCELL_ROW_95_192/vdd at location (61.016um, 18.756um).
[WARNING PSM-0039] Unconnected instance TAP_TAPCELL_ROW_97_196/vdd at location (61.016um, 19.044um).
[WARNING PSM-0039] Unconnected instance TAP_TAPCELL_ROW_99_200/vdd at location (61.016um, 19.332um).
[WARNING PSM-0039] Unconnected instance TAP_TAPCELL_ROW_101_204/vdd at location (61.016um, 19.620um).
[WARNING PSM-0039] Unconnected instance TAP_TAPCELL_ROW_103_208/vdd at location (61.016um, 19.908um).
[WARNING PSM-0039] Unconnected instance TAP_TAPCELL_ROW_105_212/vdd at location (61.016um, 20.196um).
[WARNING PSM-0039] Unconnected instance TAP_TAPCELL_ROW_107_216/vdd at location (61.016um, 20.484um).
[WARNING PSM-0039] Unconnected instance TAP_TAPCELL_ROW_109_220/vdd at location (61.016um, 20.772um).
[WARNING PSM-0039] Unconnected instance TAP_TAPCELL_ROW_111_224/vdd at location (61.016um, 21.060um).
[WARNING PSM-0039] Unconnected instance TAP_TAPCELL_ROW_113_228/vdd at location (61.016um, 21.348um).
[WARNING PSM-0039] Unconnected instance TAP_TAPCELL_ROW_115_232/vdd at location (61.016um, 21.636um).
[WARNING PSM-0039] Unconnected instance TAP_TAPCELL_ROW_117_236/vdd at location (61.016um, 21.924um).
[WARNING PSM-0039] Unconnected instance TAP_TAPCELL_ROW_119_240/vdd at location (61.016um, 22.212um).
[WARNING PSM-0039] Unconnected instance TAP_TAPCELL_ROW_121_244/vdd at location (61.016um, 22.500um).
[WARNING PSM-0039] Unconnected instance TAP_TAPCELL_ROW_123_248/vdd at location (61.016um, 22.788um).
[WARNING PSM-0039] Unconnected instance TAP_TAPCELL_ROW_125_252/vdd at location (61.016um, 23.076um).
[WARNING PSM-0039] Unconnected instance TAP_TAPCELL_ROW_127_256/vdd at location (61.016um, 23.364um).
[WARNING PSM-0039] Unconnected instance TAP_TAPCELL_ROW_129_260/vdd at location (61.016um, 23.652um).
[WARNING PSM-0039] Unconnected instance TAP_TAPCELL_ROW_131_264/vdd at location (61.016um, 23.940um).
[WARNING PSM-0039] Unconnected instance TAP_TAPCELL_ROW_133_268/vdd at location (61.016um, 24.228um).
[WARNING PSM-0039] Unconnected instance TAP_TAPCELL_ROW_135_272/vdd at location (61.016um, 24.516um).
[WARNING PSM-0039] Unconnected instance TAP_TAPCELL_ROW_137_276/vdd at location (61.016um, 24.804um).
[WARNING PSM-0039] Unconnected instance TAP_TAPCELL_ROW_139_280/vdd at location (61.016um, 25.092um).
[WARNING PSM-0039] Unconnected instance TAP_TAPCELL_ROW_141_284/vdd at location (61.016um, 25.380um).
[WARNING PSM-0039] Unconnected instance TAP_TAPCELL_ROW_143_288/vdd at location (61.016um, 25.668um).
[WARNING PSM-0039] Unconnected instance TAP_TAPCELL_ROW_145_292/vdd at location (61.016um, 25.956um).
[WARNING PSM-0039] Unconnected instance TAP_TAPCELL_ROW_147_296/vdd at location (61.016um, 26.244um).
[WARNING PSM-0039] Unconnected instance TAP_TAPCELL_ROW_149_300/vdd at location (61.016um, 26.532um).
[WARNING PSM-0039] Unconnected instance TAP_TAPCELL_ROW_151_304/vdd at location (61.016um, 26.820um).
[WARNING PSM-0039] Unconnected instance TAP_TAPCELL_ROW_153_308/vdd at location (61.016um, 27.108um).
[WARNING PSM-0039] Unconnected instance TAP_TAPCELL_ROW_155_312/vdd at location (61.016um, 27.396um).
[WARNING PSM-0039] Unconnected instance TAP_TAPCELL_ROW_157_316/vdd at location (61.016um, 27.684um).
[WARNING PSM-0039] Unconnected instance TAP_TAPCELL_ROW_159_320/vdd at location (61.016um, 27.972um).
[WARNING PSM-0039] Unconnected instance TAP_TAPCELL_ROW_161_324/vdd at location (61.016um, 28.260um).
[WARNING PSM-0039] Unconnected instance TAP_TAPCELL_ROW_163_328/vdd at location (61.016um, 28.548um).
[WARNING PSM-0039] Unconnected instance TAP_TAPCELL_ROW_165_332/vdd at location (61.016um, 28.836um).
[WARNING PSM-0039] Unconnected instance TAP_TAPCELL_ROW_167_336/vdd at location (61.016um, 29.124um).
[WARNING PSM-0039] Unconnected instance TAP_TAPCELL_ROW_169_340/vdd at location (61.016um, 29.412um).
[WARNING PSM-0039] Unconnected instance TAP_TAPCELL_ROW_171_344/vdd at location (61.016um, 29.700um).
[WARNING PSM-0039] Unconnected instance TAP_TAPCELL_ROW_173_348/vdd at location (61.016um, 29.988um).
[WARNING PSM-0039] Unconnected instance TAP_TAPCELL_ROW_175_352/vdd at location (61.016um, 30.276um).
[WARNING PSM-0039] Unconnected instance TAP_TAPCELL_ROW_177_356/vdd at location (61.016um, 30.564um).
[WARNING PSM-0039] Unconnected instance TAP_TAPCELL_ROW_179_360/vdd at location (61.016um, 30.852um).
[WARNING PSM-0039] Unconnected instance TAP_TAPCELL_ROW_181_364/vdd at location (61.016um, 31.140um).
[WARNING PSM-0039] Unconnected instance TAP_TAPCELL_ROW_183_368/vdd at location (61.016um, 31.428um).
[WARNING PSM-0039] Unconnected instance TAP_TAPCELL_ROW_185_372/vdd at location (61.016um, 31.716um).
[WARNING PSM-0039] Unconnected instance TAP_TAPCELL_ROW_187_376/vdd at location (61.016um, 32.004um).
[WARNING PSM-0039] Unconnected instance TAP_TAPCELL_ROW_189_380/vdd at location (61.016um, 32.292um).
[WARNING PSM-0039] Unconnected instance TAP_TAPCELL_ROW_191_384/vdd at location (61.016um, 32.580um).
[WARNING PSM-0039] Unconnected instance TAP_TAPCELL_ROW_193_388/vdd at location (61.016um, 32.868um).
[WARNING PSM-0039] Unconnected instance TAP_TAPCELL_ROW_195_392/vdd at location (61.016um, 33.156um).
[WARNING PSM-0039] Unconnected instance TAP_TAPCELL_ROW_197_396/vdd at location (61.016um, 33.444um).
[WARNING PSM-0039] Unconnected instance TAP_TAPCELL_ROW_199_400/vdd at location (61.016um, 33.732um).
[WARNING PSM-0039] Unconnected instance TAP_TAPCELL_ROW_201_404/vdd at location (61.016um, 34.020um).
[WARNING PSM-0039] Unconnected instance TAP_TAPCELL_ROW_203_408/vdd at location (61.016um, 34.308um).
[WARNING PSM-0039] Unconnected instance TAP_TAPCELL_ROW_205_412/vdd at location (61.016um, 34.596um).
[WARNING PSM-0039] Unconnected instance TAP_TAPCELL_ROW_207_416/vdd at location (61.016um, 34.884um).
[WARNING PSM-0039] Unconnected instance TAP_TAPCELL_ROW_209_420/vdd at location (61.016um, 35.172um).
[WARNING PSM-0039] Unconnected instance TAP_TAPCELL_ROW_211_424/vdd at location (61.016um, 35.460um).
[WARNING PSM-0039] Unconnected instance TAP_TAPCELL_ROW_213_428/vdd at location (61.016um, 35.748um).
[WARNING PSM-0039] Unconnected instance TAP_TAPCELL_ROW_215_432/vdd at location (61.016um, 36.036um).
[WARNING PSM-0039] Unconnected instance TAP_TAPCELL_ROW_217_436/vdd at location (61.016um, 36.324um).
[WARNING PSM-0039] Unconnected instance TAP_TAPCELL_ROW_219_440/vdd at location (61.016um, 36.612um).
[WARNING PSM-0039] Unconnected instance TAP_TAPCELL_ROW_221_444/vdd at location (61.016um, 36.900um).
[WARNING PSM-0039] Unconnected instance TAP_TAPCELL_ROW_223_448/vdd at location (61.016um, 37.188um).
[WARNING PSM-0039] Unconnected instance TAP_TAPCELL_ROW_225_452/vdd at location (61.016um, 37.476um).
[WARNING PSM-0039] Unconnected instance TAP_TAPCELL_ROW_227_456/vdd at location (61.016um, 37.764um).
[WARNING PSM-0039] Unconnected instance TAP_TAPCELL_ROW_229_460/vdd at location (61.016um, 38.052um).
[WARNING PSM-0039] Unconnected instance TAP_TAPCELL_ROW_231_464/vdd at location (61.016um, 38.340um).
[WARNING PSM-0039] Unconnected instance TAP_TAPCELL_ROW_233_468/vdd at location (61.016um, 38.628um).
[WARNING PSM-0039] Unconnected instance TAP_TAPCELL_ROW_235_472/vdd at location (61.016um, 38.916um).
[WARNING PSM-0039] Unconnected instance TAP_TAPCELL_ROW_237_476/vdd at location (61.016um, 39.204um).
[WARNING PSM-0039] Unconnected instance TAP_TAPCELL_ROW_239_480/vdd at location (61.016um, 39.492um).
[WARNING PSM-0039] Unconnected instance TAP_TAPCELL_ROW_241_484/vdd at location (61.016um, 39.780um).
[WARNING PSM-0039] Unconnected instance TAP_TAPCELL_ROW_243_488/vdd at location (61.016um, 40.068um).
[WARNING PSM-0039] Unconnected instance TAP_TAPCELL_ROW_245_492/vdd at location (61.016um, 40.356um).
[WARNING PSM-0039] Unconnected instance TAP_TAPCELL_ROW_247_496/vdd at location (61.016um, 40.644um).
[WARNING PSM-0039] Unconnected instance TAP_TAPCELL_ROW_249_500/vdd at location (61.016um, 40.932um).
[WARNING PSM-0039] Unconnected instance TAP_TAPCELL_ROW_251_504/vdd at location (61.016um, 41.220um).
[WARNING PSM-0039] Unconnected instance TAP_TAPCELL_ROW_253_508/vdd at location (61.016um, 41.508um).
[WARNING PSM-0039] Unconnected instance TAP_TAPCELL_ROW_255_512/vdd at location (61.016um, 41.796um).
[WARNING PSM-0039] Unconnected instance TAP_TAPCELL_ROW_257_516/vdd at location (61.016um, 42.084um).
[WARNING PSM-0039] Unconnected instance TAP_TAPCELL_ROW_259_520/vdd at location (61.016um, 42.372um).
[WARNING PSM-0039] Unconnected instance TAP_TAPCELL_ROW_261_524/vdd at location (61.016um, 42.660um).
[WARNING PSM-0039] Unconnected instance TAP_TAPCELL_ROW_263_528/vdd at location (61.016um, 42.948um).
[WARNING PSM-0039] Unconnected instance TAP_TAPCELL_ROW_265_532/vdd at location (61.016um, 43.236um).
[WARNING PSM-0039] Unconnected instance TAP_TAPCELL_ROW_267_536/vdd at location (61.016um, 43.524um).
[WARNING PSM-0039] Unconnected instance TAP_TAPCELL_ROW_269_540/vdd at location (61.016um, 43.812um).
[WARNING PSM-0039] Unconnected instance TAP_TAPCELL_ROW_271_544/vdd at location (61.016um, 44.100um).
[WARNING PSM-0039] Unconnected instance TAP_TAPCELL_ROW_273_548/vdd at location (61.016um, 44.388um).
[WARNING PSM-0039] Unconnected instance TAP_TAPCELL_ROW_275_552/vdd at location (61.016um, 44.676um).
[WARNING PSM-0039] Unconnected instance TAP_TAPCELL_ROW_277_556/vdd at location (61.016um, 44.964um).
[WARNING PSM-0039] Unconnected instance TAP_TAPCELL_ROW_279_560/vdd at location (61.016um, 45.252um).
[WARNING PSM-0039] Unconnected instance TAP_TAPCELL_ROW_281_564/vdd at location (61.016um, 45.540um).
[WARNING PSM-0039] Unconnected instance TAP_TAPCELL_ROW_283_568/vdd at location (61.016um, 45.828um).
[WARNING PSM-0039] Unconnected instance TAP_TAPCELL_ROW_285_572/vdd at location (61.016um, 46.116um).
[WARNING PSM-0039] Unconnected instance TAP_TAPCELL_ROW_287_576/vdd at location (61.016um, 46.404um).
[WARNING PSM-0039] Unconnected instance TAP_TAPCELL_ROW_289_580/vdd at location (61.016um, 46.692um).
[WARNING PSM-0039] Unconnected instance TAP_TAPCELL_ROW_291_584/vdd at location (61.016um, 46.980um).
[WARNING PSM-0039] Unconnected instance TAP_TAPCELL_ROW_293_588/vdd at location (61.016um, 47.268um).
[WARNING PSM-0039] Unconnected instance TAP_TAPCELL_ROW_295_592/vdd at location (61.016um, 47.556um).
[WARNING PSM-0039] Unconnected instance TAP_TAPCELL_ROW_297_596/vdd at location (61.016um, 47.844um).
[WARNING PSM-0039] Unconnected instance TAP_TAPCELL_ROW_299_600/vdd at location (61.016um, 48.132um).
[WARNING PSM-0039] Unconnected instance TAP_TAPCELL_ROW_301_604/vdd at location (61.016um, 48.420um).
[WARNING PSM-0039] Unconnected instance TAP_TAPCELL_ROW_303_608/vdd at location (61.016um, 48.708um).
[WARNING PSM-0039] Unconnected instance TAP_TAPCELL_ROW_305_612/vdd at location (61.016um, 48.996um).
[WARNING PSM-0039] Unconnected instance TAP_TAPCELL_ROW_307_616/vdd at location (61.016um, 49.284um).
[WARNING PSM-0039] Unconnected instance TAP_TAPCELL_ROW_309_620/vdd at location (61.016um, 49.572um).
[WARNING PSM-0039] Unconnected instance TAP_TAPCELL_ROW_311_624/vdd at location (61.016um, 49.860um).
[WARNING PSM-0039] Unconnected instance TAP_TAPCELL_ROW_313_628/vdd at location (61.016um, 50.148um).
[WARNING PSM-0039] Unconnected instance TAP_TAPCELL_ROW_315_632/vdd at location (61.016um, 50.436um).
[WARNING PSM-0039] Unconnected instance TAP_TAPCELL_ROW_317_636/vdd at location (61.016um, 50.724um).
[WARNING PSM-0039] Unconnected instance TAP_TAPCELL_ROW_319_640/vdd at location (61.016um, 51.012um).
[WARNING PSM-0039] Unconnected instance TAP_TAPCELL_ROW_321_644/vdd at location (61.016um, 51.300um).
[WARNING PSM-0039] Unconnected instance TAP_TAPCELL_ROW_323_648/vdd at location (61.016um, 51.588um).
[WARNING PSM-0039] Unconnected instance TAP_TAPCELL_ROW_325_652/vdd at location (61.016um, 51.876um).
[WARNING PSM-0039] Unconnected instance TAP_TAPCELL_ROW_327_656/vdd at location (61.016um, 52.164um).
[WARNING PSM-0039] Unconnected instance TAP_TAPCELL_ROW_329_660/vdd at location (61.016um, 52.452um).
[WARNING PSM-0039] Unconnected instance TAP_TAPCELL_ROW_331_664/vdd at location (61.016um, 52.740um).
[WARNING PSM-0039] Unconnected instance TAP_TAPCELL_ROW_333_668/vdd at location (61.016um, 53.028um).
[WARNING PSM-0039] Unconnected instance TAP_TAPCELL_ROW_335_672/vdd at location (61.016um, 53.316um).
[WARNING PSM-0039] Unconnected instance TAP_TAPCELL_ROW_337_676/vdd at location (61.016um, 53.604um).
[WARNING PSM-0039] Unconnected instance TAP_TAPCELL_ROW_339_680/vdd at location (61.016um, 53.892um).
[WARNING PSM-0039] Unconnected instance TAP_TAPCELL_ROW_341_684/vdd at location (61.016um, 54.180um).
[WARNING PSM-0039] Unconnected instance TAP_TAPCELL_ROW_343_688/vdd at location (61.016um, 54.468um).
[WARNING PSM-0039] Unconnected instance TAP_TAPCELL_ROW_345_692/vdd at location (61.016um, 54.756um).
[WARNING PSM-0039] Unconnected instance TAP_TAPCELL_ROW_347_696/vdd at location (61.016um, 55.044um).
[WARNING PSM-0039] Unconnected instance TAP_TAPCELL_ROW_349_700/vdd at location (61.016um, 55.332um).
[WARNING PSM-0039] Unconnected instance TAP_TAPCELL_ROW_351_704/vdd at location (61.016um, 55.620um).
[WARNING PSM-0039] Unconnected instance TAP_TAPCELL_ROW_353_708/vdd at location (61.016um, 55.908um).
[WARNING PSM-0039] Unconnected instance TAP_TAPCELL_ROW_355_712/vdd at location (61.016um, 56.196um).
[WARNING PSM-0039] Unconnected instance TAP_TAPCELL_ROW_357_716/vdd at location (61.016um, 56.484um).
[WARNING PSM-0039] Unconnected instance TAP_TAPCELL_ROW_359_720/vdd at location (61.016um, 56.772um).
[WARNING PSM-0039] Unconnected instance TAP_TAPCELL_ROW_361_724/vdd at location (61.016um, 57.060um).
[WARNING PSM-0039] Unconnected instance TAP_TAPCELL_ROW_363_728/vdd at location (61.016um, 57.348um).
[WARNING PSM-0039] Unconnected instance TAP_TAPCELL_ROW_365_732/vdd at location (61.016um, 57.636um).
[WARNING PSM-0039] Unconnected instance TAP_TAPCELL_ROW_367_736/vdd at location (61.016um, 57.924um).
[WARNING PSM-0039] Unconnected instance TAP_TAPCELL_ROW_369_740/vdd at location (61.016um, 58.212um).
[WARNING PSM-0039] Unconnected instance TAP_TAPCELL_ROW_371_744/vdd at location (61.016um, 58.500um).
[WARNING PSM-0039] Unconnected instance TAP_TAPCELL_ROW_373_748/vdd at location (61.016um, 58.788um).
[WARNING PSM-0039] Unconnected instance TAP_TAPCELL_ROW_375_752/vdd at location (61.016um, 59.076um).
[WARNING PSM-0039] Unconnected instance TAP_TAPCELL_ROW_377_756/vdd at location (61.016um, 59.364um).
[WARNING PSM-0039] Unconnected instance TAP_TAPCELL_ROW_379_760/vdd at location (61.016um, 59.652um).
[WARNING PSM-0039] Unconnected instance TAP_TAPCELL_ROW_381_764/vdd at location (61.016um, 59.940um).
[WARNING PSM-0039] Unconnected instance TAP_TAPCELL_ROW_383_768/vdd at location (61.016um, 60.228um).
[WARNING PSM-0039] Unconnected instance TAP_TAPCELL_ROW_385_772/vdd at location (61.016um, 60.516um).
[WARNING PSM-0039] Unconnected instance TAP_TAPCELL_ROW_387_776/vdd at location (61.016um, 60.804um).
[WARNING PSM-0039] Unconnected instance TAP_TAPCELL_ROW_389_780/vdd at location (61.016um, 61.092um).
[WARNING PSM-0039] Unconnected instance TAP_TAPCELL_ROW_391_784/vdd at location (61.016um, 61.380um).
[WARNING PSM-0039] Unconnected instance TAP_TAPCELL_ROW_393_788/vdd at location (61.016um, 61.668um).
[WARNING PSM-0039] Unconnected instance TAP_TAPCELL_ROW_395_792/vdd at location (61.016um, 61.956um).
[WARNING PSM-0039] Unconnected instance TAP_TAPCELL_ROW_397_796/vdd at location (61.016um, 62.244um).
[WARNING PSM-0039] Unconnected instance TAP_TAPCELL_ROW_399_800/vdd at location (61.016um, 62.532um).
[WARNING PSM-0039] Unconnected instance TAP_TAPCELL_ROW_401_804/vdd at location (61.016um, 62.820um).
[WARNING PSM-0039] Unconnected instance TAP_TAPCELL_ROW_403_808/vdd at location (61.016um, 63.108um).
[WARNING PSM-0039] Unconnected instance TAP_TAPCELL_ROW_405_812/vdd at location (61.016um, 63.396um).
[WARNING PSM-0039] Unconnected instance TAP_TAPCELL_ROW_407_816/vdd at location (61.016um, 63.684um).
[WARNING PSM-0039] Unconnected instance TAP_TAPCELL_ROW_409_820/vdd at location (61.016um, 63.972um).
[WARNING PSM-0039] Unconnected instance TAP_TAPCELL_ROW_411_824/vdd at location (61.016um, 64.260um).
[WARNING PSM-0039] Unconnected instance TAP_TAPCELL_ROW_413_828/vdd at location (61.016um, 64.548um).
[WARNING PSM-0039] Unconnected instance TAP_TAPCELL_ROW_415_832/vdd at location (61.016um, 64.836um).
[WARNING PSM-0039] Unconnected instance TAP_TAPCELL_ROW_417_836/vdd at location (61.016um, 65.124um).
[WARNING PSM-0039] Unconnected instance TAP_TAPCELL_ROW_419_840/vdd at location (61.016um, 65.412um).
[WARNING PSM-0039] Unconnected instance TAP_TAPCELL_ROW_421_844/vdd at location (61.016um, 65.700um).
[WARNING PSM-0039] Unconnected instance TAP_TAPCELL_ROW_423_848/vdd at location (61.016um, 65.988um).
[WARNING PSM-0039] Unconnected instance TAP_TAPCELL_ROW_425_852/vdd at location (61.016um, 66.276um).
[WARNING PSM-0039] Unconnected instance TAP_TAPCELL_ROW_427_856/vdd at location (61.016um, 66.564um).
[WARNING PSM-0039] Unconnected instance TAP_TAPCELL_ROW_429_860/vdd at location (61.016um, 66.852um).
[WARNING PSM-0039] Unconnected instance TAP_TAPCELL_ROW_431_864/vdd at location (61.016um, 67.140um).
[WARNING PSM-0039] Unconnected instance TAP_TAPCELL_ROW_433_868/vdd at location (61.016um, 67.428um).
[WARNING PSM-0039] Unconnected instance TAP_TAPCELL_ROW_435_872/vdd at location (61.016um, 67.716um).
[WARNING PSM-0039] Unconnected instance TAP_TAPCELL_ROW_437_876/vdd at location (61.016um, 68.004um).
[WARNING PSM-0039] Unconnected instance TAP_TAPCELL_ROW_439_880/vdd at location (61.016um, 68.292um).
[WARNING PSM-0039] Unconnected instance TAP_TAPCELL_ROW_441_884/vdd at location (61.016um, 68.580um).
[WARNING PSM-0039] Unconnected instance TAP_TAPCELL_ROW_443_888/vdd at location (61.016um, 68.868um).
[WARNING PSM-0039] Unconnected instance TAP_TAPCELL_ROW_445_892/vdd at location (61.016um, 69.156um).
[WARNING PSM-0039] Unconnected instance TAP_TAPCELL_ROW_447_896/vdd at location (61.016um, 69.444um).
[WARNING PSM-0039] Unconnected instance TAP_TAPCELL_ROW_449_900/vdd at location (61.016um, 69.732um).
[WARNING PSM-0039] Unconnected instance TAP_TAPCELL_ROW_451_904/vdd at location (61.016um, 70.020um).
[WARNING PSM-0039] Unconnected instance TAP_TAPCELL_ROW_453_908/vdd at location (61.016um, 70.308um).
[WARNING PSM-0039] Unconnected instance TAP_TAPCELL_ROW_455_912/vdd at location (61.016um, 70.596um).
[WARNING PSM-0039] Unconnected instance TAP_TAPCELL_ROW_457_916/vdd at location (61.016um, 70.884um).
[WARNING PSM-0039] Unconnected instance TAP_TAPCELL_ROW_459_920/vdd at location (61.016um, 71.172um).
[WARNING PSM-0039] Unconnected instance TAP_TAPCELL_ROW_461_924/vdd at location (61.016um, 71.460um).
[WARNING PSM-0039] Unconnected instance TAP_TAPCELL_ROW_463_928/vdd at location (61.016um, 71.748um).
[WARNING PSM-0039] Unconnected instance TAP_TAPCELL_ROW_465_932/vdd at location (61.016um, 72.036um).
[WARNING PSM-0039] Unconnected instance TAP_TAPCELL_ROW_467_936/vdd at location (61.016um, 72.324um).
[WARNING PSM-0039] Unconnected instance TAP_TAPCELL_ROW_469_940/vdd at location (61.016um, 72.612um).
[WARNING PSM-0039] Unconnected instance TAP_TAPCELL_ROW_471_944/vdd at location (61.016um, 72.900um).
[WARNING PSM-0039] Unconnected instance TAP_TAPCELL_ROW_473_948/vdd at location (61.016um, 73.188um).
[WARNING PSM-0039] Unconnected instance TAP_TAPCELL_ROW_475_952/vdd at location (61.016um, 73.476um).
[WARNING PSM-0039] Unconnected instance TAP_TAPCELL_ROW_477_956/vdd at location (61.016um, 73.764um).
[WARNING PSM-0039] Unconnected instance TAP_TAPCELL_ROW_479_960/vdd at location (61.016um, 74.052um).
[WARNING PSM-0039] Unconnected instance TAP_TAPCELL_ROW_481_964/vdd at location (61.016um, 74.340um).
[WARNING PSM-0039] Unconnected instance TAP_TAPCELL_ROW_483_968/vdd at location (61.016um, 74.628um).
[WARNING PSM-0039] Unconnected instance TAP_TAPCELL_ROW_485_972/vdd at location (61.016um, 74.916um).
[WARNING PSM-0039] Unconnected instance TAP_TAPCELL_ROW_487_976/vdd at location (61.016um, 75.204um).
[WARNING PSM-0039] Unconnected instance TAP_TAPCELL_ROW_489_980/vdd at location (61.016um, 75.492um).
[WARNING PSM-0039] Unconnected instance TAP_TAPCELL_ROW_491_984/vdd at location (61.016um, 75.780um).
[WARNING PSM-0039] Unconnected instance TAP_TAPCELL_ROW_493_988/vdd at location (61.016um, 76.068um).
[WARNING PSM-0039] Unconnected instance TAP_TAPCELL_ROW_495_992/vdd at location (61.016um, 76.356um).
[WARNING PSM-0039] Unconnected instance TAP_TAPCELL_ROW_497_996/vdd at location (61.016um, 76.644um).
[WARNING PSM-0039] Unconnected instance TAP_TAPCELL_ROW_499_1000/vdd at location (61.016um, 76.932um).
[WARNING PSM-0039] Unconnected instance TAP_TAPCELL_ROW_501_1004/vdd at location (61.016um, 77.220um).
[WARNING PSM-0039] Unconnected instance TAP_TAPCELL_ROW_503_1008/vdd at location (61.016um, 77.508um).
[WARNING PSM-0039] Unconnected instance TAP_TAPCELL_ROW_505_1012/vdd at location (61.016um, 77.796um).
[WARNING PSM-0039] Unconnected instance TAP_TAPCELL_ROW_507_1016/vdd at location (61.016um, 78.084um).
[WARNING PSM-0039] Unconnected instance TAP_TAPCELL_ROW_509_1020/vdd at location (61.016um, 78.372um).
[WARNING PSM-0039] Unconnected instance TAP_TAPCELL_ROW_511_1024/vdd at location (61.016um, 78.660um).
[WARNING PSM-0039] Unconnected instance TAP_TAPCELL_ROW_513_1028/vdd at location (61.016um, 78.948um).
[WARNING PSM-0039] Unconnected instance TAP_TAPCELL_ROW_515_1032/vdd at location (61.016um, 79.236um).
[WARNING PSM-0039] Unconnected instance TAP_TAPCELL_ROW_517_1036/vdd at location (61.016um, 79.524um).
[WARNING PSM-0039] Unconnected instance TAP_TAPCELL_ROW_519_1040/vdd at location (61.016um, 79.812um).
[WARNING PSM-0039] Unconnected instance TAP_TAPCELL_ROW_521_1044/vdd at location (61.016um, 80.100um).
[WARNING PSM-0039] Unconnected instance TAP_TAPCELL_ROW_523_1048/vdd at location (61.016um, 80.388um).
[WARNING PSM-0039] Unconnected instance TAP_TAPCELL_ROW_525_1052/vdd at location (61.016um, 80.676um).
[WARNING PSM-0039] Unconnected instance TAP_TAPCELL_ROW_527_1056/vdd at location (61.016um, 80.964um).
[WARNING PSM-0039] Unconnected instance TAP_TAPCELL_ROW_529_1060/vdd at location (61.016um, 81.252um).
[WARNING PSM-0039] Unconnected instance TAP_TAPCELL_ROW_531_1064/vdd at location (61.016um, 81.540um).
[WARNING PSM-0039] Unconnected instance TAP_TAPCELL_ROW_533_1068/vdd at location (61.016um, 81.828um).
[WARNING PSM-0039] Unconnected instance TAP_TAPCELL_ROW_535_1072/vdd at location (61.016um, 82.116um).
[WARNING PSM-0039] Unconnected instance TAP_TAPCELL_ROW_537_1076/vdd at location (61.016um, 82.404um).
[WARNING PSM-0039] Unconnected instance TAP_TAPCELL_ROW_539_1080/vdd at location (61.016um, 82.692um).
[WARNING PSM-0039] Unconnected instance TAP_TAPCELL_ROW_541_1084/vdd at location (61.016um, 82.980um).
[WARNING PSM-0039] Unconnected instance TAP_TAPCELL_ROW_543_1088/vdd at location (61.016um, 83.268um).
[WARNING PSM-0039] Unconnected instance TAP_TAPCELL_ROW_545_1092/vdd at location (61.016um, 83.556um).
[WARNING PSM-0039] Unconnected instance TAP_TAPCELL_ROW_547_1096/vdd at location (61.016um, 83.844um).
[WARNING PSM-0039] Unconnected instance TAP_TAPCELL_ROW_549_1100/vdd at location (61.016um, 84.132um).
[WARNING PSM-0039] Unconnected instance TAP_TAPCELL_ROW_551_1104/vdd at location (61.016um, 84.420um).
[WARNING PSM-0039] Unconnected instance TAP_TAPCELL_ROW_553_1108/vdd at location (61.016um, 84.708um).
[WARNING PSM-0039] Unconnected instance TAP_TAPCELL_ROW_555_1112/vdd at location (61.016um, 84.996um).
[WARNING PSM-0039] Unconnected instance TAP_TAPCELL_ROW_557_1116/vdd at location (61.016um, 85.284um).
[WARNING PSM-0039] Unconnected instance TAP_TAPCELL_ROW_559_1120/vdd at location (61.016um, 85.572um).
[WARNING PSM-0039] Unconnected instance TAP_TAPCELL_ROW_561_1124/vdd at location (61.016um, 85.860um).
[WARNING PSM-0039] Unconnected instance TAP_TAPCELL_ROW_563_1128/vdd at location (61.016um, 86.148um).
[WARNING PSM-0039] Unconnected instance TAP_TAPCELL_ROW_565_1132/vdd at location (61.016um, 86.436um).
[WARNING PSM-0039] Unconnected instance TAP_TAPCELL_ROW_567_1136/vdd at location (61.016um, 86.724um).
[WARNING PSM-0039] Unconnected instance TAP_TAPCELL_ROW_569_1140/vdd at location (61.016um, 87.012um).
[WARNING PSM-0039] Unconnected instance TAP_TAPCELL_ROW_571_1144/vdd at location (61.016um, 87.300um).
[WARNING PSM-0039] Unconnected instance TAP_TAPCELL_ROW_573_1148/vdd at location (61.016um, 87.588um).
[WARNING PSM-0039] Unconnected instance TAP_TAPCELL_ROW_575_1152/vdd at location (61.016um, 87.876um).
[WARNING PSM-0039] Unconnected instance TAP_TAPCELL_ROW_577_1156/vdd at location (61.016um, 88.164um).
[WARNING PSM-0039] Unconnected instance TAP_TAPCELL_ROW_579_1160/vdd at location (61.016um, 88.452um).
[WARNING PSM-0039] Unconnected instance TAP_TAPCELL_ROW_581_1164/vdd at location (61.016um, 88.740um).
[WARNING PSM-0039] Unconnected instance TAP_TAPCELL_ROW_583_1168/vdd at location (61.016um, 89.028um).
[WARNING PSM-0039] Unconnected instance TAP_TAPCELL_ROW_585_1172/vdd at location (61.016um, 89.316um).
[WARNING PSM-0039] Unconnected instance TAP_TAPCELL_ROW_587_1176/vdd at location (61.016um, 89.604um).
[WARNING PSM-0039] Unconnected instance TAP_TAPCELL_ROW_589_1180/vdd at location (61.016um, 89.892um).
[WARNING PSM-0039] Unconnected instance TAP_TAPCELL_ROW_591_1184/vdd at location (61.016um, 90.180um).
[WARNING PSM-0039] Unconnected instance TAP_TAPCELL_ROW_593_1188/vdd at location (61.016um, 90.468um).
[WARNING PSM-0039] Unconnected instance TAP_TAPCELL_ROW_595_1192/vdd at location (61.016um, 90.756um).
[WARNING PSM-0039] Unconnected instance TAP_TAPCELL_ROW_597_1196/vdd at location (61.016um, 91.044um).
[WARNING PSM-0039] Unconnected instance TAP_TAPCELL_ROW_599_1200/vdd at location (61.016um, 91.332um).
[WARNING PSM-0039] Unconnected instance TAP_TAPCELL_ROW_601_1204/vdd at location (61.016um, 91.620um).
[WARNING PSM-0039] Unconnected instance TAP_TAPCELL_ROW_603_1208/vdd at location (61.016um, 91.908um).
[WARNING PSM-0039] Unconnected instance TAP_TAPCELL_ROW_605_1212/vdd at location (61.016um, 92.196um).
[WARNING PSM-0039] Unconnected instance TAP_TAPCELL_ROW_607_1216/vdd at location (61.016um, 92.484um).
[WARNING PSM-0039] Unconnected instance TAP_TAPCELL_ROW_609_1220/vdd at location (61.016um, 92.772um).
[WARNING PSM-0039] Unconnected instance TAP_TAPCELL_ROW_611_1224/vdd at location (61.016um, 93.060um).
[WARNING PSM-0039] Unconnected instance TAP_TAPCELL_ROW_613_1228/vdd at location (61.016um, 93.348um).
[WARNING PSM-0039] Unconnected instance TAP_TAPCELL_ROW_615_1232/vdd at location (61.016um, 93.636um).
[WARNING PSM-0039] Unconnected instance TAP_TAPCELL_ROW_617_1236/vdd at location (61.016um, 93.924um).
[WARNING PSM-0039] Unconnected instance TAP_TAPCELL_ROW_619_1240/vdd at location (61.016um, 94.212um).
[WARNING PSM-0039] Unconnected instance TAP_TAPCELL_ROW_621_1244/vdd at location (61.016um, 94.500um).
[WARNING PSM-0039] Unconnected instance TAP_TAPCELL_ROW_623_1248/vdd at location (61.016um, 94.788um).
[WARNING PSM-0039] Unconnected instance TAP_TAPCELL_ROW_625_1252/vdd at location (61.016um, 95.076um).
[WARNING PSM-0039] Unconnected instance TAP_TAPCELL_ROW_627_1256/vdd at location (61.016um, 95.364um).
[WARNING PSM-0039] Unconnected instance TAP_TAPCELL_ROW_629_1260/vdd at location (61.016um, 95.652um).
[WARNING PSM-0039] Unconnected instance TAP_TAPCELL_ROW_631_1264/vdd at location (61.016um, 95.940um).
[WARNING PSM-0039] Unconnected instance TAP_TAPCELL_ROW_633_1268/vdd at location (61.016um, 96.228um).
[WARNING PSM-0039] Unconnected instance TAP_TAPCELL_ROW_635_1272/vdd at location (61.016um, 96.516um).
[WARNING PSM-0039] Unconnected instance TAP_TAPCELL_ROW_637_1276/vdd at location (61.016um, 96.804um).
[WARNING PSM-0039] Unconnected instance TAP_TAPCELL_ROW_639_1280/vdd at location (61.016um, 97.092um).
[WARNING PSM-0039] Unconnected instance TAP_TAPCELL_ROW_641_1284/vdd at location (61.016um, 97.380um).
[WARNING PSM-0039] Unconnected instance TAP_TAPCELL_ROW_643_1288/vdd at location (61.016um, 97.668um).
[WARNING PSM-0039] Unconnected instance TAP_TAPCELL_ROW_645_1292/vdd at location (61.016um, 97.956um).
[WARNING PSM-0039] Unconnected instance TAP_TAPCELL_ROW_647_1296/vdd at location (61.016um, 98.244um).
[WARNING PSM-0039] Unconnected instance TAP_TAPCELL_ROW_649_1300/vdd at location (61.016um, 98.532um).
[WARNING PSM-0039] Unconnected instance TAP_TAPCELL_ROW_651_1304/vdd at location (61.016um, 98.820um).
[WARNING PSM-0039] Unconnected instance TAP_TAPCELL_ROW_653_1308/vdd at location (61.016um, 99.108um).
[WARNING PSM-0039] Unconnected instance TAP_TAPCELL_ROW_655_1312/vdd at location (61.016um, 99.396um).
[WARNING PSM-0039] Unconnected instance TAP_TAPCELL_ROW_657_1316/vdd at location (61.016um, 99.684um).
[WARNING PSM-0039] Unconnected instance TAP_TAPCELL_ROW_659_1320/vdd at location (61.016um, 99.972um).
[WARNING PSM-0039] Unconnected instance TAP_TAPCELL_ROW_661_1324/vdd at location (61.016um, 100.260um).
[WARNING PSM-0039] Unconnected instance TAP_TAPCELL_ROW_663_1328/vdd at location (61.016um, 100.548um).
[WARNING PSM-0039] Unconnected instance TAP_TAPCELL_ROW_665_1332/vdd at location (61.016um, 100.836um).
[WARNING PSM-0039] Unconnected instance TAP_TAPCELL_ROW_667_1336/vdd at location (61.016um, 101.124um).
[WARNING PSM-0039] Unconnected instance TAP_TAPCELL_ROW_669_1340/vdd at location (61.016um, 101.412um).
[WARNING PSM-0039] Unconnected instance TAP_TAPCELL_ROW_671_1344/vdd at location (61.016um, 101.700um).
[WARNING PSM-0039] Unconnected instance TAP_TAPCELL_ROW_673_1348/vdd at location (61.016um, 101.988um).
[WARNING PSM-0039] Unconnected instance TAP_TAPCELL_ROW_675_1352/vdd at location (61.016um, 102.276um).
[WARNING PSM-0039] Unconnected instance TAP_TAPCELL_ROW_677_1356/vdd at location (61.016um, 102.564um).
[WARNING PSM-0039] Unconnected instance TAP_TAPCELL_ROW_679_1360/vdd at location (61.016um, 102.852um).
[WARNING PSM-0039] Unconnected instance TAP_TAPCELL_ROW_681_1364/vdd at location (61.016um, 103.140um).
[WARNING PSM-0039] Unconnected instance TAP_TAPCELL_ROW_683_1368/vdd at location (61.016um, 103.428um).
[WARNING PSM-0039] Unconnected instance TAP_TAPCELL_ROW_685_1372/vdd at location (61.016um, 103.716um).
[WARNING PSM-0039] Unconnected instance TAP_TAPCELL_ROW_687_1376/vdd at location (61.016um, 104.004um).
[WARNING PSM-0039] Unconnected instance TAP_TAPCELL_ROW_689_1380/vdd at location (61.016um, 104.292um).
[WARNING PSM-0039] Unconnected instance TAP_TAPCELL_ROW_691_1384/vdd at location (61.016um, 104.580um).
[WARNING PSM-0039] Unconnected instance TAP_TAPCELL_ROW_693_1388/vdd at location (61.016um, 104.868um).
[WARNING PSM-0039] Unconnected instance TAP_TAPCELL_ROW_695_1392/vdd at location (61.016um, 105.156um).
[WARNING PSM-0039] Unconnected instance TAP_TAPCELL_ROW_697_1396/vdd at location (61.016um, 105.444um).
[WARNING PSM-0039] Unconnected instance TAP_TAPCELL_ROW_699_1400/vdd at location (61.016um, 105.732um).
[WARNING PSM-0039] Unconnected instance TAP_TAPCELL_ROW_701_1404/vdd at location (61.016um, 106.020um).
[WARNING PSM-0039] Unconnected instance TAP_TAPCELL_ROW_703_1408/vdd at location (61.016um, 106.308um).
[WARNING PSM-0039] Unconnected instance TAP_TAPCELL_ROW_705_1412/vdd at location (61.016um, 106.596um).
[WARNING PSM-0039] Unconnected instance TAP_TAPCELL_ROW_707_1416/vdd at location (61.016um, 106.884um).
[WARNING PSM-0039] Unconnected instance TAP_TAPCELL_ROW_709_1420/vdd at location (61.016um, 107.172um).
[WARNING PSM-0039] Unconnected instance TAP_TAPCELL_ROW_711_1424/vdd at location (61.016um, 107.460um).
[WARNING PSM-0039] Unconnected instance TAP_TAPCELL_ROW_713_1428/vdd at location (61.016um, 107.748um).
[WARNING PSM-0039] Unconnected instance TAP_TAPCELL_ROW_715_1432/vdd at location (61.016um, 108.036um).
[WARNING PSM-0039] Unconnected instance TAP_TAPCELL_ROW_717_1436/vdd at location (61.016um, 108.324um).
[WARNING PSM-0039] Unconnected instance TAP_TAPCELL_ROW_719_1440/vdd at location (61.016um, 108.612um).
[WARNING PSM-0039] Unconnected instance TAP_TAPCELL_ROW_721_1444/vdd at location (61.016um, 108.900um).
[WARNING PSM-0039] Unconnected instance TAP_TAPCELL_ROW_723_1448/vdd at location (61.016um, 109.188um).
[WARNING PSM-0039] Unconnected instance TAP_TAPCELL_ROW_725_1452/vdd at location (61.016um, 109.476um).
[WARNING PSM-0039] Unconnected instance TAP_TAPCELL_ROW_727_1456/vdd at location (61.016um, 109.764um).
[WARNING PSM-0039] Unconnected instance TAP_TAPCELL_ROW_729_1460/vdd at location (61.016um, 110.052um).
[WARNING PSM-0039] Unconnected instance TAP_TAPCELL_ROW_731_1464/vdd at location (61.016um, 110.340um).
[WARNING PSM-0039] Unconnected instance TAP_TAPCELL_ROW_733_1468/vdd at location (61.016um, 110.628um).
[WARNING PSM-0039] Unconnected instance TAP_TAPCELL_ROW_735_1472/vdd at location (61.016um, 110.916um).
[WARNING PSM-0039] Unconnected instance TAP_TAPCELL_ROW_737_1476/vdd at location (61.016um, 111.204um).
[WARNING PSM-0039] Unconnected instance TAP_TAPCELL_ROW_739_1480/vdd at location (61.016um, 111.492um).
[WARNING PSM-0039] Unconnected instance TAP_TAPCELL_ROW_741_1484/vdd at location (61.016um, 111.780um).
[WARNING PSM-0039] Unconnected instance TAP_TAPCELL_ROW_743_1488/vdd at location (61.016um, 112.068um).
[WARNING PSM-0039] Unconnected instance TAP_TAPCELL_ROW_745_1492/vdd at location (61.016um, 112.356um).
[WARNING PSM-0039] Unconnected instance TAP_TAPCELL_ROW_747_1496/vdd at location (61.016um, 112.644um).
[WARNING PSM-0039] Unconnected instance TAP_TAPCELL_ROW_749_1500/vdd at location (61.016um, 112.932um).
[WARNING PSM-0039] Unconnected instance TAP_TAPCELL_ROW_751_1504/vdd at location (61.016um, 113.220um).
[WARNING PSM-0039] Unconnected instance TAP_TAPCELL_ROW_753_1508/vdd at location (61.016um, 113.508um).
[WARNING PSM-0039] Unconnected instance TAP_TAPCELL_ROW_755_1512/vdd at location (61.016um, 113.796um).
[WARNING PSM-0039] Unconnected instance TAP_TAPCELL_ROW_757_1516/vdd at location (61.016um, 114.084um).
[WARNING PSM-0039] Unconnected instance TAP_TAPCELL_ROW_759_1520/vdd at location (61.016um, 114.372um).
[WARNING PSM-0039] Unconnected instance TAP_TAPCELL_ROW_761_1524/vdd at location (61.016um, 114.660um).
[WARNING PSM-0039] Unconnected instance TAP_TAPCELL_ROW_763_1528/vdd at location (61.016um, 114.948um).
[WARNING PSM-0039] Unconnected instance TAP_TAPCELL_ROW_765_1532/vdd at location (61.016um, 115.236um).
[WARNING PSM-0039] Unconnected instance TAP_TAPCELL_ROW_767_1536/vdd at location (61.016um, 115.524um).
[WARNING PSM-0039] Unconnected instance TAP_TAPCELL_ROW_769_1540/vdd at location (61.016um, 115.812um).
[WARNING PSM-0039] Unconnected instance TAP_TAPCELL_ROW_771_1544/vdd at location (61.016um, 116.100um).
[WARNING PSM-0039] Unconnected instance TAP_TAPCELL_ROW_773_1548/vdd at location (61.016um, 116.388um).
[WARNING PSM-0039] Unconnected instance TAP_TAPCELL_ROW_775_1552/vdd at location (61.016um, 116.676um).
[WARNING PSM-0039] Unconnected instance TAP_TAPCELL_ROW_777_1556/vdd at location (61.016um, 116.964um).
[WARNING PSM-0039] Unconnected instance TAP_TAPCELL_ROW_779_1560/vdd at location (61.016um, 117.252um).
[WARNING PSM-0039] Unconnected instance TAP_TAPCELL_ROW_781_1564/vdd at location (61.016um, 117.540um).
[WARNING PSM-0039] Unconnected instance TAP_TAPCELL_ROW_783_1568/vdd at location (61.016um, 117.828um).
[WARNING PSM-0039] Unconnected instance TAP_TAPCELL_ROW_785_1572/vdd at location (61.016um, 118.116um).
[WARNING PSM-0039] Unconnected instance TAP_TAPCELL_ROW_787_1576/vdd at location (61.016um, 118.404um).
[WARNING PSM-0039] Unconnected instance TAP_TAPCELL_ROW_789_1580/vdd at location (61.016um, 118.692um).
[WARNING PSM-0039] Unconnected instance TAP_TAPCELL_ROW_791_1584/vdd at location (61.016um, 118.980um).
[WARNING PSM-0039] Unconnected instance TAP_TAPCELL_ROW_793_1588/vdd at location (61.016um, 119.268um).
[WARNING PSM-0039] Unconnected instance TAP_TAPCELL_ROW_795_1592/vdd at location (61.016um, 119.556um).
[WARNING PSM-0039] Unconnected instance TAP_TAPCELL_ROW_797_1596/vdd at location (61.016um, 119.844um).
[WARNING PSM-0039] Unconnected instance TAP_TAPCELL_ROW_799_1600/vdd at location (61.016um, 120.132um).
[WARNING PSM-0039] Unconnected instance TAP_TAPCELL_ROW_801_1604/vdd at location (61.016um, 120.420um).
[WARNING PSM-0039] Unconnected instance TAP_TAPCELL_ROW_803_1608/vdd at location (61.016um, 120.708um).
[WARNING PSM-0039] Unconnected instance TAP_TAPCELL_ROW_805_1612/vdd at location (61.016um, 120.996um).
[WARNING PSM-0039] Unconnected instance TAP_TAPCELL_ROW_807_1616/vdd at location (61.016um, 121.284um).
[WARNING PSM-0039] Unconnected instance TAP_TAPCELL_ROW_809_1620/vdd at location (61.016um, 121.572um).
[WARNING PSM-0039] Unconnected instance TAP_TAPCELL_ROW_811_1624/vdd at location (61.016um, 121.860um).
[WARNING PSM-0039] Unconnected instance TAP_TAPCELL_ROW_813_1628/vdd at location (61.016um, 122.148um).
[WARNING PSM-0039] Unconnected instance TAP_TAPCELL_ROW_815_1632/vdd at location (61.016um, 122.436um).
[WARNING PSM-0039] Unconnected instance TAP_TAPCELL_ROW_817_1636/vdd at location (61.016um, 122.724um).
[WARNING PSM-0039] Unconnected instance TAP_TAPCELL_ROW_819_1640/vdd at location (61.016um, 123.012um).
[WARNING PSM-0039] Unconnected instance TAP_TAPCELL_ROW_821_1644/vdd at location (61.016um, 123.300um).
[WARNING PSM-0039] Unconnected instance TAP_TAPCELL_ROW_823_1648/vdd at location (61.016um, 123.588um).
[WARNING PSM-0039] Unconnected instance TAP_TAPCELL_ROW_825_1652/vdd at location (61.016um, 123.876um).
[WARNING PSM-0039] Unconnected instance TAP_TAPCELL_ROW_827_1656/vdd at location (61.016um, 124.164um).
[WARNING PSM-0039] Unconnected instance TAP_TAPCELL_ROW_829_1660/vdd at location (61.016um, 124.452um).
[WARNING PSM-0039] Unconnected instance TAP_TAPCELL_ROW_831_1664/vdd at location (61.016um, 124.740um).
[WARNING PSM-0039] Unconnected instance TAP_TAPCELL_ROW_833_1668/vdd at location (61.016um, 125.028um).
[WARNING PSM-0039] Unconnected instance TAP_TAPCELL_ROW_835_1672/vdd at location (61.016um, 125.316um).
[WARNING PSM-0039] Unconnected instance TAP_TAPCELL_ROW_837_1676/vdd at location (61.016um, 125.604um).
[WARNING PSM-0039] Unconnected instance TAP_TAPCELL_ROW_839_1680/vdd at location (61.016um, 125.892um).
[WARNING PSM-0039] Unconnected instance TAP_TAPCELL_ROW_841_1684/vdd at location (61.016um, 126.180um).
[WARNING PSM-0039] Unconnected instance TAP_TAPCELL_ROW_843_1688/vdd at location (61.016um, 126.468um).
[WARNING PSM-0039] Unconnected instance TAP_TAPCELL_ROW_845_1692/vdd at location (61.016um, 126.756um).
[WARNING PSM-0039] Unconnected instance TAP_TAPCELL_ROW_846_1695/vdd at location (61.016um, 126.972um).
[WARNING PSM-0039] Unconnected instance TAP_TAPCELL_ROW_0_2/vdd at location (88.987um, 5.148um).
[WARNING PSM-0039] Unconnected instance TAP_TAPCELL_ROW_2_7/vdd at location (88.987um, 5.436um).
[WARNING PSM-0039] Unconnected instance TAP_TAPCELL_ROW_4_11/vdd at location (88.987um, 5.724um).
[WARNING PSM-0039] Unconnected instance TAP_TAPCELL_ROW_6_15/vdd at location (88.987um, 6.012um).
[WARNING PSM-0039] Unconnected instance TAP_TAPCELL_ROW_8_19/vdd at location (88.987um, 6.300um).
[WARNING PSM-0039] Unconnected instance TAP_TAPCELL_ROW_10_23/vdd at location (88.987um, 6.588um).
[WARNING PSM-0039] Unconnected instance TAP_TAPCELL_ROW_12_27/vdd at location (88.987um, 6.876um).
[WARNING PSM-0039] Unconnected instance TAP_TAPCELL_ROW_14_31/vdd at location (88.987um, 7.164um).
[WARNING PSM-0039] Unconnected instance TAP_TAPCELL_ROW_16_35/vdd at location (88.987um, 7.452um).
[WARNING PSM-0039] Unconnected instance TAP_TAPCELL_ROW_18_39/vdd at location (88.987um, 7.740um).
[WARNING PSM-0039] Unconnected instance TAP_TAPCELL_ROW_20_43/vdd at location (88.987um, 8.028um).
[WARNING PSM-0039] Unconnected instance TAP_TAPCELL_ROW_22_47/vdd at location (88.987um, 8.316um).
[WARNING PSM-0039] Unconnected instance TAP_TAPCELL_ROW_24_51/vdd at location (88.987um, 8.604um).
[WARNING PSM-0039] Unconnected instance TAP_TAPCELL_ROW_26_55/vdd at location (88.987um, 8.892um).
[WARNING PSM-0039] Unconnected instance TAP_TAPCELL_ROW_28_59/vdd at location (88.987um, 9.180um).
[WARNING PSM-0039] Unconnected instance TAP_TAPCELL_ROW_30_63/vdd at location (88.987um, 9.468um).
[WARNING PSM-0039] Unconnected instance TAP_TAPCELL_ROW_32_67/vdd at location (88.987um, 9.756um).
[WARNING PSM-0039] Unconnected instance TAP_TAPCELL_ROW_34_71/vdd at location (88.987um, 10.044um).
[WARNING PSM-0039] Unconnected instance TAP_TAPCELL_ROW_36_75/vdd at location (88.987um, 10.332um).
[WARNING PSM-0039] Unconnected instance TAP_TAPCELL_ROW_38_79/vdd at location (88.987um, 10.620um).
[WARNING PSM-0039] Unconnected instance TAP_TAPCELL_ROW_40_83/vdd at location (88.987um, 10.908um).
[WARNING PSM-0039] Unconnected instance TAP_TAPCELL_ROW_42_87/vdd at location (88.987um, 11.196um).
[WARNING PSM-0039] Unconnected instance TAP_TAPCELL_ROW_44_91/vdd at location (88.987um, 11.484um).
[WARNING PSM-0039] Unconnected instance TAP_TAPCELL_ROW_46_95/vdd at location (88.987um, 11.772um).
[WARNING PSM-0039] Unconnected instance TAP_TAPCELL_ROW_48_99/vdd at location (88.987um, 12.060um).
[WARNING PSM-0039] Unconnected instance TAP_TAPCELL_ROW_50_103/vdd at location (88.987um, 12.348um).
[WARNING PSM-0039] Unconnected instance TAP_TAPCELL_ROW_52_107/vdd at location (88.987um, 12.636um).
[WARNING PSM-0039] Unconnected instance TAP_TAPCELL_ROW_54_111/vdd at location (88.987um, 12.924um).
[WARNING PSM-0039] Unconnected instance TAP_TAPCELL_ROW_56_115/vdd at location (88.987um, 13.212um).
[WARNING PSM-0039] Unconnected instance TAP_TAPCELL_ROW_58_119/vdd at location (88.987um, 13.500um).
[WARNING PSM-0039] Unconnected instance TAP_TAPCELL_ROW_60_123/vdd at location (88.987um, 13.788um).
[WARNING PSM-0039] Unconnected instance TAP_TAPCELL_ROW_62_127/vdd at location (88.987um, 14.076um).
[WARNING PSM-0039] Unconnected instance TAP_TAPCELL_ROW_64_131/vdd at location (88.987um, 14.364um).
[WARNING PSM-0039] Unconnected instance TAP_TAPCELL_ROW_66_135/vdd at location (88.987um, 14.652um).
[WARNING PSM-0039] Unconnected instance TAP_TAPCELL_ROW_68_139/vdd at location (88.987um, 14.940um).
[WARNING PSM-0039] Unconnected instance TAP_TAPCELL_ROW_70_143/vdd at location (88.987um, 15.228um).
[WARNING PSM-0039] Unconnected instance TAP_TAPCELL_ROW_72_147/vdd at location (88.987um, 15.516um).
[WARNING PSM-0039] Unconnected instance TAP_TAPCELL_ROW_74_151/vdd at location (88.987um, 15.804um).
[WARNING PSM-0039] Unconnected instance TAP_TAPCELL_ROW_76_155/vdd at location (88.987um, 16.092um).
[WARNING PSM-0039] Unconnected instance TAP_TAPCELL_ROW_78_159/vdd at location (88.987um, 16.380um).
[WARNING PSM-0039] Unconnected instance TAP_TAPCELL_ROW_80_163/vdd at location (88.987um, 16.668um).
[WARNING PSM-0039] Unconnected instance TAP_TAPCELL_ROW_82_167/vdd at location (88.987um, 16.956um).
[WARNING PSM-0039] Unconnected instance TAP_TAPCELL_ROW_84_171/vdd at location (88.987um, 17.244um).
[WARNING PSM-0039] Unconnected instance TAP_TAPCELL_ROW_86_175/vdd at location (88.987um, 17.532um).
[WARNING PSM-0039] Unconnected instance TAP_TAPCELL_ROW_88_179/vdd at location (88.987um, 17.820um).
[WARNING PSM-0039] Unconnected instance TAP_TAPCELL_ROW_90_183/vdd at location (88.987um, 18.108um).
[WARNING PSM-0039] Unconnected instance TAP_TAPCELL_ROW_92_187/vdd at location (88.987um, 18.396um).
[WARNING PSM-0039] Unconnected instance TAP_TAPCELL_ROW_94_191/vdd at location (88.987um, 18.684um).
[WARNING PSM-0039] Unconnected instance TAP_TAPCELL_ROW_96_195/vdd at location (88.987um, 18.972um).
[WARNING PSM-0039] Unconnected instance TAP_TAPCELL_ROW_98_199/vdd at location (88.987um, 19.260um).
[WARNING PSM-0039] Unconnected instance TAP_TAPCELL_ROW_100_203/vdd at location (88.987um, 19.548um).
[WARNING PSM-0039] Unconnected instance TAP_TAPCELL_ROW_102_207/vdd at location (88.987um, 19.836um).
[WARNING PSM-0039] Unconnected instance TAP_TAPCELL_ROW_104_211/vdd at location (88.987um, 20.124um).
[WARNING PSM-0039] Unconnected instance TAP_TAPCELL_ROW_106_215/vdd at location (88.987um, 20.412um).
[WARNING PSM-0039] Unconnected instance TAP_TAPCELL_ROW_108_219/vdd at location (88.987um, 20.700um).
[WARNING PSM-0039] Unconnected instance TAP_TAPCELL_ROW_110_223/vdd at location (88.987um, 20.988um).
[WARNING PSM-0039] Unconnected instance TAP_TAPCELL_ROW_112_227/vdd at location (88.987um, 21.276um).
[WARNING PSM-0039] Unconnected instance TAP_TAPCELL_ROW_114_231/vdd at location (88.987um, 21.564um).
[WARNING PSM-0039] Unconnected instance TAP_TAPCELL_ROW_116_235/vdd at location (88.987um, 21.852um).
[WARNING PSM-0039] Unconnected instance TAP_TAPCELL_ROW_118_239/vdd at location (88.987um, 22.140um).
[WARNING PSM-0039] Unconnected instance TAP_TAPCELL_ROW_120_243/vdd at location (88.987um, 22.428um).
[WARNING PSM-0039] Unconnected instance TAP_TAPCELL_ROW_122_247/vdd at location (88.987um, 22.716um).
[WARNING PSM-0039] Unconnected instance TAP_TAPCELL_ROW_124_251/vdd at location (88.987um, 23.004um).
[WARNING PSM-0039] Unconnected instance TAP_TAPCELL_ROW_126_255/vdd at location (88.987um, 23.292um).
[WARNING PSM-0039] Unconnected instance TAP_TAPCELL_ROW_128_259/vdd at location (88.987um, 23.580um).
[WARNING PSM-0039] Unconnected instance TAP_TAPCELL_ROW_130_263/vdd at location (88.987um, 23.868um).
[WARNING PSM-0039] Unconnected instance TAP_TAPCELL_ROW_132_267/vdd at location (88.987um, 24.156um).
[WARNING PSM-0039] Unconnected instance TAP_TAPCELL_ROW_134_271/vdd at location (88.987um, 24.444um).
[WARNING PSM-0039] Unconnected instance TAP_TAPCELL_ROW_136_275/vdd at location (88.987um, 24.732um).
[WARNING PSM-0039] Unconnected instance TAP_TAPCELL_ROW_138_279/vdd at location (88.987um, 25.020um).
[WARNING PSM-0039] Unconnected instance TAP_TAPCELL_ROW_140_283/vdd at location (88.987um, 25.308um).
[WARNING PSM-0039] Unconnected instance TAP_TAPCELL_ROW_142_287/vdd at location (88.987um, 25.596um).
[WARNING PSM-0039] Unconnected instance TAP_TAPCELL_ROW_144_291/vdd at location (88.987um, 25.884um).
[WARNING PSM-0039] Unconnected instance TAP_TAPCELL_ROW_146_295/vdd at location (88.987um, 26.172um).
[WARNING PSM-0039] Unconnected instance TAP_TAPCELL_ROW_148_299/vdd at location (88.987um, 26.460um).
[WARNING PSM-0039] Unconnected instance TAP_TAPCELL_ROW_150_303/vdd at location (88.987um, 26.748um).
[WARNING PSM-0039] Unconnected instance TAP_TAPCELL_ROW_152_307/vdd at location (88.987um, 27.036um).
[WARNING PSM-0039] Unconnected instance TAP_TAPCELL_ROW_154_311/vdd at location (88.987um, 27.324um).
[WARNING PSM-0039] Unconnected instance TAP_TAPCELL_ROW_156_315/vdd at location (88.987um, 27.612um).
[WARNING PSM-0039] Unconnected instance TAP_TAPCELL_ROW_158_319/vdd at location (88.987um, 27.900um).
[WARNING PSM-0039] Unconnected instance TAP_TAPCELL_ROW_160_323/vdd at location (88.987um, 28.188um).
[WARNING PSM-0039] Unconnected instance TAP_TAPCELL_ROW_162_327/vdd at location (88.987um, 28.476um).
[WARNING PSM-0039] Unconnected instance TAP_TAPCELL_ROW_164_331/vdd at location (88.987um, 28.764um).
[WARNING PSM-0039] Unconnected instance TAP_TAPCELL_ROW_166_335/vdd at location (88.987um, 29.052um).
[WARNING PSM-0039] Unconnected instance TAP_TAPCELL_ROW_168_339/vdd at location (88.987um, 29.340um).
[WARNING PSM-0039] Unconnected instance TAP_TAPCELL_ROW_170_343/vdd at location (88.987um, 29.628um).
[WARNING PSM-0039] Unconnected instance TAP_TAPCELL_ROW_172_347/vdd at location (88.987um, 29.916um).
[WARNING PSM-0039] Unconnected instance TAP_TAPCELL_ROW_174_351/vdd at location (88.987um, 30.204um).
[WARNING PSM-0039] Unconnected instance TAP_TAPCELL_ROW_176_355/vdd at location (88.987um, 30.492um).
[WARNING PSM-0039] Unconnected instance TAP_TAPCELL_ROW_178_359/vdd at location (88.987um, 30.780um).
[WARNING PSM-0039] Unconnected instance TAP_TAPCELL_ROW_180_363/vdd at location (88.987um, 31.068um).
[WARNING PSM-0039] Unconnected instance TAP_TAPCELL_ROW_182_367/vdd at location (88.987um, 31.356um).
[WARNING PSM-0039] Unconnected instance TAP_TAPCELL_ROW_184_371/vdd at location (88.987um, 31.644um).
[WARNING PSM-0039] Unconnected instance TAP_TAPCELL_ROW_186_375/vdd at location (88.987um, 31.932um).
[WARNING PSM-0039] Unconnected instance TAP_TAPCELL_ROW_188_379/vdd at location (88.987um, 32.220um).
[WARNING PSM-0039] Unconnected instance TAP_TAPCELL_ROW_190_383/vdd at location (88.987um, 32.508um).
[WARNING PSM-0039] Unconnected instance TAP_TAPCELL_ROW_192_387/vdd at location (88.987um, 32.796um).
[WARNING PSM-0039] Unconnected instance TAP_TAPCELL_ROW_194_391/vdd at location (88.987um, 33.084um).
[WARNING PSM-0039] Unconnected instance TAP_TAPCELL_ROW_196_395/vdd at location (88.987um, 33.372um).
[WARNING PSM-0039] Unconnected instance TAP_TAPCELL_ROW_198_399/vdd at location (88.987um, 33.660um).
[WARNING PSM-0039] Unconnected instance TAP_TAPCELL_ROW_200_403/vdd at location (88.987um, 33.948um).
[WARNING PSM-0039] Unconnected instance TAP_TAPCELL_ROW_202_407/vdd at location (88.987um, 34.236um).
[WARNING PSM-0039] Unconnected instance TAP_TAPCELL_ROW_204_411/vdd at location (88.987um, 34.524um).
[WARNING PSM-0039] Unconnected instance TAP_TAPCELL_ROW_206_415/vdd at location (88.987um, 34.812um).
[WARNING PSM-0039] Unconnected instance TAP_TAPCELL_ROW_208_419/vdd at location (88.987um, 35.100um).
[WARNING PSM-0039] Unconnected instance TAP_TAPCELL_ROW_210_423/vdd at location (88.987um, 35.388um).
[WARNING PSM-0039] Unconnected instance TAP_TAPCELL_ROW_212_427/vdd at location (88.987um, 35.676um).
[WARNING PSM-0039] Unconnected instance TAP_TAPCELL_ROW_214_431/vdd at location (88.987um, 35.964um).
[WARNING PSM-0039] Unconnected instance TAP_TAPCELL_ROW_216_435/vdd at location (88.987um, 36.252um).
[WARNING PSM-0039] Unconnected instance TAP_TAPCELL_ROW_218_439/vdd at location (88.987um, 36.540um).
[WARNING PSM-0039] Unconnected instance TAP_TAPCELL_ROW_220_443/vdd at location (88.987um, 36.828um).
[WARNING PSM-0039] Unconnected instance TAP_TAPCELL_ROW_222_447/vdd at location (88.987um, 37.116um).
[WARNING PSM-0039] Unconnected instance TAP_TAPCELL_ROW_224_451/vdd at location (88.987um, 37.404um).
[WARNING PSM-0039] Unconnected instance TAP_TAPCELL_ROW_226_455/vdd at location (88.987um, 37.692um).
[WARNING PSM-0039] Unconnected instance TAP_TAPCELL_ROW_228_459/vdd at location (88.987um, 37.980um).
[WARNING PSM-0039] Unconnected instance TAP_TAPCELL_ROW_230_463/vdd at location (88.987um, 38.268um).
[WARNING PSM-0039] Unconnected instance TAP_TAPCELL_ROW_232_467/vdd at location (88.987um, 38.556um).
[WARNING PSM-0039] Unconnected instance TAP_TAPCELL_ROW_234_471/vdd at location (88.987um, 38.844um).
[WARNING PSM-0039] Unconnected instance TAP_TAPCELL_ROW_236_475/vdd at location (88.987um, 39.132um).
[WARNING PSM-0039] Unconnected instance TAP_TAPCELL_ROW_238_479/vdd at location (88.987um, 39.420um).
[WARNING PSM-0039] Unconnected instance TAP_TAPCELL_ROW_240_483/vdd at location (88.987um, 39.708um).
[WARNING PSM-0039] Unconnected instance TAP_TAPCELL_ROW_242_487/vdd at location (88.987um, 39.996um).
[WARNING PSM-0039] Unconnected instance TAP_TAPCELL_ROW_244_491/vdd at location (88.987um, 40.284um).
[WARNING PSM-0039] Unconnected instance TAP_TAPCELL_ROW_246_495/vdd at location (88.987um, 40.572um).
[WARNING PSM-0039] Unconnected instance TAP_TAPCELL_ROW_248_499/vdd at location (88.987um, 40.860um).
[WARNING PSM-0039] Unconnected instance TAP_TAPCELL_ROW_250_503/vdd at location (88.987um, 41.148um).
[WARNING PSM-0039] Unconnected instance TAP_TAPCELL_ROW_252_507/vdd at location (88.987um, 41.436um).
[WARNING PSM-0039] Unconnected instance TAP_TAPCELL_ROW_254_511/vdd at location (88.987um, 41.724um).
[WARNING PSM-0039] Unconnected instance TAP_TAPCELL_ROW_256_515/vdd at location (88.987um, 42.012um).
[WARNING PSM-0039] Unconnected instance TAP_TAPCELL_ROW_258_519/vdd at location (88.987um, 42.300um).
[WARNING PSM-0039] Unconnected instance TAP_TAPCELL_ROW_260_523/vdd at location (88.987um, 42.588um).
[WARNING PSM-0039] Unconnected instance TAP_TAPCELL_ROW_262_527/vdd at location (88.987um, 42.876um).
[WARNING PSM-0039] Unconnected instance TAP_TAPCELL_ROW_264_531/vdd at location (88.987um, 43.164um).
[WARNING PSM-0039] Unconnected instance TAP_TAPCELL_ROW_266_535/vdd at location (88.987um, 43.452um).
[WARNING PSM-0039] Unconnected instance TAP_TAPCELL_ROW_268_539/vdd at location (88.987um, 43.740um).
[WARNING PSM-0039] Unconnected instance TAP_TAPCELL_ROW_270_543/vdd at location (88.987um, 44.028um).
[WARNING PSM-0039] Unconnected instance TAP_TAPCELL_ROW_272_547/vdd at location (88.987um, 44.316um).
[WARNING PSM-0039] Unconnected instance TAP_TAPCELL_ROW_274_551/vdd at location (88.987um, 44.604um).
[WARNING PSM-0039] Unconnected instance TAP_TAPCELL_ROW_276_555/vdd at location (88.987um, 44.892um).
[WARNING PSM-0039] Unconnected instance TAP_TAPCELL_ROW_278_559/vdd at location (88.987um, 45.180um).
[WARNING PSM-0039] Unconnected instance TAP_TAPCELL_ROW_280_563/vdd at location (88.987um, 45.468um).
[WARNING PSM-0039] Unconnected instance TAP_TAPCELL_ROW_282_567/vdd at location (88.987um, 45.756um).
[WARNING PSM-0039] Unconnected instance TAP_TAPCELL_ROW_284_571/vdd at location (88.987um, 46.044um).
[WARNING PSM-0039] Unconnected instance TAP_TAPCELL_ROW_286_575/vdd at location (88.987um, 46.332um).
[WARNING PSM-0039] Unconnected instance TAP_TAPCELL_ROW_288_579/vdd at location (88.987um, 46.620um).
[WARNING PSM-0039] Unconnected instance TAP_TAPCELL_ROW_290_583/vdd at location (88.987um, 46.908um).
[WARNING PSM-0039] Unconnected instance TAP_TAPCELL_ROW_292_587/vdd at location (88.987um, 47.196um).
[WARNING PSM-0039] Unconnected instance TAP_TAPCELL_ROW_294_591/vdd at location (88.987um, 47.484um).
[WARNING PSM-0039] Unconnected instance TAP_TAPCELL_ROW_296_595/vdd at location (88.987um, 47.772um).
[WARNING PSM-0039] Unconnected instance TAP_TAPCELL_ROW_298_599/vdd at location (88.987um, 48.060um).
[WARNING PSM-0039] Unconnected instance TAP_TAPCELL_ROW_300_603/vdd at location (88.987um, 48.348um).
[WARNING PSM-0039] message limit (1000) reached. This message will no longer print.
[ERROR PSM-0069] Check connectivity failed on VDD.
TAP_TO_M3 VDD before_status=1 before_msg=PSM-0069
TAP_TO_M3 VDD added=1698 stripe_side=left staggered_m2=0 pdn_m2_avoided=28
[INFO PSM-0040] All shapes on net VDD are connected.
TAP_TO_M3 VDD after_status=0 after_msg=1 added=1698
[ERROR PSM-0069] Check connectivity failed on VSS.
TAP_TO_M3 VSS before_status=1 before_msg=PSM-0069
TAP_TO_M3 VSS added=1698 stripe_side=right staggered_m2=1698 pdn_m2_avoided=26
[INFO PSM-0040] All shapes on net VSS are connected.
TAP_TO_M3 VSS after_status=0 after_msg=1 added=1698
Design area 6105 um^2 41% utilization.
write_db /work/djang62/Openroad/handoff/gt2n_openroad_run/AES_128/GT2_2nm_PDK/03_spnr/tt/w31_svtlvt/1000ps_fspdn_tapm3_rdl_dense_u40_c80/work/results/gt2n/aes_128/base/2_4_floorplan_pdn.odb
Elapsed time: 0:02.14[h:]min:sec. CPU time: user 1.79 sys 0.24 (95%). Peak memory: 402660KB.
Log                        Elapsed/s Peak Memory/MB  sha1sum .odb [0:20)
2_4_floorplan_pdn                  2            393 e31dee3166514e58e703
cp /work/djang62/Openroad/handoff/gt2n_openroad_run/AES_128/GT2_2nm_PDK/03_spnr/tt/w31_svtlvt/1000ps_fspdn_tapm3_rdl_dense_u40_c80/work/results/gt2n/aes_128/base/2_4_floorplan_pdn.odb /work/djang62/Openroad/handoff/gt2n_openroad_run/AES_128/GT2_2nm_PDK/03_spnr/tt/w31_svtlvt/1000ps_fspdn_tapm3_rdl_dense_u40_c80/work/results/gt2n/aes_128/base/2_floorplan.odb
cp /work/djang62/Openroad/handoff/gt2n_openroad_run/AES_128/GT2_2nm_PDK/03_spnr/tt/w31_svtlvt/1000ps_fspdn_tapm3_rdl_dense_u40_c80/work/results/gt2n/aes_128/base/2_1_floorplan.sdc /work/djang62/Openroad/handoff/gt2n_openroad_run/AES_128/GT2_2nm_PDK/03_spnr/tt/w31_svtlvt/1000ps_fspdn_tapm3_rdl_dense_u40_c80/work/results/gt2n/aes_128/base/2_floorplan.sdc
/OpenROAD-flow-scripts/flow/scripts/flow.sh 3_1_place_gp_skip_io global_place_skip_io
Running global_place_skip_io.tcl, stage 3_1_place_gp_skip_io
read_liberty /work/djang62/Openroad/handoff/gt2n_openroad_run/OpenROAD-flow-scripts/flow/platforms/gt2n/lib/gt2_6t_w31_svt_tt_0p7v25c.lib
[WARNING STA-1171] /work/djang62/Openroad/handoff/gt2n_openroad_run/OpenROAD-flow-scripts/flow/platforms/gt2n/lib/gt2_6t_w31_svt_tt_0p7v25c.lib line 58, default_fanout_load is 0.0.
read_liberty /work/djang62/Openroad/handoff/gt2n_openroad_run/OpenROAD-flow-scripts/flow/platforms/gt2n/lib/gt2_6t_w31_lvt_tt_0p7v25c.lib
[WARNING STA-1171] /work/djang62/Openroad/handoff/gt2n_openroad_run/OpenROAD-flow-scripts/flow/platforms/gt2n/lib/gt2_6t_w31_lvt_tt_0p7v25c.lib line 58, default_fanout_load is 0.0.
read_db /work/djang62/Openroad/handoff/gt2n_openroad_run/AES_128/GT2_2nm_PDK/03_spnr/tt/w31_svtlvt/1000ps_fspdn_tapm3_rdl_dense_u40_c80/work/results/gt2n/aes_128/base/2_floorplan.odb
read_sdc /work/djang62/Openroad/handoff/gt2n_openroad_run/AES_128/GT2_2nm_PDK/03_spnr/tt/w31_svtlvt/1000ps_fspdn_tapm3_rdl_dense_u40_c80/work/results/gt2n/aes_128/base/2_floorplan.sdc
source /work/djang62/Openroad/handoff/gt2n_openroad_run/OpenROAD-flow-scripts/flow/platforms/gt2n/setRC_fspdn.tcl
global_placement -skip_io -density 0.58 -pad_left 1 -pad_right 1
[INFO GPL-0001] ---- Initialize GPL Main Data Structures
[INFO GPL-0002] DBU: 2000
[INFO GPL-0003] SiteSize: (  0.042  0.144 ) um
[INFO GPL-0004] CoreBBox: (  5.040  5.040 ) ( 127.008 127.008 ) um
[INFO GPL-0036] Movable instances area:       8458.170 um^2
[INFO GPL-0037] Total instances area:         8478.709 um^2
[INFO GPL-0035] Pin density area adjust:      1408.976 um^2
[INFO GPL-0032] ---- Initialize Region: Top-level
[INFO GPL-0006] Number of instances:            187068
[INFO GPL-0007] Movable instances:              185370
[INFO GPL-0008] Fixed instances:                  1698
[INFO GPL-0009] Dummy instances:                     0
[INFO GPL-0010] Number of nets:                 185630
[INFO GPL-0011] Number of pins:                 639974
[INFO GPL-0012] Die BBox:  (  0.000  0.000 ) ( 132.083 132.083 ) um
[INFO GPL-0013] Core BBox: (  5.040  5.040 ) ( 127.008 127.008 ) um
[INFO GPL-0016] Core area:                   14876.193 um^2
[INFO GPL-0014] Region name: top-level.
[INFO GPL-0015] Region area:                 14876.193 um^2
[INFO GPL-0017] Fixed instances area:           20.539 um^2
[INFO GPL-0018] Movable instances area:       9867.147 um^2
[INFO GPL-0019] Utilization:                    66.420 %
[INFO GPL-0020] Standard cells area:          9867.147 um^2
[INFO GPL-0021] Large instances area:            0.000 um^2
[INFO GPL-0005] ---- Execute Conjugate Gradient Initial Placement.
[INFO GPL-0051] Source of initial instance position counters:
	Odb location = 10769	Core center = 174601	Region center = 0
[INFO GPL-0033] ---- Initialize Nesterov Region: Top-level
[WARNING GPL-0302] Target density 0.5800 is too low for the available free area.
Automatically adjusting to uniform density 0.6700.
[INFO GPL-0023] Placement target density:       0.6700
[INFO GPL-0024] Movable insts average area:      0.053 um^2
[INFO GPL-0025] Ideal bin area:                  0.079 um^2
[INFO GPL-0026] Ideal bin count:                187247
[INFO GPL-0027] Total bin area:              14876.193 um^2
[INFO GPL-0028] Bin count (X, Y):         256 ,    256
[INFO GPL-0029] Bin size (W * H):       0.476 *  0.476 um
[INFO GPL-0030] Number of bins:                  65536
[INFO GPL-0007] ---- Execute Nesterov Global Placement.
[INFO GPL-0031] HPWL: Half-Perimeter Wirelength
Iteration | Overflow |     HPWL (um) |  HPWL(%) |   Penalty | Group
---------------------------------------------------------------
        0 |   0.9957 |  8.728000e+05 |   +0.00% |  4.84e-14 |      
       10 |   0.9969 |  6.167544e+04 |  -92.93% |  7.88e-14 |      
       20 |   0.9971 |  3.686285e+04 |  -40.23% |  1.28e-13 |      
       30 |   0.9972 |  2.413174e+04 |  -34.54% |  2.09e-13 |      
       40 |   0.9974 |  1.612667e+04 |  -33.17% |  3.41e-13 |      
       50 |   0.9975 |  1.456521e+04 |   -9.68% |  5.55e-13 |      
       60 |   0.9974 |  1.509761e+04 |   +3.66% |  9.04e-13 |      
       70 |   0.9971 |  1.638110e+04 |   +8.50% |  1.47e-12 |      
       80 |   0.9967 |  1.915092e+04 |  +16.91% |  2.40e-12 |      
       90 |   0.9959 |  2.385896e+04 |  +24.58% |  3.90e-12 |      
      100 |   0.9946 |  2.913163e+04 |  +22.10% |  6.34e-12 |      
      110 |   0.9926 |  3.491557e+04 |  +19.85% |  1.03e-11 |      
      120 |   0.9897 |  4.191274e+04 |  +20.04% |  1.68e-11 |      
      130 |   0.9850 |  5.041236e+04 |  +20.28% |  2.73e-11 |      
      140 |   0.9785 |  6.070587e+04 |  +20.42% |  4.44e-11 |      
      150 |   0.9687 |  7.373942e+04 |  +21.47% |  7.20e-11 |      
      160 |   0.9554 |  9.014544e+04 |  +22.25% |  1.17e-10 |      
      170 |   0.9368 |  1.102295e+05 |  +22.28% |  1.90e-10 |      
      180 |   0.9132 |  1.342594e+05 |  +21.80% |  3.07e-10 |      
      190 |   0.8855 |  1.623070e+05 |  +20.89% |  4.98e-10 |      
      200 |   0.8551 |  1.922926e+05 |  +18.47% |  8.05e-10 |      
      210 |   0.8215 |  2.194275e+05 |  +14.11% |  1.30e-09 |      
      220 |   0.7954 |  2.349663e+05 |   +7.08% |  2.12e-09 |      
      230 |   0.7681 |  2.569053e+05 |   +9.34% |  3.43e-09 |      
      240 |   0.7301 |  2.944013e+05 |  +14.60% |  5.55e-09 |      
      250 |   0.7002 |  3.316039e+05 |  +12.64% |  8.96e-09 |      
      260 |   0.6743 |  3.578761e+05 |   +7.92% |  1.45e-08 |      
      270 |   0.6570 |  3.571679e+05 |   -0.20% |  2.36e-08 |      
      280 |   0.6357 |  3.576130e+05 |   +0.12% |  3.84e-08 |      
      290 |   0.6074 |  3.741209e+05 |   +4.62% |  6.23e-08 |      
      300 |   0.5831 |  3.593163e+05 |   -3.96% |  1.01e-07 |      
      310 |   0.5486 |  3.844389e+05 |   +6.99% |  1.64e-07 |      
      320 |   0.5151 |  3.884224e+05 |   +1.04% |  2.67e-07 |      
      330 |   0.4817 |  3.889471e+05 |   +0.14% |  4.35e-07 |      
      340 |   0.4381 |  4.000292e+05 |   +2.85% |  7.07e-07 |      
      350 |   0.3903 |  4.085710e+05 |   +2.14% |  1.15e-06 |      
      360 |   0.3316 |  4.205165e+05 |   +2.92% |  1.83e-06 |      
      370 |   0.2791 |  4.295051e+05 |   +2.14% |  2.69e-06 |      
      380 |   0.2300 |  4.385974e+05 |   +2.12% |  3.96e-06 |      
      390 |   0.1888 |  4.456633e+05 |   +1.61% |  5.83e-06 |      
      400 |   0.1555 |  4.509021e+05 |   +1.18% |  8.58e-06 |      
      410 |   0.1288 |  4.547116e+05 |   +0.84% |  1.26e-05 |      
      420 |   0.1072 |  4.574274e+05 |   +0.60% |  1.86e-05 |      
      424 |   0.0996 |  4.582670e+05 |          |  2.26e-05 |      
---------------------------------------------------------------
[INFO GPL-1001] Global placement finished at iteration 424
[INFO GPL-1002] Placed Cell Area             9867.1467
[INFO GPL-1003] Available Free Area         14855.6540
[INFO GPL-1004] Minimum Feasible Density        0.6700 (cell_area / free_area)
[INFO GPL-1006]   Suggested Target Densities:
[INFO GPL-1007]     - For 90% usage of free space: 0.7380
[INFO GPL-1008]     - For 80% usage of free space: 0.8303
[INFO GPL-1014] Final placement area: 9867.15 (+0.00%)
Took 28 seconds: global_placement -skip_io -density 0.58 -pad_left 1 -pad_right 1
Design area 6105 um^2 41% utilization.
write_db /work/djang62/Openroad/handoff/gt2n_openroad_run/AES_128/GT2_2nm_PDK/03_spnr/tt/w31_svtlvt/1000ps_fspdn_tapm3_rdl_dense_u40_c80/work/results/gt2n/aes_128/base/3_1_place_gp_skip_io.odb
Elapsed time: 0:28.77[h:]min:sec. CPU time: user 296.71 sys 1.40 (1036%). Peak memory: 631160KB.
Log                        Elapsed/s Peak Memory/MB  sha1sum .odb [0:20)
3_1_place_gp_skip_io              28            616 ee6bf6615d0497251dcb
/OpenROAD-flow-scripts/flow/scripts/flow.sh 3_2_place_iop io_placement
Running io_placement.tcl, stage 3_2_place_iop
read_liberty /work/djang62/Openroad/handoff/gt2n_openroad_run/OpenROAD-flow-scripts/flow/platforms/gt2n/lib/gt2_6t_w31_svt_tt_0p7v25c.lib
[WARNING STA-1171] /work/djang62/Openroad/handoff/gt2n_openroad_run/OpenROAD-flow-scripts/flow/platforms/gt2n/lib/gt2_6t_w31_svt_tt_0p7v25c.lib line 58, default_fanout_load is 0.0.
read_liberty /work/djang62/Openroad/handoff/gt2n_openroad_run/OpenROAD-flow-scripts/flow/platforms/gt2n/lib/gt2_6t_w31_lvt_tt_0p7v25c.lib
[WARNING STA-1171] /work/djang62/Openroad/handoff/gt2n_openroad_run/OpenROAD-flow-scripts/flow/platforms/gt2n/lib/gt2_6t_w31_lvt_tt_0p7v25c.lib line 58, default_fanout_load is 0.0.
read_db /work/djang62/Openroad/handoff/gt2n_openroad_run/AES_128/GT2_2nm_PDK/03_spnr/tt/w31_svtlvt/1000ps_fspdn_tapm3_rdl_dense_u40_c80/work/results/gt2n/aes_128/base/3_1_place_gp_skip_io.odb
read_sdc /work/djang62/Openroad/handoff/gt2n_openroad_run/AES_128/GT2_2nm_PDK/03_spnr/tt/w31_svtlvt/1000ps_fspdn_tapm3_rdl_dense_u40_c80/work/results/gt2n/aes_128/base/2_floorplan.sdc
source /work/djang62/Openroad/handoff/gt2n_openroad_run/OpenROAD-flow-scripts/flow/platforms/gt2n/setRC_fspdn.tcl
source /work/djang62/Openroad/handoff/gt2n_openroad_run/OpenROAD-flow-scripts/flow/platforms/gt2n/pre_io_avoid_pdn_stripes.tcl
GT2N_IO_PDN_AVOID added 160 IO exclusion intervals for M2/M3 PDN stripes.
place_pins -hor_layers M2 -ver_layers M3 -exclude top:7.950000-8.130000 -exclude bottom:7.950000-8.130000 -exclude top:10.950000-11.130000 -exclude bottom:10.950000-11.130000 -exclude top:13.950000-14.130000 -exclude bottom:13.950000-14.130000 -exclude top:16.950000-17.130000 -exclude bottom:16.950000-17.130000 -exclude top:19.950000-20.130000 -exclude bottom:19.950000-20.130000 -exclude top:22.950000-23.130000 -exclude bottom:22.950000-23.130000 -exclude top:25.950000-26.130000 -exclude bottom:25.950000-26.130000 -exclude top:28.950000-29.130000 -exclude bottom:28.950000-29.130000 -exclude top:31.950000-32.130000 -exclude bottom:31.950000-32.130000 -exclude top:34.950000-35.130000 -exclude bottom:34.950000-35.130000 -exclude top:37.950000-38.130000 -exclude bottom:37.950000-38.130000 -exclude top:40.950000-41.130000 -exclude bottom:40.950000-41.130000 -exclude top:43.950000-44.130000 -exclude bottom:43.950000-44.130000 -exclude top:46.950000-47.130000 -exclude bottom:46.950000-47.130000 -exclude top:49.950000-50.130000 -exclude bottom:49.950000-50.130000 -exclude top:52.950000-53.130000 -exclude bottom:52.950000-53.130000 -exclude top:55.950000-56.130000 -exclude bottom:55.950000-56.130000 -exclude top:58.950000-59.130000 -exclude bottom:58.950000-59.130000 -exclude top:61.950000-62.130000 -exclude bottom:61.950000-62.130000 -exclude top:64.950000-65.130000 -exclude bottom:64.950000-65.130000 -exclude top:67.950000-68.130000 -exclude bottom:67.950000-68.130000 -exclude top:70.950000-71.130000 -exclude bottom:70.950000-71.130000 -exclude top:73.950000-74.130000 -exclude bottom:73.950000-74.130000 -exclude top:76.950000-77.130000 -exclude bottom:76.950000-77.130000 -exclude top:79.950000-80.130000 -exclude bottom:79.950000-80.130000 -exclude top:82.950000-83.130000 -exclude bottom:82.950000-83.130000 -exclude top:85.950000-86.130000 -exclude bottom:85.950000-86.130000 -exclude top:88.950000-89.130000 -exclude bottom:88.950000-89.130000 -exclude top:91.950000-92.130000 -exclude bottom:91.950000-92.130000 -exclude top:94.950000-95.130000 -exclude bottom:94.950000-95.130000 -exclude top:97.950000-98.130000 -exclude bottom:97.950000-98.130000 -exclude top:100.950000-101.130000 -exclude bottom:100.950000-101.130000 -exclude top:103.950000-104.130000 -exclude bottom:103.950000-104.130000 -exclude top:106.950000-107.130000 -exclude bottom:106.950000-107.130000 -exclude top:109.950000-110.130000 -exclude bottom:109.950000-110.130000 -exclude top:112.950000-113.130000 -exclude bottom:112.950000-113.130000 -exclude top:115.950000-116.130000 -exclude bottom:115.950000-116.130000 -exclude top:118.950000-119.130000 -exclude bottom:118.950000-119.130000 -exclude top:121.950000-122.130000 -exclude bottom:121.950000-122.130000 -exclude top:124.950000-125.130000 -exclude bottom:124.950000-125.130000 -exclude left:7.950000-8.130000 -exclude right:7.950000-8.130000 -exclude left:10.950000-11.130000 -exclude right:10.950000-11.130000 -exclude left:13.950000-14.130000 -exclude right:13.950000-14.130000 -exclude left:16.950000-17.130000 -exclude right:16.950000-17.130000 -exclude left:19.950000-20.130000 -exclude right:19.950000-20.130000 -exclude left:22.950000-23.130000 -exclude right:22.950000-23.130000 -exclude left:25.950000-26.130000 -exclude right:25.950000-26.130000 -exclude left:28.950000-29.130000 -exclude right:28.950000-29.130000 -exclude left:31.950000-32.130000 -exclude right:31.950000-32.130000 -exclude left:34.950000-35.130000 -exclude right:34.950000-35.130000 -exclude left:37.950000-38.130000 -exclude right:37.950000-38.130000 -exclude left:40.950000-41.130000 -exclude right:40.950000-41.130000 -exclude left:43.950000-44.130000 -exclude right:43.950000-44.130000 -exclude left:46.950000-47.130000 -exclude right:46.950000-47.130000 -exclude left:49.950000-50.130000 -exclude right:49.950000-50.130000 -exclude left:52.950000-53.130000 -exclude right:52.950000-53.130000 -exclude left:55.950000-56.130000 -exclude right:55.950000-56.130000 -exclude left:58.950000-59.130000 -exclude right:58.950000-59.130000 -exclude left:61.950000-62.130000 -ex2.130000 -exclude right:61.950000-62.130000 -exclude left:64.950000-65.130000 -exclude right:64.950000-65.130000 -exclude left:67.950000-68.130000 -exclude right:67.950000-68.130000 -exclude left:70.950000-71.130000 -exclude right:70.950000-71.130000 -exclude left:73.950000-74.130000 -exclude right:73.950000-74.130000 -exclude left:76.950000-77.130000 -exclude right:76.950000-77.130000 -exclude left:79.950000-80.130000 -exclude right:79.950000-80.130000 -exclude left:82.950000-83.130000 -exclude right:82.950000-83.130000 -exclude left:85.950000-86.130000 -exclude right:85.950000-86.130000 -exclude left:88.950000-89.130000 -exclude right:88.950000-89.130000 -exclude left:91.950000-92.130000 -exclude right:91.950000-92.130000 -exclude left:94.950000-95.130000 -exclude right:94.950000-95.130000 -exclude left:97.950000-98.130000 -exclude right:97.950000-98.130000 -exclude left:100.950000-101.130000 -exclude right:100.950000-101.130000 -exclude left:103.950000-104.130000 -exclude right:103.950000-104.130000 -exclude left:106.950000-107.130000 -exclude right:106.950000-107.130000 -exclude left:109.950000-110.130000 -exclude right:109.950000-110.130000 -exclude left:112.950000-113.130000 -exclude right:112.950000-113.130000 -exclude left:115.950000-116.130000 -exclude right:115.950000-116.130000 -exclude left:118.950000-119.130000 -exclude right:118.950000-119.130000 -exclude left:121.950000-122.130000 -exclude right:121.950000-122.130000 -exclude left:124.950000-125.130000 -exclude right:124.950000-125.130000
Found 0 macro blocks.
Using 2 tracks default min distance between IO pins.
[INFO PPL-0001] Number of available slots 9614
[INFO PPL-0002] Number of I/O             389
[INFO PPL-0003] Number of I/O w/sink      389
[INFO PPL-0004] Number of I/O w/o sink    0
[INFO PPL-0005] Slots per section         200
[INFO PPL-0008] Successfully assigned pins to sections.
[INFO PPL-0012] I/O nets HPWL: 7362.34 um.
Design area 6105 um^2 41% utilization.
write_db /work/djang62/Openroad/handoff/gt2n_openroad_run/AES_128/GT2_2nm_PDK/03_spnr/tt/w31_svtlvt/1000ps_fspdn_tapm3_rdl_dense_u40_c80/work/results/gt2n/aes_128/base/3_2_place_iop.odb
Elapsed time: 0:01.22[h:]min:sec. CPU time: user 0.92 sys 0.24 (95%). Peak memory: 395284KB.
Log                        Elapsed/s Peak Memory/MB  sha1sum .odb [0:20)
3_2_place_iop                      1            386 111de2e4444c8eea9b46
/OpenROAD-flow-scripts/flow/scripts/flow.sh 3_3_place_gp global_place
Running global_place.tcl, stage 3_3_place_gp
read_liberty /work/djang62/Openroad/handoff/gt2n_openroad_run/OpenROAD-flow-scripts/flow/platforms/gt2n/lib/gt2_6t_w31_svt_tt_0p7v25c.lib
[WARNING STA-1171] /work/djang62/Openroad/handoff/gt2n_openroad_run/OpenROAD-flow-scripts/flow/platforms/gt2n/lib/gt2_6t_w31_svt_tt_0p7v25c.lib line 58, default_fanout_load is 0.0.
read_liberty /work/djang62/Openroad/handoff/gt2n_openroad_run/OpenROAD-flow-scripts/flow/platforms/gt2n/lib/gt2_6t_w31_lvt_tt_0p7v25c.lib
[WARNING STA-1171] /work/djang62/Openroad/handoff/gt2n_openroad_run/OpenROAD-flow-scripts/flow/platforms/gt2n/lib/gt2_6t_w31_lvt_tt_0p7v25c.lib line 58, default_fanout_load is 0.0.
read_db /work/djang62/Openroad/handoff/gt2n_openroad_run/AES_128/GT2_2nm_PDK/03_spnr/tt/w31_svtlvt/1000ps_fspdn_tapm3_rdl_dense_u40_c80/work/results/gt2n/aes_128/base/3_2_place_iop.odb
read_sdc /work/djang62/Openroad/handoff/gt2n_openroad_run/AES_128/GT2_2nm_PDK/03_spnr/tt/w31_svtlvt/1000ps_fspdn_tapm3_rdl_dense_u40_c80/work/results/gt2n/aes_128/base/2_floorplan.sdc
source /work/djang62/Openroad/handoff/gt2n_openroad_run/OpenROAD-flow-scripts/flow/platforms/gt2n/setRC_fspdn.tcl
[INFO RSZ-0026] Removed 28651 buffers.
Perform port buffering...
[INFO RSZ-0027] Inserted 259 gt2_6t_buf_x1_w31_lvt input buffers.
[INFO RSZ-0028] Inserted 129 gt2_6t_buf_x1_w31_lvt output buffers.
global_placement -density 0.58 -pad_left 1 -pad_right 1 -routability_driven -timing_driven -force_center_initial_place -min_phi_coef 0.95 -max_phi_coef 1.05
[INFO GPL-0001] ---- Initialize GPL Main Data Structures
[INFO GPL-0002] DBU: 2000
[INFO GPL-0003] SiteSize: (  0.042  0.144 ) um
[INFO GPL-0004] CoreBBox: (  5.040  5.040 ) ( 127.008 127.008 ) um
[INFO GPL-0036] Movable instances area:       7554.369 um^2
[INFO GPL-0037] Total instances area:         7574.908 um^2
[INFO GPL-0035] Pin density area adjust:      1370.296 um^2
[INFO GPL-0032] ---- Initialize Region: Top-level
[INFO GPL-0006] Number of instances:            158805
[INFO GPL-0007] Movable instances:              157107
[INFO GPL-0008] Fixed instances:                  1698
[INFO GPL-0009] Dummy instances:                     0
[INFO GPL-0010] Number of nets:                 157367
[INFO GPL-0011] Number of pins:                 583837
[INFO GPL-0012] Die BBox:  (  0.000  0.000 ) ( 132.083 132.083 ) um
[INFO GPL-0013] Core BBox: (  5.040  5.040 ) ( 127.008 127.008 ) um
[INFO GPL-0016] Core area:                   14876.193 um^2
[INFO GPL-0014] Region name: top-level.
[INFO GPL-0015] Region area:                 14876.193 um^2
[INFO GPL-0017] Fixed instances area:           20.539 um^2
[INFO GPL-0018] Movable instances area:       8924.666 um^2
[INFO GPL-0019] Utilization:                    60.076 %
[INFO GPL-0020] Standard cells area:          8924.666 um^2
[INFO GPL-0021] Large instances area:            0.000 um^2
[INFO GPL-0005] ---- Execute Conjugate Gradient Initial Placement.
[INFO GPL-0051] Source of initial instance position counters:
	Odb location = 0	Core center = 157107	Region center = 0
[InitialPlace]  Iter: 1 conjugate gradient residual: 0.02278806 HPWL: 816102442
[InitialPlace]  Iter: 2 conjugate gradient residual: 0.00846067 HPWL: 240192283
[InitialPlace]  Iter: 3 conjugate gradient residual: 0.00183970 HPWL: 238996910
[InitialPlace]  Iter: 4 conjugate gradient residual: 0.00154515 HPWL: 238053759
[InitialPlace]  Iter: 5 conjugate gradient residual: 0.00083123 HPWL: 238316368
[InitialPlace]  Iter: 6 conjugate gradient residual: 0.00061469 HPWL: 238729973
[InitialPlace]  Iter: 7 conjugate gradient residual: 0.00042150 HPWL: 238667078
[InitialPlace]  Iter: 8 conjugate gradient residual: 0.00078395 HPWL: 238594207
[InitialPlace]  Iter: 9 conjugate gradient residual: 0.00025330 HPWL: 238743352
[InitialPlace]  Iter: 10 conjugate gradient residual: 0.00023109 HPWL: 238271741
[InitialPlace]  Iter: 11 conjugate gradient residual: 0.00020435 HPWL: 238117358
[InitialPlace]  Iter: 12 conjugate gradient residual: 0.00018388 HPWL: 237951829
[InitialPlace]  Iter: 13 conjugate gradient residual: 0.00020077 HPWL: 237664461
[InitialPlace]  Iter: 14 conjugate gradient residual: 0.00013983 HPWL: 237571239
[InitialPlace]  Iter: 15 conjugate gradient residual: 0.00019324 HPWL: 237355830
[InitialPlace]  Iter: 16 conjugate gradient residual: 0.00010875 HPWL: 237028308
[InitialPlace]  Iter: 17 conjugate gradient residual: 0.00013155 HPWL: 236857700
[InitialPlace]  Iter: 18 conjugate gradient residual: 0.00010997 HPWL: 236628487
[InitialPlace]  Iter: 19 conjugate gradient residual: 0.00012351 HPWL: 236492920
[InitialPlace]  Iter: 20 conjugate gradient residual: 0.00008514 HPWL: 236307330
[INFO GPL-0033] ---- Initialize Nesterov Region: Top-level
[WARNING GPL-0302] Target density 0.5800 is too low for the available free area.
Automatically adjusting to uniform density 0.6100.
[INFO GPL-0023] Placement target density:       0.6100
[INFO GPL-0024] Movable insts average area:      0.057 um^2
[INFO GPL-0025] Ideal bin area:                  0.093 um^2
[INFO GPL-0026] Ideal bin count:                159744
[INFO GPL-0027] Total bin area:              14876.193 um^2
[INFO GPL-0028] Bin count (X, Y):         256 ,    256
[INFO GPL-0029] Bin size (W * H):       0.476 *  0.476 um
[INFO GPL-0030] Number of bins:                  65536
[INFO GPL-0007] ---- Execute Nesterov Global Placement.
[INFO GPL-0031] HPWL: Half-Perimeter Wirelength
Iteration | Overflow |     HPWL (um) |  HPWL(%) |   Penalty | Group
---------------------------------------------------------------
        0 |   0.9769 |  1.267376e+05 |   +0.00% |  1.95e-13 |      
       10 |   0.9777 |  6.289709e+04 |  -50.37% |  3.18e-13 |      
       20 |   0.9766 |  5.778843e+04 |   -8.12% |  5.17e-13 |      
       30 |   0.9743 |  5.715844e+04 |   -1.09% |  8.43e-13 |      
       40 |   0.9720 |  5.697856e+04 |   -0.31% |  1.37e-12 |      
       50 |   0.9701 |  5.674665e+04 |   -0.41% |  2.24e-12 |      
       60 |   0.9687 |  5.686579e+04 |   +0.21% |  3.64e-12 |      
       70 |   0.9683 |  5.704278e+04 |   +0.31% |  5.93e-12 |      
       80 |   0.9681 |  5.718943e+04 |   +0.26% |  9.66e-12 |      
       90 |   0.9677 |  5.753802e+04 |   +0.61% |  1.57e-11 |      
      100 |   0.9657 |  5.829279e+04 |   +1.31% |  2.56e-11 |      
      110 |   0.9611 |  5.973835e+04 |   +2.48% |  4.17e-11 |      
      120 |   0.9532 |  6.247276e+04 |   +4.58% |  6.79e-11 |      
      130 |   0.9411 |  6.767803e+04 |   +8.33% |  1.11e-10 |      
      140 |   0.9235 |  7.668513e+04 |  +13.31% |  1.80e-10 |      
      150 |   0.8993 |  9.093698e+04 |  +18.58% |  2.92e-10 |      
      160 |   0.8691 |  1.119358e+05 |  +23.09% |  4.73e-10 |      
      170 |   0.8338 |  1.410553e+05 |  +26.01% |  7.66e-10 |      
      180 |   0.7952 |  1.752924e+05 |  +24.27% |  1.24e-09 |      
      190 |   0.7548 |  2.122049e+05 |  +21.06% |  2.00e-09 |      
      200 |   0.7197 |  2.419139e+05 |  +14.00% |  3.24e-09 |      
      210 |   0.6911 |  2.624108e+05 |   +8.47% |  5.25e-09 |      
      220 |   0.6659 |  2.727316e+05 |   +3.93% |  8.53e-09 |      
      230 |   0.6434 |  2.913059e+05 |   +6.81% |  1.39e-08 |      
[INFO GPL-0100] Timing-driven iteration 1/2, virtual: false.
[INFO GPL-0101]    Iter: 234, overflow: 0.634, keep resizer changes at: 1, HPWL: 606823771
Iteration |   Area    | Resized | Buffers | Nets repaired | Remaining
---------------------------------------------------------------------
        0 |     +0.0% |       0 |       0 |             0 |    157367
    final |     +0.8% |       1 |     614 |           305 |         0
---------------------------------------------------------------------
[INFO RSZ-0034] Found 57 slew violations.
[INFO RSZ-0036] Found 4 capacitance violations.
[INFO RSZ-0037] Found 305 long wires.
[INFO RSZ-0039] Resized 1 instances.
[INFO RSZ-0038] Inserted 614 buffers in 305 nets.
   Iter   |    Area   | Removed | Inserted |   Pins
          |           | Buffers | Buffers  | Remaining
-------------------------------------------------------
        0 |     +0.0% |       0 |        0 |    146338
    14600 |     +0.0% |       0 |        0 |    131738
    29200 |     +0.0% |       0 |        0 |    117138
    43800 |     -0.0% |       1 |        0 |    102538
    58400 |     -0.0% |       1 |        0 |     87938
    73000 |     -0.0% |       1 |        0 |     73338
    87600 |     -0.0% |       1 |        0 |     58738
   102200 |     -0.0% |       1 |        0 |     44138
   116800 |     +0.0% |      20 |       66 |     29538
   131400 |     +0.0% |     163 |      403 |     14938
   146000 |     +0.0% |     483 |     1762 |       338
    final |     -0.1% |     614 |     2035 |         0
-------------------------------------------------------
[INFO GPL-0106] Timing-driven: worst slack 4.1960474e-10
[INFO GPL-0107] Timing-driven: repair_design delta area: 70.368 um^2 (+0.79%)
[INFO GPL-0108] Timing-driven: repair_design, gpl delta gcells: 2035 (+1.30%)
[INFO GPL-0109] Timing-driven: repair_design, gcells created: 2649, deleted: 614
[INFO GPL-0110] Timing-driven: new target density: 0.6147368
Iteration | Overflow |     HPWL (um) |  HPWL(%) |   Penalty | Group
---------------------------------------------------------------
      240 |   0.6335 |  3.063085e+05 |   +5.15% |  2.23e-08 |      
      250 |   0.6105 |  3.139898e+05 |   +2.51% |  3.63e-08 |      
[INFO GPL-0038] Routability snapshot saved at iter = 257
      256 |   0.5974 |  3.147758e+05 |          |           |      
      260 |   0.5856 |  3.139457e+05 |   -0.01% |  5.92e-08 |      
      270 |   0.5613 |  3.134928e+05 |   -0.14% |  9.63e-08 |      
      280 |   0.5303 |  3.172898e+05 |   +1.21% |  1.57e-07 |      
      290 |   0.4935 |  3.148299e+05 |   -0.78% |  2.55e-07 |      
      300 |   0.4513 |  3.326840e+05 |   +5.67% |  4.14e-07 |      
      310 |   0.4074 |  3.311186e+05 |   -0.47% |  6.74e-07 |      
      320 |   0.3576 |  3.318095e+05 |   +0.21% |  1.10e-06 |      
      330 |   0.3012 |  3.363576e+05 |   +1.37% |  1.66e-06 |      
[INFO GPL-0040] Routability iteration: 1
[WARNING GRT-0281] Net clk has a large fanout of 10770 terminals.
[INFO GPL-0041] Total routing overflow: 0.1093
[INFO GPL-0042] Number of overflowed tiles: 4 (0.00%)
[INFO GPL-0043] Average top 0.5% routing congestion: 0.8370
[INFO GPL-0044] Average top 1.0% routing congestion: 0.8039
[INFO GPL-0045] Average top 2.0% routing congestion: 0.7714
[INFO GPL-0046] Average top 5.0% routing congestion: 0.7273
[INFO GPL-0047] Routability iteration weighted routing congestion: 0.8204
[INFO GPL-0050] Weighted routing congestion is lower than target routing congestion(1.0100), end routability optimization.
[INFO GPL-0090] Routability finished. Target routing congestion achieved succesfully.
Iteration | Overflow |     HPWL (um) |  HPWL(%) |   Penalty | Group
---------------------------------------------------------------
      340 |   0.2565 |  3.362913e+05 |   -0.02% |  2.45e-06 |      
      350 |   0.2182 |  3.379499e+05 |   +0.49% |  3.61e-06 |      
[INFO GPL-0100] Timing-driven iteration 2/2, virtual: false.
[INFO GPL-0101]    Iter: 358, overflow: 0.194, keep resizer changes at: 1, HPWL: 676822525
Iteration |   Area    | Resized | Buffers | Nets repaired | Remaining
---------------------------------------------------------------------
        0 |     +0.0% |       0 |       0 |             0 |    159402
    final |     +0.9% |       0 |    1299 |          1063 |         0
---------------------------------------------------------------------
[INFO RSZ-0034] Found 1 slew violations.
[INFO RSZ-0037] Found 1063 long wires.
[INFO RSZ-0038] Inserted 1299 buffers in 1063 nets.
   Iter   |    Area   | Removed | Inserted |   Pins
          |           | Buffers | Buffers  | Remaining
-------------------------------------------------------
        0 |     +0.0% |       0 |        0 |    146338
    14600 |     +0.0% |       0 |        0 |    131738
    29200 |     +0.0% |       0 |        0 |    117138
    43800 |     -0.0% |      48 |        0 |    102538
    58400 |     -0.0% |      48 |        0 |     87938
    73000 |     -0.0% |     104 |        0 |     73338
    87600 |     -0.0% |     104 |        0 |     58738
   102200 |     -0.0% |     104 |        0 |     44138
   116800 |     -0.1% |     207 |       32 |     29538
   131400 |     -0.4% |     916 |      119 |     14938
   146000 |     -0.9% |    2974 |     1348 |       338
    final |     -1.0% |    3334 |     1647 |         0
-------------------------------------------------------
[INFO GPL-0106] Timing-driven: worst slack 4.1846354e-10
[INFO GPL-0107] Timing-driven: repair_design delta area: 28.607 um^2 (+0.32%)
[INFO GPL-0108] Timing-driven: repair_design, gpl delta gcells: -388 (-0.24%)
[INFO GPL-0109] Timing-driven: repair_design, gcells created: 2946, deleted: 3334
[INFO GPL-0110] Timing-driven: new target density: 0.6145055
Iteration | Overflow |     HPWL (um) |  HPWL(%) |   Penalty | Group
---------------------------------------------------------------
      360 |   0.1817 |  3.359923e+05 |   -0.58% |  5.32e-06 |      
      370 |   0.1550 |  3.364751e+05 |   +0.14% |  7.83e-06 |      
      380 |   0.1306 |  3.354192e+05 |   -0.31% |  1.15e-05 |      
      390 |   0.1102 |  3.347921e+05 |   -0.19% |  1.70e-05 |      
      396 |   0.0996 |  3.344588e+05 |          |  2.23e-05 |      
---------------------------------------------------------------
[INFO GPL-1001] Global placement finished at iteration 396
[INFO GPL-1003] Routability mode iteration count: 74
[INFO GPL-1005] Routability final weighted congestion: 0.6902
[INFO GPL-1002] Placed Cell Area             8955.9641
[INFO GPL-1003] Available Free Area         14855.6540
[INFO GPL-1004] Minimum Feasible Density        0.6100 (cell_area / free_area)
[INFO GPL-1006]   Suggested Target Densities:
[INFO GPL-1007]     - For 90% usage of free space: 0.6699
[INFO GPL-1008]     - For 80% usage of free space: 0.7536
[INFO GPL-1011] Original area (um^2): 8924.67
[INFO GPL-1012] Total routability artificial inflation: 0.00 (+0.00%)
[INFO GPL-1013] Total timing-driven delta area: 98.98 (+1.11%)
[INFO GPL-1014] Final placement area: 8955.96 (+0.35%)
Took 159 seconds: global_placement -density 0.58 -pad_left 1 -pad_right 1 -routability_driven -timing_driven -force_center_initial_place -min_phi_coef 0.95 -max_phi_coef 1.05
estimate_parasitics -placement
Report metrics stage 3, global place...

==========================================================================
global place report_design_area
--------------------------------------------------------------------------
Design area 5574 um^2 37% utilization.
write_db /work/djang62/Openroad/handoff/gt2n_openroad_run/AES_128/GT2_2nm_PDK/03_spnr/tt/w31_svtlvt/1000ps_fspdn_tapm3_rdl_dense_u40_c80/work/results/gt2n/aes_128/base/3_3_place_gp.odb
Elapsed time: 3:05.89[h:]min:sec. CPU time: user 650.14 sys 447.77 (590%). Peak memory: 1966296KB.
Log                        Elapsed/s Peak Memory/MB  sha1sum .odb [0:20)
3_3_place_gp                     185           1920 1863120fb7868b9505dc
/OpenROAD-flow-scripts/flow/scripts/flow.sh 3_4_place_resized resize
Running resize.tcl, stage 3_4_place_resized
read_liberty /work/djang62/Openroad/handoff/gt2n_openroad_run/OpenROAD-flow-scripts/flow/platforms/gt2n/lib/gt2_6t_w31_svt_tt_0p7v25c.lib
[WARNING STA-1171] /work/djang62/Openroad/handoff/gt2n_openroad_run/OpenROAD-flow-scripts/flow/platforms/gt2n/lib/gt2_6t_w31_svt_tt_0p7v25c.lib line 58, default_fanout_load is 0.0.
read_liberty /work/djang62/Openroad/handoff/gt2n_openroad_run/OpenROAD-flow-scripts/flow/platforms/gt2n/lib/gt2_6t_w31_lvt_tt_0p7v25c.lib
[WARNING STA-1171] /work/djang62/Openroad/handoff/gt2n_openroad_run/OpenROAD-flow-scripts/flow/platforms/gt2n/lib/gt2_6t_w31_lvt_tt_0p7v25c.lib line 58, default_fanout_load is 0.0.
read_db /work/djang62/Openroad/handoff/gt2n_openroad_run/AES_128/GT2_2nm_PDK/03_spnr/tt/w31_svtlvt/1000ps_fspdn_tapm3_rdl_dense_u40_c80/work/results/gt2n/aes_128/base/3_3_place_gp.odb
read_sdc /work/djang62/Openroad/handoff/gt2n_openroad_run/AES_128/GT2_2nm_PDK/03_spnr/tt/w31_svtlvt/1000ps_fspdn_tapm3_rdl_dense_u40_c80/work/results/gt2n/aes_128/base/2_floorplan.sdc
source /work/djang62/Openroad/handoff/gt2n_openroad_run/OpenROAD-flow-scripts/flow/platforms/gt2n/setRC_fspdn.tcl
estimate_parasitics -placement
Took 5 seconds: estimate_parasitics -placement
Perform buffer insertion and gate resizing...
repair_design -verbose -match_cell_footprint
Iteration |   Area    | Resized | Buffers | Nets repaired | Remaining
---------------------------------------------------------------------
        0 |     +0.0% |       0 |       0 |             0 |    159014
     1000 |     +0.0% |       0 |       0 |             0 |    158014
     2000 |     +0.0% |       0 |       0 |             0 |    157014
     3000 |     +0.0% |       0 |       0 |             0 |    156014
     4000 |     +0.0% |       0 |       0 |             0 |    155014
     5000 |     +0.0% |       0 |       0 |             0 |    154014
     6000 |     +0.0% |       0 |       0 |             0 |    153014
     7000 |     +0.0% |       0 |       0 |             0 |    152014
     8000 |     +0.0% |       0 |       0 |             0 |    151014
     9000 |     +0.0% |       0 |       0 |             0 |    150014
    10000 |     +0.0% |       0 |       0 |             0 |    149014
    11000 |     +0.0% |       0 |       0 |             0 |    148014
    12000 |     +0.0% |       0 |       0 |             0 |    147014
    13000 |     +0.0% |       0 |       0 |             0 |    146014
    14000 |     +0.0% |       0 |       0 |             0 |    145014
    15000 |     +0.0% |       0 |       0 |             0 |    144014
    16000 |     +0.0% |       0 |       0 |             0 |    143014
    17000 |     +0.0% |       0 |       0 |             0 |    142014
    18000 |     +0.0% |       0 |       0 |             0 |    141014
    19000 |     +0.0% |       0 |       0 |             0 |    140014
    20000 |     +0.0% |       0 |       0 |             0 |    139014
    21000 |     +0.0% |       0 |       0 |             0 |    138014
    22000 |     +0.0% |       0 |       0 |             0 |    137014
    23000 |     +0.0% |       0 |       0 |             0 |    136014
    24000 |     +0.0% |       0 |       0 |             0 |    135014
    25000 |     +0.0% |       0 |       0 |             0 |    134014
    26000 |     +0.0% |       0 |       0 |             0 |    133014
    27000 |     +0.0% |       0 |       0 |             0 |    132014
    28000 |     +0.0% |       0 |       0 |             0 |    131014
    29000 |     +0.0% |       0 |       0 |             0 |    130014
    30000 |     +0.0% |       0 |       0 |             0 |    129014
    31000 |     +0.0% |       0 |       0 |             0 |    128014
    32000 |     +0.0% |       0 |       0 |             0 |    127014
    33000 |     +0.0% |       0 |       0 |             0 |    126014
    34000 |     +0.0% |       0 |       0 |             0 |    125014
    35000 |     +0.0% |       0 |       0 |             0 |    124014
    36000 |     +0.0% |       0 |       0 |             0 |    123014
    37000 |     +0.0% |       0 |       0 |             0 |    122014
    38000 |     +0.0% |       0 |       0 |             0 |    121014
    39000 |     +0.0% |       0 |       0 |             0 |    120014
    40000 |     +0.0% |       0 |       0 |             0 |    119014
    41000 |     +0.0% |       0 |       0 |             0 |    118014
    42000 |     +0.0% |       0 |       0 |             0 |    117014
    43000 |     +0.0% |       0 |       0 |             0 |    116014
    44000 |     +0.0% |       0 |       0 |             0 |    115014
    45000 |     +0.0% |       0 |       0 |             0 |    114014
    46000 |     +0.0% |       0 |       0 |             0 |    113014
    47000 |     +0.0% |       0 |       0 |             0 |    112014
    48000 |     +0.0% |       0 |       0 |             0 |    111014
    49000 |     +0.0% |       0 |       0 |             0 |    110014
    50000 |     +0.0% |       0 |       0 |             0 |    109014
    51000 |     +0.0% |       0 |       0 |             0 |    108014
    52000 |     +0.0% |       0 |       0 |             0 |    107014
    53000 |     +0.0% |       0 |       0 |             0 |    106014
    54000 |     +0.0% |       0 |       0 |             0 |    105014
    55000 |     +0.0% |       0 |       0 |             0 |    104014
    56000 |     +0.0% |       0 |       0 |             0 |    103014
    57000 |     +0.0% |       0 |       0 |             0 |    102014
    58000 |     +0.0% |       0 |       0 |             0 |    101014
    59000 |     +0.0% |       0 |       0 |             0 |    100014
    60000 |     +0.0% |       0 |       0 |             0 |     99014
    61000 |     +0.0% |       0 |       0 |             0 |     98014
    62000 |     +0.0% |       0 |       0 |             0 |     97014
    63000 |     +0.0% |       0 |       0 |             0 |     96014
    64000 |     +0.0% |       0 |       0 |             0 |     95014
    65000 |     +0.0% |       0 |       0 |             0 |     94014
    66000 |     +0.0% |       0 |       0 |             0 |     93014
    67000 |     +0.0% |       0 |       0 |             0 |     92014
    68000 |     +0.0% |       0 |       0 |             0 |     91014
    69000 |     +0.0% |       0 |       0 |             0 |     90014
    70000 |     +0.0% |       0 |       0 |             0 |     89014
    71000 |     +0.0% |       0 |       0 |             0 |     88014
    72000 |     +0.0% |       0 |       0 |             0 |     87014
    73000 |     +0.0% |       0 |       0 |             0 |     86014
    74000 |     +0.0% |       0 |       0 |             0 |     85014
    75000 |     +0.0% |       0 |       0 |             0 |     84014
    76000 |     +0.0% |       0 |       0 |             0 |     83014
    77000 |     +0.0% |       0 |       0 |             0 |     82014
    78000 |     +0.0% |       0 |       0 |             0 |     81014
    79000 |     +0.0% |       0 |       0 |             0 |     80014
    80000 |     +0.0% |       0 |       0 |             0 |     79014
    81000 |     +0.0% |       0 |       0 |             0 |     78014
    82000 |     +0.0% |       0 |       0 |             0 |     77014
    83000 |     +0.0% |       0 |       0 |             0 |     76014
    84000 |     +0.0% |       0 |       0 |             0 |     75014
    85000 |     +0.0% |       0 |       0 |             0 |     74014
    86000 |     +0.0% |       0 |       0 |             0 |     73014
    87000 |     +0.0% |       0 |       0 |             0 |     72014
    88000 |     +0.0% |       0 |       0 |             0 |     71014
    89000 |     +0.0% |       0 |       0 |             0 |     70014
    90000 |     +0.0% |       0 |       0 |             0 |     69014
    91000 |     +0.0% |       0 |       0 |             0 |     68014
    92000 |     +0.0% |       0 |       0 |             0 |     67014
    93000 |     +0.0% |       0 |       0 |             0 |     66014
    94000 |     +0.0% |       0 |       0 |             0 |     65014
    95000 |     +0.0% |       0 |       0 |             0 |     64014
    96000 |     +0.0% |       0 |       0 |             0 |     63014
    97000 |     +0.0% |       0 |       0 |             0 |     62014
    98000 |     +0.0% |       0 |       0 |             0 |     61014
    99000 |     +0.0% |       0 |       0 |             0 |     60014
   100000 |     +0.0% |       0 |       0 |             0 |     59014
   101000 |     +0.0% |       0 |       0 |             0 |     58014
   102000 |     +0.0% |       0 |       0 |             0 |     57014
   103000 |     +0.0% |       0 |       0 |             0 |     56014
   104000 |     +0.0% |       0 |       0 |             0 |     55014
   105000 |     +0.0% |       0 |       0 |             0 |     54014
   106000 |     +0.0% |       0 |       0 |             0 |     53014
   107000 |     +0.0% |       0 |       0 |             0 |     52014
   108000 |     +0.0% |       0 |       0 |             0 |     51014
   109000 |     +0.0% |       0 |       0 |             0 |     50014
   110000 |     +0.0% |       0 |       0 |             0 |     49014
   111000 |     +0.0% |       0 |       0 |             0 |     48014
   112000 |     +0.0% |       0 |       0 |             0 |     47014
   113000 |     +0.0% |       0 |       0 |             0 |     46014
   114000 |     +0.0% |       0 |       0 |             0 |     45014
   115000 |     +0.0% |       0 |       0 |             0 |     44014
   116000 |     +0.0% |       0 |       0 |             0 |     43014
   117000 |     +0.0% |       0 |       0 |             0 |     42014
   118000 |     +0.0% |       0 |       0 |             0 |     41014
   119000 |     +0.0% |       0 |       0 |             0 |     40014
   120000 |     +0.0% |       0 |       0 |             0 |     39014
   121000 |     +0.0% |       0 |       0 |             0 |     38014
   122000 |     +0.0% |       0 |       0 |             0 |     37014
   123000 |     +0.0% |       0 |       0 |             0 |     36014
   124000 |     +0.0% |       0 |       0 |             0 |     35014
   125000 |     +0.0% |       0 |       0 |             0 |     34014
   126000 |     +0.0% |       0 |       0 |             0 |     33014
   127000 |     +0.0% |       0 |       0 |             0 |     32014
   128000 |     +0.0% |       0 |       0 |             0 |     31014
   129000 |     +0.0% |       0 |       0 |             0 |     30014
   130000 |     +0.0% |       0 |       0 |             0 |     29014
   131000 |     +0.0% |       0 |       0 |             0 |     28014
   132000 |     +0.0% |       0 |       0 |             0 |     27014
   133000 |     +0.0% |       0 |       0 |             0 |     26014
   134000 |     +0.0% |       0 |       0 |             0 |     25014
   135000 |     +0.0% |       0 |       0 |             0 |     24014
   136000 |     +0.0% |       0 |       0 |             0 |     23014
   137000 |     +0.0% |       0 |       0 |             0 |     22014
   138000 |     +0.0% |       0 |       0 |             0 |     21014
   139000 |     +0.0% |       0 |       0 |             0 |     20014
   140000 |     +0.0% |       0 |       0 |             0 |     19014
   141000 |     +0.0% |       0 |       0 |             0 |     18014
   142000 |     +0.0% |       0 |       0 |             0 |     17014
   143000 |     +0.0% |       0 |       0 |             0 |     16014
   144000 |     +0.0% |       0 |       0 |             0 |     15014
   145000 |     +0.0% |       0 |       0 |             0 |     14014
   146000 |     +0.0% |       0 |       0 |             0 |     13014
   147000 |     +0.0% |       0 |       0 |             0 |     12014
   148000 |     +0.0% |       0 |       0 |             0 |     11014
   149000 |     +0.0% |       0 |       0 |             0 |     10014
   150000 |     +0.0% |       0 |       0 |             0 |      9014
   151000 |     +0.0% |       0 |       0 |             0 |      8014
   152000 |     +0.0% |       0 |       0 |             0 |      7014
   153000 |     +0.0% |       0 |       0 |             0 |      6014
   154000 |     +0.0% |       0 |       0 |             0 |      5014
   155000 |     +0.0% |       0 |       0 |             0 |      4014
   156000 |     +0.0% |       0 |       0 |             0 |      3014
   157000 |     +0.0% |       0 |       0 |             0 |      2014
   158000 |     +0.0% |       0 |       0 |             0 |      1014
   159000 |     +0.0% |       0 |       0 |             0 |        14
    final |     +0.0% |       0 |       0 |             0 |         0
---------------------------------------------------------------------
Took 11 seconds: repair_design -verbose -match_cell_footprint
Floating nets: 
Report metrics stage 3, resizer...

==========================================================================
resizer report_design_area
--------------------------------------------------------------------------
Design area 5574 um^2 37% utilization.
Instance count before 160452, after 160452
Pin count before 586742, after 586742
write_db /work/djang62/Openroad/handoff/gt2n_openroad_run/AES_128/GT2_2nm_PDK/03_spnr/tt/w31_svtlvt/1000ps_fspdn_tapm3_rdl_dense_u40_c80/work/results/gt2n/aes_128/base/3_4_place_resized.odb
Elapsed time: 0:49.17[h:]min:sec. CPU time: user 65.49 sys 101.00 (338%). Peak memory: 1045588KB.
Log                        Elapsed/s Peak Memory/MB  sha1sum .odb [0:20)
3_4_place_resized                 49           1021 1863120fb7868b9505dc
/OpenROAD-flow-scripts/flow/scripts/flow.sh 3_5_place_dp detail_place
Running detail_place.tcl, stage 3_5_place_dp
read_liberty /work/djang62/Openroad/handoff/gt2n_openroad_run/OpenROAD-flow-scripts/flow/platforms/gt2n/lib/gt2_6t_w31_svt_tt_0p7v25c.lib
[WARNING STA-1171] /work/djang62/Openroad/handoff/gt2n_openroad_run/OpenROAD-flow-scripts/flow/platforms/gt2n/lib/gt2_6t_w31_svt_tt_0p7v25c.lib line 58, default_fanout_load is 0.0.
read_liberty /work/djang62/Openroad/handoff/gt2n_openroad_run/OpenROAD-flow-scripts/flow/platforms/gt2n/lib/gt2_6t_w31_lvt_tt_0p7v25c.lib
[WARNING STA-1171] /work/djang62/Openroad/handoff/gt2n_openroad_run/OpenROAD-flow-scripts/flow/platforms/gt2n/lib/gt2_6t_w31_lvt_tt_0p7v25c.lib line 58, default_fanout_load is 0.0.
read_db /work/djang62/Openroad/handoff/gt2n_openroad_run/AES_128/GT2_2nm_PDK/03_spnr/tt/w31_svtlvt/1000ps_fspdn_tapm3_rdl_dense_u40_c80/work/results/gt2n/aes_128/base/3_4_place_resized.odb
read_sdc /work/djang62/Openroad/handoff/gt2n_openroad_run/AES_128/GT2_2nm_PDK/03_spnr/tt/w31_svtlvt/1000ps_fspdn_tapm3_rdl_dense_u40_c80/work/results/gt2n/aes_128/base/2_floorplan.sdc
source /work/djang62/Openroad/handoff/gt2n_openroad_run/OpenROAD-flow-scripts/flow/platforms/gt2n/setRC_fspdn.tcl
[INFO DPL-0005] Max displacement: +/- 1190 sites horizontally, +/- 69 rows vertically.
Movements Summary
---------------------------------------
Total cells:                  158754
Diamond Move Success:         158754 (100.00%)
Diamond Move Failure:              0
Rip-up and replace Success:        0 (  0.00% of diamond failures)
Rip-up and replace Failure:        0
Total Placement Failures:          0
---------------------------------------
Placement Analysis
---------------------------------
total displacement      15282.9 u
average displacement        0.1 u
max displacement            0.6 u
original HPWL          334666.6 u
legalized HPWL         344660.0 u
delta HPWL                    3 %

[INFO DPL-0020] Mirrored 55824 instances
[INFO DPL-0021] HPWL before          344660.0 u
[INFO DPL-0022] HPWL after           340278.7 u
[INFO DPL-0023] HPWL delta               -1.3 %
[INFO FLW-0012] Placement violations .
estimate_parasitics -placement
Took 5 seconds: estimate_parasitics -placement
Report metrics stage 3, detailed place...

==========================================================================
detailed place report_design_area
--------------------------------------------------------------------------
Design area 5574 um^2 37% utilization.
write_db /work/djang62/Openroad/handoff/gt2n_openroad_run/AES_128/GT2_2nm_PDK/03_spnr/tt/w31_svtlvt/1000ps_fspdn_tapm3_rdl_dense_u40_c80/work/results/gt2n/aes_128/base/3_5_place_dp.odb
Elapsed time: 0:47.83[h:]min:sec. CPU time: user 64.10 sys 120.13 (385%). Peak memory: 1267064KB.
Log                        Elapsed/s Peak Memory/MB  sha1sum .odb [0:20)
3_5_place_dp                      47           1237 c7ad5808b47dfc808f54
cp /work/djang62/Openroad/handoff/gt2n_openroad_run/AES_128/GT2_2nm_PDK/03_spnr/tt/w31_svtlvt/1000ps_fspdn_tapm3_rdl_dense_u40_c80/work/results/gt2n/aes_128/base/3_5_place_dp.odb /work/djang62/Openroad/handoff/gt2n_openroad_run/AES_128/GT2_2nm_PDK/03_spnr/tt/w31_svtlvt/1000ps_fspdn_tapm3_rdl_dense_u40_c80/work/results/gt2n/aes_128/base/3_place.odb
cp /work/djang62/Openroad/handoff/gt2n_openroad_run/AES_128/GT2_2nm_PDK/03_spnr/tt/w31_svtlvt/1000ps_fspdn_tapm3_rdl_dense_u40_c80/work/results/gt2n/aes_128/base/2_floorplan.sdc /work/djang62/Openroad/handoff/gt2n_openroad_run/AES_128/GT2_2nm_PDK/03_spnr/tt/w31_svtlvt/1000ps_fspdn_tapm3_rdl_dense_u40_c80/work/results/gt2n/aes_128/base/3_place.sdc
/OpenROAD-flow-scripts/flow/scripts/flow.sh 4_1_cts cts
Running cts.tcl, stage 4_1_cts
read_liberty /work/djang62/Openroad/handoff/gt2n_openroad_run/OpenROAD-flow-scripts/flow/platforms/gt2n/lib/gt2_6t_w31_svt_tt_0p7v25c.lib
[WARNING STA-1171] /work/djang62/Openroad/handoff/gt2n_openroad_run/OpenROAD-flow-scripts/flow/platforms/gt2n/lib/gt2_6t_w31_svt_tt_0p7v25c.lib line 58, default_fanout_load is 0.0.
read_liberty /work/djang62/Openroad/handoff/gt2n_openroad_run/OpenROAD-flow-scripts/flow/platforms/gt2n/lib/gt2_6t_w31_lvt_tt_0p7v25c.lib
[WARNING STA-1171] /work/djang62/Openroad/handoff/gt2n_openroad_run/OpenROAD-flow-scripts/flow/platforms/gt2n/lib/gt2_6t_w31_lvt_tt_0p7v25c.lib line 58, default_fanout_load is 0.0.
read_db /work/djang62/Openroad/handoff/gt2n_openroad_run/AES_128/GT2_2nm_PDK/03_spnr/tt/w31_svtlvt/1000ps_fspdn_tapm3_rdl_dense_u40_c80/work/results/gt2n/aes_128/base/3_place.odb
read_sdc /work/djang62/Openroad/handoff/gt2n_openroad_run/AES_128/GT2_2nm_PDK/03_spnr/tt/w31_svtlvt/1000ps_fspdn_tapm3_rdl_dense_u40_c80/work/results/gt2n/aes_128/base/3_place.sdc
source /work/djang62/Openroad/handoff/gt2n_openroad_run/OpenROAD-flow-scripts/flow/platforms/gt2n/setRC_fspdn.tcl
clock_tree_synthesis -sink_clustering_enable -repair_clock_nets
[INFO CTS-0050] Root buffer is gt2_6t_buf_x2_w31_svt.
[INFO CTS-0051] Sink buffer is gt2_6t_buf_x4_w31_lvt.
[INFO CTS-0052] The following clock buffers will be used for CTS:
                    gt2_6t_buf_x2_w31_svt
                    gt2_6t_buf_x2_w31_lvt
                    gt2_6t_buf_x3_w31_svt
                    gt2_6t_buf_x3_w31_lvt
                    gt2_6t_buf_x4_w31_svt
[INFO CTS-0049] Characterization buffer is gt2_6t_buf_x4_w31_svt.
[INFO CTS-0007] Net "clk" found for clock "core_clock".
[INFO CTS-0010]  Clock net "clk" has 10769 sinks.
[INFO CTS-0008] TritonCTS found 1 clock nets.
[INFO CTS-0097] Characterization used 5 buffer(s) types.
[INFO CTS-0201] 0 blockages from hard placement blockages and placed macros will be used.
[INFO CTS-0027] Generating H-Tree topology for net clk.
[INFO CTS-0028]  Total number of sinks: 10769.
[INFO CTS-0090]  Sinks will be clustered based on buffer max cap.
[INFO CTS-0030]  Number of static layers: 0.
[INFO CTS-0020]  Wire segment unit: 1440  dbu (0 um).
[INFO CTS-0206] Best clustering solution was found from clustering size of 10 and clustering diameter of 50.
[INFO CTS-0019]  Total number of sinks after clustering: 2288.
[INFO CTS-0024]  Normalized sink region: [(7.84, 7.5), (174.728, 175.367)].
[INFO CTS-0025]     Width:  166.8878.
[INFO CTS-0026]     Height: 167.8667.
 Level 1
    Direction: Vertical
    Sinks per sub-region: 1144
    Sub-region size: 166.8878 X 83.9333
[INFO CTS-0034]     Segment length (rounded): 42.
 Level 2
    Direction: Horizontal
    Sinks per sub-region: 572
    Sub-region size: 83.4439 X 83.9333
[INFO CTS-0034]     Segment length (rounded): 42.
 Level 3
    Direction: Vertical
    Sinks per sub-region: 286
    Sub-region size: 83.4439 X 41.9667
[INFO CTS-0034]     Segment length (rounded): 20.
 Level 4
    Direction: Horizontal
    Sinks per sub-region: 143
    Sub-region size: 41.7219 X 41.9667
[INFO CTS-0034]     Segment length (rounded): 20.
 Level 5
    Direction: Vertical
    Sinks per sub-region: 72
    Sub-region size: 41.7219 X 20.9833
[INFO CTS-0034]     Segment length (rounded): 10.
 Level 6
    Direction: Horizontal
    Sinks per sub-region: 36
    Sub-region size: 20.8610 X 20.9833
[INFO CTS-0034]     Segment length (rounded): 10.
 Level 7
    Direction: Vertical
    Sinks per sub-region: 18
    Sub-region size: 20.8610 X 10.4917
[INFO CTS-0034]     Segment length (rounded): 6.
 Level 8
    Direction: Horizontal
    Sinks per sub-region: 9
    Sub-region size: 10.4305 X 10.4917
[INFO CTS-0034]     Segment length (rounded): 6.
[INFO CTS-0032]  Stop criterion found. Max number of sinks is 15.
[INFO CTS-0035]  Number of sinks covered: 2288.
[INFO CTS-0018]     Created 2741 clock buffers.
[INFO CTS-0012]     Minimum number of buffers in the clock path: 11.
[INFO CTS-0013]     Maximum number of buffers in the clock path: 11.
[INFO CTS-0015]     Created 2741 clock nets.
[INFO CTS-0016]     Fanout distribution for the current clock = 3:82, 4:513, 5:1719, 6:32, 7:27, 8:40, 9:35, 10:25, 11:25, 12:16, 13:13, 14:3, 15:8, 16:4, 17:1, 19:1..
[INFO CTS-0017]     Max level of the clock tree: 8.
[INFO CTS-0098] Clock net "clk"
[INFO CTS-0099]  Sinks 11452
[INFO CTS-0100]  Leaf buffers 2288
[INFO CTS-0101]  Average sink wire length 237.35 um
[INFO CTS-0102]  Path depth 10 - 11
[INFO CTS-0207]  Dummy loads inserted 683
[INFO RSZ-0047] Found 1 long wires.
[INFO RSZ-0048] Inserted 4 buffers in 1 nets.
Took 16 seconds: clock_tree_synthesis -sink_clustering_enable -repair_clock_nets
estimate_parasitics -placement
Took 5 seconds: estimate_parasitics -placement
[INFO DPL-0005] Max displacement: +/- 500 sites horizontally, +/- 100 rows vertically.
Movements Summary
---------------------------------------
Total cells:                  162182
Diamond Move Success:         162182 (100.00%)
Diamond Move Failure:              0
Rip-up and replace Success:        0 (  0.00% of diamond failures)
Rip-up and replace Failure:        0
Total Placement Failures:          0
---------------------------------------
Placement Analysis
---------------------------------
total displacement        678.8 u
average displacement        0.0 u
max displacement            0.5 u
original HPWL          353179.0 u
legalized HPWL         357797.3 u
delta HPWL                    1 %

estimate_parasitics -placement
repair_timing -setup_margin 0 -hold_margin 0 -repair_tns 100 -match_cell_footprint -verbose
[INFO RSZ-0100] Repair move sequence: UnbufferMove SizeUpMove SwapPinsMove BufferMove CloneMove SplitLoadMove 
[INFO RSZ-0098] No setup violations found
[INFO RSZ-0046] Found 258 endpoints with hold violations.
Iteration | Resized | Buffers | Cloned Gates |   Area   |   WNS   |   TNS   | Endpoint
--------------------------------------------------------------------------------------
        0 |       0 |       0 |            0 |    +0.0% | -225.955 | -54376.438 | U_KEYEXP.RKGEN_U0.Key_FirstStage[126]$_DFFE_PN0P_/D
       10 |       0 |      36 |            0 |    +0.0% | -223.959 | -54118.867 | U_KEYEXP.RKGEN_U0.Key_FirstStage[4]$_DFFE_PN0P_/D
       20 |       0 |      76 |            0 |    +0.0% | -222.693 | -53851.703 | U_KEYEXP.RKGEN_U0.Key_FirstStage[46]$_DFFE_PN0P_/D
       30 |       0 |     116 |            0 |    +0.0% | -221.648 | -53551.082 | U_KEYEXP.RKGEN_U0.Key_FirstStage[124]$_DFFE_PN0P_/D
       40 |       0 |     156 |            0 |    +0.0% | -220.697 | -53303.926 | U_KEYEXP.RKGEN_U0.Key_FirstStage[62]$_DFFE_PN0P_/D
       50 |       0 |     196 |            0 |    +0.1% | -219.913 | -53003.711 | U_KEYEXP.RKGEN_U0.Key_FirstStage[57]$_DFFE_PN0P_/D
       60 |       0 |     236 |            0 |    +0.1% | -219.303 | -52718.434 | U_KEYEXP.RKGEN_U0.Key_FirstStage[56]$_DFFE_PN0P_/D
       70 |       0 |     276 |            0 |    +0.1% | -218.657 | -52443.191 | U0_ARK.data_out[97]$_DFFE_PN0P_/D
       80 |       0 |     316 |            0 |    +0.1% | -218.092 | -52172.383 | U0_ARK.data_out[35]$_DFFE_PN0P_/D
       90 |       0 |     356 |            0 |    +0.1% | -217.358 | -51872.848 | U_KEYEXP.RKGEN_U0.Key_FirstStage[93]$_DFFE_PN0P_/D
      100 |       0 |     396 |            0 |    +0.1% | -216.835 | -51615.816 | U0_ARK.data_out[89]$_DFFE_PN0P_/D
      110 |       0 |     436 |            0 |    +0.1% | -216.273 | -51329.094 | U0_ARK.data_out[0]$_DFFE_PN0P_/D
      120 |       0 |     476 |            0 |    +0.2% | -215.707 | -51023.879 | U_KEYEXP.RKGEN_U0.Key_FirstStage[118]$_DFFE_PN0P_/D
      130 |       0 |     516 |            0 |    +0.2% | -215.292 | -50767.062 | U_KEYEXP.RKGEN_U0.Key_FirstStage[5]$_DFFE_PN0P_/D
      140 |       0 |     556 |            0 |    +0.2% | -214.775 | -50496.047 | U0_ARK.data_out[43]$_DFFE_PN0P_/D
      150 |       0 |     596 |            0 |    +0.2% | -213.898 | -50162.531 | U_KEYEXP.RKGEN_U0.Key_FirstStage[29]$_DFFE_PN0P_/D
      160 |       0 |     636 |            0 |    +0.2% | -213.191 | -49816.664 | U0_ARK.data_out[94]$_DFFE_PN0P_/D
      170 |       0 |     676 |            0 |    +0.2% | -212.789 | -49487.535 | U_KEYEXP.RKGEN_U0.Key_FirstStage[13]$_DFFE_PN0P_/D
      180 |       0 |     716 |            0 |    +0.2% | -211.582 | -49165.312 | U0_ARK.data_out[28]$_DFFE_PN0P_/D
      190 |       0 |     758 |            0 |    +0.2% | -210.751 | -48849.957 | U0_ARK.data_out[123]$_DFFE_PN0P_/D
      200 |       0 |     798 |            0 |    +0.3% | -209.713 | -48545.957 | U_KEYEXP.RKGEN_U0.Key_FirstStage[101]$_DFFE_PN0P_/D
      210 |       0 |     838 |            0 |    +0.3% | -207.478 | -48244.117 | U0_ARK.data_out[126]$_DFFE_PN0P_/D
      220 |       0 |     880 |            0 |    +0.3% | -204.286 | -47959.141 | U_KEYEXP.RKGEN_U0.Key_FirstStage[63]$_DFFE_PN0P_/D
      230 |       0 |     920 |            0 |    +0.3% | -203.091 | -47706.102 | U0_ARK.data_out[3]$_DFFE_PN0P_/D
      240 |       0 |     960 |            0 |    +0.3% | -203.091 | -47488.383 | U0_ARK.data_out[3]$_DFFE_PN0P_/D
      250 |       0 |    1000 |            0 |    +0.3% | -203.091 | -47319.250 | U0_ARK.data_out[3]$_DFFE_PN0P_/D
      260 |       0 |       0 |            0 |    +0.3% | -195.487 | -47234.766 | U_KEYEXP.RKGEN_U0.Key_FirstStage[7]$_DFFE_PN0P_/D
      270 |       0 |       8 |            0 |    +0.4% | -193.667 | -46750.480 | U_KEYEXP.RKGEN_U0.Key_FirstStage[115]$_DFFE_PN0P_/D
      280 |       0 |      30 |            0 |    +0.4% | -192.248 | -46253.422 | U_KEYEXP.RKGEN_U0.Key_FirstStage[105]$_DFFE_PN0P_/D
      290 |       0 |     110 |            0 |    +0.4% | -191.631 | -45726.758 | U_KEYEXP.RKGEN_U0.Key_FirstStage[124]$_DFFE_PN0P_/D
      300 |       0 |     190 |            0 |    +0.4% | -190.497 | -45200.012 | U0_ARK.data_out[50]$_DFFE_PN0P_/D
      310 |       0 |       8 |            0 |    +0.5% | -189.984 | -44687.902 | U0_ARK.data_out[90]$_DFFE_PN0P_/D
      320 |       0 |      88 |            0 |    +0.5% | -189.606 | -44163.867 | U_KEYEXP.RKGEN_U0.Key_FirstStage[17]$_DFFE_PN0P_/D
      330 |       0 |      72 |            0 |    +0.5% | -189.037 | -43723.250 | U0_ARK.data_out[54]$_DFFE_PN0P_/D
      340 |       0 |     152 |            0 |    +0.5% | -188.450 | -43166.125 | U0_ARK.data_out[53]$_DFFE_PN0P_/D
      350 |       0 |     232 |            0 |    +0.6% | -187.753 | -42636.379 | U_KEYEXP.RKGEN_U0.Key_FirstStage[86]$_DFFE_PN0P_/D
      360 |       0 |       8 |            0 |    +0.6% | -187.226 | -42058.805 | U0_ARK.data_out[40]$_DFFE_PN0P_/D
      370 |       0 |      88 |            0 |    +0.6% | -186.628 | -41517.492 | U0_ARK.data_out[43]$_DFFE_PN0P_/D
      380 |       0 |      32 |            0 |    +0.6% | -186.255 | -40951.676 | U_KEYEXP.RKGEN_U0.Key_FirstStage[10]$_DFFE_PN0P_/D
      390 |       0 |      56 |            0 |    +0.7% | -185.822 | -40437.711 | U_KEYEXP.RKGEN_U0.Key_FirstStage[34]$_DFFE_PN0P_/D
      400 |       0 |     136 |            0 |    +0.7% | -185.236 | -39916.359 | U0_ARK.data_out[94]$_DFFE_PN0P_/D
      410 |       0 |       0 |            0 |    +0.7% | -184.764 | -39379.719 | U_KEYEXP.RKGEN_U0.Key_FirstStage[79]$_DFFE_PN0P_/D
      420 |       0 |      80 |            0 |    +0.7% | -183.995 | -38739.254 | U_KEYEXP.RKGEN_U0.Key_FirstStage[71]$_DFFE_PN0P_/D
      430 |       0 |     160 |            0 |    +0.8% | -183.483 | -38112.219 | U0_ARK.data_out[12]$_DFFE_PN0P_/D
      440 |       0 |      40 |            0 |    +0.8% | -182.787 | -37509.816 | U0_ARK.data_out[123]$_DFFE_PN0P_/D
      450 |       0 |      24 |            0 |    +0.8% | -182.048 | -36845.996 | U_KEYEXP.RKGEN_U0.Key_FirstStage[13]$_DFFE_PN0P_/D
      460 |       0 |     104 |            0 |    +0.8% | -180.533 | -36223.332 | U_KEYEXP.RKGEN_U0.Key_FirstStage[31]$_DFFE_PN0P_/D
      470 |       0 |       0 |            0 |    +0.9% | -178.820 | -35641.551 | U0_ARK.data_out[8]$_DFFE_PN0P_/D
      480 |       0 |      24 |            0 |    +0.9% | -177.271 | -35092.094 | U_KEYEXP.RKGEN_U0.Key_FirstStage[63]$_DFFE_PN0P_/D
      490 |       0 |       0 |            0 |    +0.9% | -174.835 | -34545.797 | U0_ARK.data_out[1]$_DFFE_PN0P_/D
      500 |       0 |      32 |            0 |    +0.9% | -174.835 | -34026.078 | U0_ARK.data_out[1]$_DFFE_PN0P_/D
      510 |       0 |      48 |            0 |    +1.0% | -174.835 | -33499.105 | U0_ARK.data_out[1]$_DFFE_PN0P_/D
    final |       0 |      98 |            0 |    +1.0% | -151.658 | -32963.605 | U0_ARK.data_out[33]$_DFFE_PN0P_/D
--------------------------------------------------------------------------------------
[WARNING RSZ-0066] Unable to repair all hold violations.
[INFO RSZ-0032] Inserted 98 hold buffers.
Took 7 seconds: repair_timing -setup_margin 0 -hold_margin 0 -repair_tns 100 -match_cell_footprint -verbose
Repair timing output passed lec test
[INFO DPL-0005] Max displacement: +/- 500 sites horizontally, +/- 100 rows vertically.
Movements Summary
---------------------------------------
Total cells:                  165260
Diamond Move Success:         165260 (100.00%)
Diamond Move Failure:              0
Rip-up and replace Success:        0 (  0.00% of diamond failures)
Rip-up and replace Failure:        0
Total Placement Failures:          0
---------------------------------------
Placement Analysis
---------------------------------
total displacement       3558.8 u
average displacement        0.0 u
max displacement            8.2 u
original HPWL          358324.5 u
legalized HPWL         360056.7 u
delta HPWL                    0 %

Report metrics stage 4, cts final...

==========================================================================
cts final report_design_area
--------------------------------------------------------------------------
Design area 5768 um^2 39% utilization.
write_db /work/djang62/Openroad/handoff/gt2n_openroad_run/AES_128/GT2_2nm_PDK/03_spnr/tt/w31_svtlvt/1000ps_fspdn_tapm3_rdl_dense_u40_c80/work/results/gt2n/aes_128/base/4_1_cts.odb
write_sdc -no_timestamp /work/djang62/Openroad/handoff/gt2n_openroad_run/AES_128/GT2_2nm_PDK/03_spnr/tt/w31_svtlvt/1000ps_fspdn_tapm3_rdl_dense_u40_c80/work/results/gt2n/aes_128/base/4_cts.sdc
Elapsed time: 1:27.67[h:]min:sec. CPU time: user 140.29 sys 185.20 (371%). Peak memory: 1319500KB.
Log                        Elapsed/s Peak Memory/MB  sha1sum .odb [0:20)
4_1_cts                           87           1288 36c2fd839473c5654e8c
cp /work/djang62/Openroad/handoff/gt2n_openroad_run/AES_128/GT2_2nm_PDK/03_spnr/tt/w31_svtlvt/1000ps_fspdn_tapm3_rdl_dense_u40_c80/work/results/gt2n/aes_128/base/4_1_cts.odb /work/djang62/Openroad/handoff/gt2n_openroad_run/AES_128/GT2_2nm_PDK/03_spnr/tt/w31_svtlvt/1000ps_fspdn_tapm3_rdl_dense_u40_c80/work/results/gt2n/aes_128/base/4_cts.odb
/OpenROAD-flow-scripts/flow/scripts/flow.sh 5_1_grt global_route
Running global_route.tcl, stage 5_1_grt
read_liberty /work/djang62/Openroad/handoff/gt2n_openroad_run/OpenROAD-flow-scripts/flow/platforms/gt2n/lib/gt2_6t_w31_svt_tt_0p7v25c.lib
[WARNING STA-1171] /work/djang62/Openroad/handoff/gt2n_openroad_run/OpenROAD-flow-scripts/flow/platforms/gt2n/lib/gt2_6t_w31_svt_tt_0p7v25c.lib line 58, default_fanout_load is 0.0.
read_liberty /work/djang62/Openroad/handoff/gt2n_openroad_run/OpenROAD-flow-scripts/flow/platforms/gt2n/lib/gt2_6t_w31_lvt_tt_0p7v25c.lib
[WARNING STA-1171] /work/djang62/Openroad/handoff/gt2n_openroad_run/OpenROAD-flow-scripts/flow/platforms/gt2n/lib/gt2_6t_w31_lvt_tt_0p7v25c.lib line 58, default_fanout_load is 0.0.
read_db /work/djang62/Openroad/handoff/gt2n_openroad_run/AES_128/GT2_2nm_PDK/03_spnr/tt/w31_svtlvt/1000ps_fspdn_tapm3_rdl_dense_u40_c80/work/results/gt2n/aes_128/base/4_cts.odb
read_sdc /work/djang62/Openroad/handoff/gt2n_openroad_run/AES_128/GT2_2nm_PDK/03_spnr/tt/w31_svtlvt/1000ps_fspdn_tapm3_rdl_dense_u40_c80/work/results/gt2n/aes_128/base/4_cts.sdc
source /work/djang62/Openroad/handoff/gt2n_openroad_run/OpenROAD-flow-scripts/flow/platforms/gt2n/setRC_fspdn.tcl
pin_access
[INFO DRT-0149] Reading tech and libs.
[WARNING DRT-0349] LEF58_ENCLOSURE with no CUTCLASS is not supported. Skipping for layer V1
[WARNING DRT-0349] LEF58_ENCLOSURE with no CUTCLASS is not supported. Skipping for layer V1
[WARNING DRT-0349] LEF58_ENCLOSURE with no CUTCLASS is not supported. Skipping for layer V2
[WARNING DRT-0349] LEF58_ENCLOSURE with no CUTCLASS is not supported. Skipping for layer V2
[WARNING DRT-0349] LEF58_ENCLOSURE with no CUTCLASS is not supported. Skipping for layer V3
[WARNING DRT-0349] LEF58_ENCLOSURE with no CUTCLASS is not supported. Skipping for layer V3
[WARNING DRT-0349] LEF58_ENCLOSURE with no CUTCLASS is not supported. Skipping for layer V4
[WARNING DRT-0349] LEF58_ENCLOSURE with no CUTCLASS is not supported. Skipping for layer V4
[WARNING DRT-0349] LEF58_ENCLOSURE with no CUTCLASS is not supported. Skipping for layer V5
[WARNING DRT-0349] LEF58_ENCLOSURE with no CUTCLASS is not supported. Skipping for layer V5
[WARNING DRT-0349] LEF58_ENCLOSURE with no CUTCLASS is not supported. Skipping for layer V6
[WARNING DRT-0349] LEF58_ENCLOSURE with no CUTCLASS is not supported. Skipping for layer V6
[WARNING DRT-0349] LEF58_ENCLOSURE with no CUTCLASS is not supported. Skipping for layer V7
[WARNING DRT-0349] LEF58_ENCLOSURE with no CUTCLASS is not supported. Skipping for layer V7
[WARNING DRT-0349] LEF58_ENCLOSURE with no CUTCLASS is not supported. Skipping for layer V8
[WARNING DRT-0349] LEF58_ENCLOSURE with no CUTCLASS is not supported. Skipping for layer V8

Units:                2000
Number of layers:     31
Number of macros:     144
Number of vias:       26
Number of viarulegen: 14

[INFO DRT-0150] Reading design.
[WARNING DRT-0120] Large net net16086 has 102 pins which may impact routing performance. Consider optimization.
[WARNING DRT-0120] Large net net16384 has 101 pins which may impact routing performance. Consider optimization.
[WARNING DRT-0120] Large net net16383 has 107 pins which may impact routing performance. Consider optimization.
[WARNING DRT-0120] Large net net16114 has 102 pins which may impact routing performance. Consider optimization.
[WARNING DRT-0120] Large net net16105 has 105 pins which may impact routing performance. Consider optimization.
[WARNING DRT-0120] Large net net15751 has 102 pins which may impact routing performance. Consider optimization.
[WARNING DRT-0120] Large net net15531 has 102 pins which may impact routing performance. Consider optimization.
[WARNING DRT-0120] Large net net15412 has 115 pins which may impact routing performance. Consider optimization.
[WARNING DRT-0120] Large net net15411 has 102 pins which may impact routing performance. Consider optimization.
[WARNING DRT-0120] Large net net15163 has 105 pins which may impact routing performance. Consider optimization.
[WARNING DRT-0120] Large net net16064 has 101 pins which may impact routing performance. Consider optimization.
[WARNING DRT-0120] Large net net15641 has 101 pins which may impact routing performance. Consider optimization.
[WARNING DRT-0120] Large net net15390 has 106 pins which may impact routing performance. Consider optimization.
[WARNING DRT-0120] Large net net15212 has 104 pins which may impact routing performance. Consider optimization.
[WARNING DRT-0120] Large net net16467 has 105 pins which may impact routing performance. Consider optimization.
[WARNING DRT-0120] Large net net15987 has 102 pins which may impact routing performance. Consider optimization.
[WARNING DRT-0120] Large net net15918 has 103 pins which may impact routing performance. Consider optimization.
[WARNING DRT-0120] Large net net15816 has 101 pins which may impact routing performance. Consider optimization.
[WARNING DRT-0120] Large net net15388 has 110 pins which may impact routing performance. Consider optimization.

Design:                   aes
Die area:                 ( 0 0 ) ( 264166 264166 )
Number of track patterns: 30
Number of DEF vias:       0
Number of components:     166958
Number of terminals:      391
Number of snets:          2
Number of nets:           164837

[INFO DRT-0167] List of default vias:
  Layer V1
    default via: V1_0
  Layer V2
    default via: V2_0
  Layer V3
    default via: V3_0
  Layer V4
    default via: V4_0
  Layer V5
    default via: V5_0
  Layer V6
    default via: V6_0
  Layer V7
    default via: V7_0
  Layer V8
    default via: V8_0
  Layer V9
    default via: V9_0
  Layer V10
    default via: V10_0
  Layer V11
    default via: V11_0
  Layer V12
    default via: V12_0
  Layer V13
    default via: V13_0
[INFO DRT-0162] Library cell analysis.
[INFO DRT-0163] Instance analysis.
  Complete 100000 instances.
[INFO DRT-0164] Number of unique instances = 379.
[INFO DRT-0168] Init region query.
[INFO DRT-0018]   Complete 100000 insts.
[INFO DRT-0024]   Complete SDCON.
[INFO DRT-0024]   Complete VBPR.
[INFO DRT-0024]   Complete M0.
[INFO DRT-0024]   Complete V0.
[INFO DRT-0024]   Complete M1.
[INFO DRT-0024]   Complete V1.
[INFO DRT-0024]   Complete M2.
[INFO DRT-0024]   Complete V2.
[INFO DRT-0024]   Complete M3.
[INFO DRT-0024]   Complete V3.
[INFO DRT-0024]   Complete M4.
[INFO DRT-0024]   Complete V4.
[INFO DRT-0024]   Complete M5.
[INFO DRT-0024]   Complete V5.
[INFO DRT-0024]   Complete M6.
[INFO DRT-0024]   Complete V6.
[INFO DRT-0024]   Complete M7.
[INFO DRT-0024]   Complete V7.
[INFO DRT-0024]   Complete M8.
[INFO DRT-0024]   Complete V8.
[INFO DRT-0024]   Complete M9.
[INFO DRT-0024]   Complete V9.
[INFO DRT-0024]   Complete M10.
[INFO DRT-0024]   Complete V10.
[INFO DRT-0024]   Complete M11.
[INFO DRT-0024]   Complete V11.
[INFO DRT-0024]   Complete M12.
[INFO DRT-0024]   Complete V12.
[INFO DRT-0024]   Complete M13.
[INFO DRT-0024]   Complete V13.
[INFO DRT-0024]   Complete RDL.
[INFO DRT-0033] SDCON shape region query size = 0.
[INFO DRT-0033] VBPR shape region query size = 0.
[INFO DRT-0033] M0 shape region query size = 1259026.
[INFO DRT-0033] V0 shape region query size = 0.
[INFO DRT-0033] M1 shape region query size = 848488.
[INFO DRT-0033] V1 shape region query size = 3396.
[INFO DRT-0033] M2 shape region query size = 11210.
[INFO DRT-0033] V2 shape region query size = 4196.
[INFO DRT-0033] M3 shape region query size = 5123.
[INFO DRT-0033] V3 shape region query size = 600.
[INFO DRT-0033] M4 shape region query size = 1080.
[INFO DRT-0033] V4 shape region query size = 450.
[INFO DRT-0033] M5 shape region query size = 780.
[INFO DRT-0033] V5 shape region query size = 300.
[INFO DRT-0033] M6 shape region query size = 520.
[INFO DRT-0033] V6 shape region query size = 200.
[INFO DRT-0033] M7 shape region query size = 420.
[INFO DRT-0033] V7 shape region query size = 200.
[INFO DRT-0033] M8 shape region query size = 420.
[INFO DRT-0033] V8 shape region query size = 200.
[INFO DRT-0033] M9 shape region query size = 520.
[INFO DRT-0033] V9 shape region query size = 600.
[INFO DRT-0033] M10 shape region query size = 780.
[INFO DRT-0033] V10 shape region query size = 1800.
[INFO DRT-0033] M11 shape region query size = 780.
[INFO DRT-0033] V11 shape region query size = 600.
[INFO DRT-0033] M12 shape region query size = 520.
[INFO DRT-0033] V12 shape region query size = 200.
[INFO DRT-0033] M13 shape region query size = 410.
[INFO DRT-0033] V13 shape region query size = 190.
[INFO DRT-0033] RDL shape region query size = 266.
[INFO DRT-0165] Start pin access.
[INFO DRT-0076]   Complete 1000 pins.
[INFO DRT-0076]   Complete 2000 pins.
[INFO DRT-0078]   Complete 2300 pins.
[INFO DRT-0079]   Complete 100 unique inst patterns.
[INFO DRT-0079]   Complete 200 unique inst patterns.
[INFO DRT-0079]   Complete 300 unique inst patterns.
[INFO DRT-0081]   Complete 379 unique inst patterns.
[INFO DRT-0082]   Complete 10000 groups.
[INFO DRT-0082]   Complete 20000 groups.
[INFO DRT-0082]   Complete 30000 groups.
[INFO DRT-0082]   Complete 40000 groups.
[INFO DRT-0082]   Complete 50000 groups.
[INFO DRT-0082]   Complete 60000 groups.
[INFO DRT-0082]   Complete 70000 groups.
[INFO DRT-0082]   Complete 80000 groups.
[INFO DRT-0082]   Complete 90000 groups.
[INFO DRT-0082]   Complete 100000 groups.
[INFO DRT-0084]   Complete 116212 groups.
#scanned instances     = 166958
#unique  instances     = 379
#stdCellGenAp          = 14901
#stdCellValidPlanarAp  = 6022
#stdCellValidViaAp     = 7638
#stdCellPinNoAp        = 0
#stdCellPinCnt         = 599071
#instTermValidViaApCnt = 0
#macroGenAp            = 0
#macroValidPlanarAp    = 0
#macroValidViaAp       = 0
#macroNoAp             = 0
[INFO DRT-0166] Complete pin access.
[INFO DRT-0267] cpu time = 00:20:27, elapsed time = 00:00:27, memory = 714.21 (MB), peak = 714.21 (MB)
Took 29 seconds: pin_access
global_route -congestion_report_file /work/djang62/Openroad/handoff/gt2n_openroad_run/AES_128/GT2_2nm_PDK/03_spnr/tt/w31_svtlvt/1000ps_fspdn_tapm3_rdl_dense_u40_c80/work/reports/gt2n/aes_128/base/congestion.rpt -congestion_iterations 30 -congestion_report_iter_step 5 -verbose
[INFO GRT-0020] Min routing layer: M1
[INFO GRT-0021] Max routing layer: M9
[INFO GRT-0022] Global adjustment: 0%
[INFO GRT-0023] Grid origin: (0, 0)
[INFO GRT-0088] Layer M0      Track-Pitch = 0.0240  line-2-Via Pitch: 0.0240
[INFO GRT-0088] Layer M1      Track-Pitch = 0.0280  line-2-Via Pitch: 0.0280
[INFO GRT-0088] Layer M2      Track-Pitch = 0.0240  line-2-Via Pitch: 0.0240
[INFO GRT-0088] Layer M3      Track-Pitch = 0.0280  line-2-Via Pitch: 0.0280
[INFO GRT-0088] Layer M4      Track-Pitch = 0.0420  line-2-Via Pitch: 0.0420
[INFO GRT-0088] Layer M5      Track-Pitch = 0.0420  line-2-Via Pitch: 0.0420
[INFO GRT-0088] Layer M6      Track-Pitch = 0.0760  line-2-Via Pitch: 0.0760
[INFO GRT-0088] Layer M7      Track-Pitch = 0.0760  line-2-Via Pitch: 0.0760
[INFO GRT-0088] Layer M8      Track-Pitch = 0.0760  line-2-Via Pitch: 0.0760
[INFO GRT-0088] Layer M9      Track-Pitch = 0.0760  line-2-Via Pitch: 0.0760
[INFO GRT-0003] Macros: 0
[INFO GRT-0004] Blockages: 241942
[INFO GRT-0019] Found 2746 clock nets.
[INFO GRT-0001] Minimum degree: 2
[INFO GRT-0002] Maximum degree: 115

[INFO GRT-0053] Routing resources analysis:
          Routing      Original      Derated      Resource
Layer     Direction    Resources     Resources    Reduction (%)
---------------------------------------------------------------
M0         Horizontal          0             0          0.00%
M1         Vertical       810462        577154          28.79%
M2         Horizontal    1676685       1206608          28.04%
M3         Vertical      1462336       1068582          26.93%
M4         Horizontal     975953        680794          30.24%
M5         Vertical       976092        680933          30.24%
M6         Horizontal     538109        344491          35.98%
M7         Vertical       538318        344592          35.99%
M8         Horizontal     538318        344592          35.99%
M9         Vertical       538109        344484          35.98%
---------------------------------------------------------------

[INFO GRT-0197] Via related to pin nodes: 586149
[INFO GRT-0198] Via related Steiner nodes: 34722
[INFO GRT-0199] Via filling finished.
[INFO GRT-0111] Final number of vias: 770361
[INFO GRT-0112] Final usage 3D: 3408017

[INFO GRT-0096] Final congestion report:
Layer         Resource        Demand        Usage (%)    Max H / Max V / Total Overflow
---------------------------------------------------------------------------------------
M0                   0             0            0.00%             0 /  0 /  0
M1              577154        211404           36.63%             0 /  0 /  0
M2             1206608        479944           39.78%             0 /  0 /  0
M3             1068582        264394           24.74%             0 /  0 /  0
M4              680794        103390           15.19%             0 /  0 /  0
M5              680933         36141            5.31%             0 /  0 /  0
M6              344491          1466            0.43%             0 /  0 /  0
M7              344592           195            0.06%             0 /  0 /  0
M8              344592             0            0.00%             0 /  0 /  0
M9              344484             0            0.00%             0 /  0 /  0
---------------------------------------------------------------------------------------
Total          5592230       1096934           19.62%             0 /  0 /  0

[INFO GRT-0018] Total wirelength: 660254 um
[INFO GRT-0014] Routed nets: 164837
[INFO GRT-0303] Global routing runtime = 00:00:15
Took 15 seconds: global_route -congestion_report_file /work/djang62/Openroad/handoff/gt2n_openroad_run/AES_128/GT2_2nm_PDK/03_spnr/tt/w31_svtlvt/1000ps_fspdn_tapm3_rdl_dense_u40_c80/work/reports/gt2n/aes_128/base/congestion.rpt -congestion_iterations 30 -congestion_report_iter_step 5 -verbose
estimate_parasitics -global_routing
Took 5 seconds: estimate_parasitics -global_routing
Perform buffer insertion and gate resizing...
repair_design -verbose
Iteration |   Area    | Resized | Buffers | Nets repaired | Remaining
---------------------------------------------------------------------
        0 |     +0.0% |       0 |       0 |             0 |    165520
     1000 |     +0.0% |       0 |       0 |             0 |    164520
     2000 |     +0.0% |       0 |       0 |             0 |    163520
     3000 |     +0.0% |       0 |       0 |             0 |    162520
     4000 |     +0.0% |       0 |       0 |             0 |    161520
     5000 |     +0.0% |       0 |       0 |             0 |    160520
     6000 |     +0.0% |       0 |       0 |             0 |    159520
     7000 |     +0.0% |       0 |       0 |             0 |    158520
     8000 |     +0.0% |       0 |       0 |             0 |    157520
     9000 |     +0.0% |       0 |       0 |             0 |    156520
    10000 |     +0.0% |       0 |       0 |             0 |    155520
    11000 |     +0.0% |       0 |       0 |             0 |    154520
    12000 |     +0.0% |       0 |       0 |             0 |    153520
    13000 |     +0.0% |       0 |       0 |             0 |    152520
    14000 |     +0.0% |       0 |       0 |             0 |    151520
    15000 |     +0.0% |       0 |       0 |             0 |    150520
    16000 |     +0.0% |       0 |       0 |             0 |    149520
    17000 |     +0.0% |       0 |       0 |             0 |    148520
    18000 |     +0.0% |       0 |       0 |             0 |    147520
    19000 |     +0.0% |       0 |       0 |             0 |    146520
    20000 |     +0.0% |       0 |       0 |             0 |    145520
    21000 |     +0.0% |       0 |       0 |             0 |    144520
    22000 |     +0.0% |       0 |       0 |             0 |    143520
    23000 |     +0.0% |       0 |       0 |             0 |    142520
    24000 |     +0.0% |       0 |       0 |             0 |    141520
    25000 |     +0.0% |       0 |       0 |             0 |    140520
    26000 |     +0.0% |       0 |       0 |             0 |    139520
    27000 |     +0.0% |       0 |       0 |             0 |    138520
    28000 |     +0.0% |       0 |       0 |             0 |    137520
    29000 |     +0.0% |       0 |       0 |             0 |    136520
    30000 |     +0.0% |       0 |       0 |             0 |    135520
    31000 |     +0.0% |       0 |       0 |             0 |    134520
    32000 |     +0.0% |       0 |       0 |             0 |    133520
    33000 |     +0.0% |       0 |       0 |             0 |    132520
    34000 |     +0.0% |       0 |       0 |             0 |    131520
    35000 |     +0.0% |       0 |       0 |             0 |    130520
    36000 |     +0.0% |       0 |       0 |             0 |    129520
    37000 |     +0.0% |       0 |       0 |             0 |    128520
    38000 |     +0.0% |       0 |       0 |             0 |    127520
    39000 |     +0.0% |       0 |       0 |             0 |    126520
    40000 |     +0.0% |       0 |       0 |             0 |    125520
    41000 |     +0.0% |       0 |       0 |             0 |    124520
    42000 |     +0.0% |       0 |       0 |             0 |    123520
    43000 |     +0.0% |       0 |       0 |             0 |    122520
    44000 |     +0.0% |       0 |       0 |             0 |    121520
    45000 |     +0.0% |       0 |       0 |             0 |    120520
    46000 |     +0.0% |       0 |       0 |             0 |    119520
    47000 |     +0.0% |       0 |       0 |             0 |    118520
    48000 |     +0.0% |       0 |       0 |             0 |    117520
    49000 |     +0.0% |       0 |       0 |             0 |    116520
    50000 |     +0.0% |       0 |       0 |             0 |    115520
    51000 |     +0.0% |       0 |       0 |             0 |    114520
    52000 |     +0.0% |       0 |       0 |             0 |    113520
    53000 |     +0.0% |       0 |       0 |             0 |    112520
    54000 |     +0.0% |       0 |       0 |             0 |    111520
    55000 |     +0.0% |       0 |       0 |             0 |    110520
    56000 |     +0.0% |       0 |       0 |             0 |    109520
    57000 |     +0.0% |       0 |       0 |             0 |    108520
    58000 |     +0.0% |       0 |       0 |             0 |    107520
    59000 |     +0.0% |       0 |       0 |             0 |    106520
    60000 |     +0.0% |       0 |       0 |             0 |    105520
    61000 |     +0.0% |       0 |       0 |             0 |    104520
    62000 |     +0.0% |       0 |       0 |             0 |    103520
    63000 |     +0.0% |       0 |       0 |             0 |    102520
    64000 |     +0.0% |       0 |       0 |             0 |    101520
    65000 |     +0.0% |       0 |       0 |             0 |    100520
    66000 |     +0.0% |       0 |       0 |             0 |     99520
    67000 |     +0.0% |       0 |       0 |             0 |     98520
    68000 |     +0.0% |       0 |       0 |             0 |     97520
    69000 |     +0.0% |       0 |       0 |             0 |     96520
    70000 |     +0.0% |       0 |       0 |             0 |     95520
    71000 |     +0.0% |       0 |       0 |             0 |     94520
    72000 |     +0.0% |       0 |       0 |             0 |     93520
    73000 |     +0.0% |       0 |       0 |             0 |     92520
    74000 |     +0.0% |       0 |       0 |             0 |     91520
    75000 |     +0.0% |       0 |       0 |             0 |     90520
    76000 |     +0.0% |       0 |       0 |             0 |     89520
    77000 |     +0.0% |       0 |       0 |             0 |     88520
    78000 |     +0.0% |       0 |       0 |             0 |     87520
    79000 |     +0.0% |       0 |       0 |             0 |     86520
    80000 |     +0.0% |       0 |       0 |             0 |     85520
    81000 |     +0.0% |       0 |       0 |             0 |     84520
    82000 |     +0.0% |       0 |       0 |             0 |     83520
    83000 |     +0.0% |       0 |       0 |             0 |     82520
    84000 |     +0.0% |       0 |       0 |             0 |     81520
    85000 |     +0.0% |       0 |       0 |             0 |     80520
    86000 |     +0.0% |       0 |       0 |             0 |     79520
    87000 |     +0.0% |       0 |       0 |             0 |     78520
    88000 |     +0.0% |       0 |       0 |             0 |     77520
    89000 |     +0.0% |       0 |       0 |             0 |     76520
    90000 |     +0.0% |       0 |       0 |             0 |     75520
    91000 |     +0.0% |       0 |       0 |             0 |     74520
    92000 |     +0.0% |       0 |       0 |             0 |     73520
    93000 |     +0.0% |       0 |       0 |             0 |     72520
    94000 |     +0.0% |       0 |       0 |             0 |     71520
    95000 |     +0.0% |       0 |       0 |             0 |     70520
    96000 |     +0.0% |       0 |       0 |             0 |     69520
    97000 |     +0.0% |       0 |       0 |             0 |     68520
    98000 |     +0.0% |       0 |       0 |             0 |     67520
    99000 |     +0.0% |       0 |       0 |             0 |     66520
   100000 |     +0.0% |       0 |       0 |             0 |     65520
   101000 |     +0.0% |       0 |       0 |             0 |     64520
   102000 |     +0.0% |       0 |       0 |             0 |     63520
   103000 |     +0.0% |       0 |       0 |             0 |     62520
   104000 |     +0.0% |       0 |       0 |             0 |     61520
   105000 |     +0.0% |       0 |       0 |             0 |     60520
   106000 |     +0.0% |       0 |       0 |             0 |     59520
   107000 |     +0.0% |       0 |       0 |             0 |     58520
   108000 |     +0.0% |       0 |       0 |             0 |     57520
   109000 |     +0.0% |       0 |       0 |             0 |     56520
   110000 |     +0.0% |       0 |       0 |             0 |     55520
   111000 |     +0.0% |       0 |       0 |             0 |     54520
   112000 |     +0.0% |       0 |       0 |             0 |     53520
   113000 |     +0.0% |       0 |       0 |             0 |     52520
   114000 |     +0.0% |       0 |       0 |             0 |     51520
   115000 |     +0.0% |       0 |       0 |             0 |     50520
   116000 |     +0.0% |       0 |       0 |             0 |     49520
   117000 |     +0.0% |       0 |       0 |             0 |     48520
   118000 |     +0.0% |       0 |       0 |             0 |     47520
   119000 |     +0.0% |       0 |       0 |             0 |     46520
   120000 |     +0.0% |       0 |       0 |             0 |     45520
   121000 |     +0.0% |       0 |       0 |             0 |     44520
   122000 |     +0.0% |       0 |       0 |             0 |     43520
   123000 |     +0.0% |       0 |       0 |             0 |     42520
   124000 |     +0.0% |       0 |       0 |             0 |     41520
   125000 |     +0.0% |       0 |       0 |             0 |     40520
   126000 |     +0.0% |       0 |       0 |             0 |     39520
   127000 |     +0.0% |       0 |       0 |             0 |     38520
   128000 |     +0.0% |       0 |       0 |             0 |     37520
   129000 |     +0.0% |       0 |       0 |             0 |     36520
   130000 |     +0.0% |       0 |       0 |             0 |     35520
   131000 |     +0.0% |       0 |       0 |             0 |     34520
   132000 |     +0.0% |       0 |       0 |             0 |     33520
   133000 |     +0.0% |       0 |       0 |             0 |     32520
   134000 |     +0.0% |       0 |       0 |             0 |     31520
   135000 |     +0.0% |       0 |       0 |             0 |     30520
   136000 |     +0.0% |       0 |       0 |             0 |     29520
   137000 |     +0.0% |       0 |       0 |             0 |     28520
   138000 |     +0.0% |       0 |       0 |             0 |     27520
   139000 |     +0.0% |       0 |       0 |             0 |     26520
   140000 |     +0.0% |       0 |       0 |             0 |     25520
   141000 |     +0.0% |       0 |       0 |             0 |     24520
   142000 |     +0.0% |       0 |       0 |             0 |     23520
   143000 |     +0.0% |       0 |       0 |             0 |     22520
   144000 |     +0.0% |       0 |       0 |             0 |     21520
   145000 |     +0.0% |       0 |       0 |             0 |     20520
   146000 |     +0.0% |       0 |       0 |             0 |     19520
   147000 |     +0.0% |       0 |       0 |             0 |     18520
   148000 |     +0.0% |       0 |       0 |             0 |     17520
   149000 |     +0.0% |       0 |       0 |             0 |     16520
   150000 |     +0.0% |       0 |       0 |             0 |     15520
   151000 |     +0.0% |       0 |       0 |             0 |     14520
   152000 |     +0.0% |       0 |       0 |             0 |     13520
   153000 |     +0.0% |       0 |       0 |             0 |     12520
   154000 |     +0.0% |       0 |       0 |             0 |     11520
   155000 |     +0.0% |       0 |       0 |             0 |     10520
   156000 |     +0.0% |       0 |       0 |             0 |      9520
   157000 |     +0.0% |       0 |       0 |             0 |      8520
   158000 |     +0.0% |       0 |       0 |             0 |      7520
   159000 |     +0.0% |       0 |       0 |             0 |      6520
   160000 |     +0.0% |       0 |       0 |             0 |      5520
   161000 |     +0.0% |       0 |       0 |             0 |      4520
   162000 |     +0.0% |       0 |       0 |             0 |      3520
   163000 |     +0.0% |       0 |       0 |             0 |      2520
   164000 |     +0.0% |       0 |       0 |             0 |      1520
   165000 |     +0.0% |       0 |       0 |             0 |       520
    final |     +0.0% |       0 |       0 |             0 |         0
---------------------------------------------------------------------
Took 12 seconds: repair_design -verbose
global_route -start_incremental
detailed_placement
[INFO DPL-0005] Max displacement: +/- 500 sites horizontally, +/- 100 rows vertically.
Movements Summary
---------------------------------------
Total cells:                  165260
Diamond Move Success:         165260 (100.00%)
Diamond Move Failure:              0
Rip-up and replace Success:        0 (  0.00% of diamond failures)
Rip-up and replace Failure:        0
Total Placement Failures:          0
---------------------------------------
Placement Analysis
---------------------------------
total displacement          0.0 u
average displacement        0.0 u
max displacement            0.0 u
original HPWL          360056.7 u
legalized HPWL         360056.7 u
delta HPWL                    0 %

global_route -end_incremental -congestion_report_file /work/djang62/Openroad/handoff/gt2n_openroad_run/AES_128/GT2_2nm_PDK/03_spnr/tt/w31_svtlvt/1000ps_fspdn_tapm3_rdl_dense_u40_c80/work/reports/gt2n/aes_128/base/congestion_post_repair_design.rpt
Repair setup and hold violations...
estimate_parasitics -global_routing
Took 5 seconds: estimate_parasitics -global_routing
repair_timing -setup_margin 0 -hold_margin 0 -repair_tns 100 -verbose
[INFO RSZ-0100] Repair move sequence: UnbufferMove SizeUpMove SwapPinsMove BufferMove CloneMove SplitLoadMove 
[INFO RSZ-0094] Found 8 endpoints with setup violations.
[INFO RSZ-0099] Repairing 8 out of 8 (100.00%) violating endpoints...
   Iter   | Removed | Resized | Inserted | Cloned |  Pin  |   Area   |    WNS   |   StTNS    |   EnTNS    |  Viol  |  Worst  
          | Buffers |  Gates  | Buffers  |  Gates | Swaps |          |          |            |            | Endpts | St/EnPt 
------------------------------------------------------------------------------------------------------------------------------
       0* |       0 |       0 |        0 |      0 |     0 |    +0.0% | -126.727 |     -126.7 |     -844.3 |      8 | ROUND\[5\].U_ROUND.U_SUB.ROM\[0\].ROM.dout\[2\]$_DFFE_PN0P_/D
       3* |       0 |       2 |        0 |      0 |     0 |    +0.0% |    0.581 |        0.0 |        0.0 |      8 | ROUND\[4\].U_ROUND.U_SUB.ROM\[0\].ROM.dout\[6\]$_DFFE_PN0P_/D
       4* |       0 |       2 |        0 |      0 |     0 |    +0.0% |    0.581 |        0.0 |        0.0 |      8 | ROUND\[4\].U_ROUND.U_SUB.ROM\[0\].ROM.dout\[6\]$_DFFE_PN0P_/D
       5* |       0 |       2 |        0 |      0 |     0 |    +0.0% |    0.581 |        0.0 |        0.0 |      8 | ROUND\[4\].U_ROUND.U_SUB.ROM\[0\].ROM.dout\[6\]$_DFFE_PN0P_/D
       6* |       0 |       2 |        0 |      0 |     0 |    +0.0% |    0.581 |        0.0 |        0.0 |      8 | ROUND\[4\].U_ROUND.U_SUB.ROM\[0\].ROM.dout\[6\]$_DFFE_PN0P_/D
       7* |       0 |       2 |        0 |      0 |     0 |    +0.0% |    0.581 |        0.0 |        0.0 |      8 | ROUND\[4\].U_ROUND.U_SUB.ROM\[0\].ROM.dout\[6\]$_DFFE_PN0P_/D
       8* |       0 |       2 |        0 |      0 |     0 |    +0.0% |    0.581 |        0.0 |        0.0 |      8 | ROUND\[4\].U_ROUND.U_SUB.ROM\[0\].ROM.dout\[6\]$_DFFE_PN0P_/D
       9* |       0 |       2 |        0 |      0 |     0 |    +0.0% |    0.581 |        0.0 |        0.0 |      8 | ROUND\[4\].U_ROUND.U_SUB.ROM\[0\].ROM.dout\[6\]$_DFFE_PN0P_/D
      10* |       0 |       2 |        0 |      0 |     0 |    +0.0% |    0.581 |        0.0 |        0.0 |      8 | ROUND\[4\].U_ROUND.U_SUB.ROM\[0\].ROM.dout\[6\]$_DFFE_PN0P_/D
      10* |       0 |       2 |        0 |      0 |     0 |    +0.0% |    0.581 |        0.0 |        0.0 |      8 | ROUND\[4\].U_ROUND.U_SUB.ROM\[0\].ROM.dout\[6\]$_DFFE_PN0P_/D
      10* |       0 |       2 |        0 |      0 |     0 |    +0.0% |    0.581 |        0.0 |        0.0 |      8 | ROUND\[4\].U_ROUND.U_SUB.ROM\[0\].ROM.dout\[6\]$_DFFE_PN0P_/D
    final |       0 |       2 |        0 |      0 |     0 |    +0.0% |    0.581 |        0.0 |        0.0 |      0 | ROUND\[4\].U_ROUND.U_SUB.ROM\[0\].ROM.dout\[6\]$_DFFE_PN0P_/D
------------------------------------------------------------------------------------------------------------------------------
[INFO RSZ-0051] Resized 2 instances: 2 up, 0 up match, 0 down, 0 VT
[INFO RSZ-0046] Found 258 endpoints with hold violations.
Iteration | Resized | Buffers | Cloned Gates |   Area   |   WNS   |   TNS   | Endpoint
--------------------------------------------------------------------------------------
        0 |       0 |       0 |            0 |    +0.0% | -107.734 | -21323.852 | U0_ARK.data_out[33]$_DFFE_PN0P_/D
       10 |       0 |     107 |            0 |    +0.0% | -95.625 | -20524.316 | U_KEYEXP.RKGEN_U0.Key_FirstStage[60]$_DFFE_PN0P_/D
       20 |       0 |     247 |            0 |    +0.1% | -93.376 | -19654.854 | U0_ARK.data_out[77]$_DFFE_PN0P_/D
       30 |       0 |     127 |            0 |    +0.1% | -91.763 | -18832.256 | U0_ARK.data_out[46]$_DFFE_PN0P_/D
       40 |       0 |     258 |            0 |    +0.2% | -90.664 | -18005.545 | U0_ARK.data_out[50]$_DFFE_PN0P_/D
       50 |       0 |     394 |            0 |    +0.2% | -90.220 | -17176.418 | U0_ARK.data_out[94]$_DFFE_PN0P_/D
       60 |       0 |     543 |            0 |    +0.3% | -89.152 | -16279.016 | U0_ARK.data_out[104]$_DFFE_PN0P_/D
       70 |       0 |     677 |            0 |    +0.3% | -88.269 | -15364.611 | U_KEYEXP.RKGEN_U0.Key_FirstStage[98]$_DFFE_PN0P_/D
       80 |       0 |     814 |            0 |    +0.3% | -87.743 | -14544.297 | U0_ARK.data_out[119]$_DFFE_PN0P_/D
       90 |       0 |     952 |            0 |    +0.4% | -86.908 | -13742.555 | U0_ARK.data_out[35]$_DFFE_PN0P_/D
      100 |       0 |    1099 |            0 |    +0.4% | -86.259 | -13014.014 | U_KEYEXP.RKGEN_U0.Key_FirstStage[99]$_DFFE_PN0P_/D
      110 |       0 |    1228 |            0 |    +0.5% | -85.705 | -12084.738 | U0_ARK.data_out[30]$_DFFE_PN0P_/D
      120 |       0 |    1368 |            0 |    +0.5% | -85.238 | -11263.557 | U_KEYEXP.RKGEN_U0.Key_FirstStage[87]$_DFFE_PN0P_/D
      130 |       0 |    1495 |            0 |    +0.6% | -84.625 | -10389.929 | U_KEYEXP.RKGEN_U0.Key_FirstStage[34]$_DFFE_PN0P_/D
      140 |       0 |    1622 |            0 |    +0.6% | -83.648 | -9466.951 | U_KEYEXP.RKGEN_U0.Key_FirstStage[3]$_DFFE_PN0P_/D
      150 |       0 |    1745 |            0 |    +0.6% | -83.067 | -8600.142 | U_KEYEXP.RKGEN_U0.Key_FirstStage[118]$_DFFE_PN0P_/D
      160 |       0 |    1855 |            0 |    +0.7% | -82.387 | -7767.481 | U0_ARK.data_out[57]$_DFFE_PN0P_/D
      170 |       0 |    1981 |            0 |    +0.7% | -81.223 | -6920.917 | U_KEYEXP.RKGEN_U0.Key_FirstStage[19]$_DFFE_PN0P_/D
      180 |       0 |    2094 |            0 |    +0.7% | -80.004 | -5963.899 | U_KEYEXP.RKGEN_U0.Key_FirstStage[127]$_DFFE_PN0P_/D
      190 |       0 |    2203 |            0 |    +0.8% | -78.951 | -5183.975 | U0_ARK.data_out[118]$_DFFE_PN0P_/D
      200 |       0 |    2319 |            0 |    +0.8% | -78.199 | -4336.832 | U0_ARK.data_out[115]$_DFFE_PN0P_/D
      210 |       0 |    2431 |            0 |    +0.9% | -77.191 | -3528.292 | U_KEYEXP.RKGEN_U0.Key_FirstStage[84]$_DFFE_PN0P_/D
      220 |       0 |    2551 |            0 |    +0.9% | -76.245 | -2707.116 | U0_ARK.data_out[75]$_DFFE_PN0P_/D
      230 |       0 |    2664 |            0 |    +0.9% | -73.962 | -1915.045 | U0_ARK.data_out[109]$_DFFE_PN0P_/D
      240 |       0 |    2776 |            0 |    +1.0% | -70.131 | -1184.241 | U0_ARK.data_out[98]$_DFFE_PN0P_/D
      250 |       0 |       1 |            0 |    +1.0% | -70.053 | -525.976 | U0_ARK.data_out[1]$_DFFE_PN0P_/D
      260 |       0 |      24 |            0 |    +1.0% | -29.358 | -119.942 | U0_ARK.data_out[25]$_DFFE_PN0P_/D
    final |       0 |      44 |            0 |    +1.0% |   0.040 |   0.000 | U_KEYEXP.RKGEN_U0.Key_FirstStage[57]$_DFFE_PN0P_/D
--------------------------------------------------------------------------------------
[INFO RSZ-0032] Inserted 44 hold buffers.
Took 420 seconds: repair_timing -setup_margin 0 -hold_margin 0 -repair_tns 100 -verbose
global_route -start_incremental
detailed_placement
[INFO DPL-0005] Max displacement: +/- 500 sites horizontally, +/- 100 rows vertically.
Movements Summary
---------------------------------------
Total cells:                  168498
Diamond Move Success:         168498 (100.00%)
Diamond Move Failure:              0
Rip-up and replace Success:        0 (  0.00% of diamond failures)
Rip-up and replace Failure:        0
Total Placement Failures:          0
---------------------------------------
Placement Analysis
---------------------------------
total displacement      14329.4 u
average displacement        0.1 u
max displacement            7.3 u
original HPWL          360269.7 u
legalized HPWL         372733.6 u
delta HPWL                    3 %

global_route -end_incremental -congestion_report_file /work/djang62/Openroad/handoff/gt2n_openroad_run/AES_128/GT2_2nm_PDK/03_spnr/tt/w31_svtlvt/1000ps_fspdn_tapm3_rdl_dense_u40_c80/work/reports/gt2n/aes_128/base/congestion_post_repair_timing.rpt
Took 6 seconds: global_route -end_incremental -congestion_report_file /work/djang62/Openroad/handoff/gt2n_openroad_run/AES_128/GT2_2nm_PDK/03_spnr/tt/w31_svtlvt/1000ps_fspdn_tapm3_rdl_dense_u40_c80/work/reports/gt2n/aes_128/base/congestion_post_repair_timing.rpt
global_route -start_incremental
global_route -end_incremental -congestion_report_file /work/djang62/Openroad/handoff/gt2n_openroad_run/AES_128/GT2_2nm_PDK/03_spnr/tt/w31_svtlvt/1000ps_fspdn_tapm3_rdl_dense_u40_c80/work/reports/gt2n/aes_128/base/congestion_post_recover_power.rpt
Repair antennas...
[WARNING GRT-0246] No diode with LEF class CORE ANTENNACELL found.
[INFO ANT-0002] Found 0 net violations.
[INFO ANT-0001] Found 0 pin violations.
Estimate parasitics...
estimate_parasitics -global_routing
Took 6 seconds: estimate_parasitics -global_routing
Report metrics stage 5, global route...

==========================================================================
global route report_design_area
--------------------------------------------------------------------------
Design area 5826 um^2 39% utilization.
[INFO FLW-0007] clock core_clock period 1000.000000
[INFO FLW-0008] Clock core_clock period 949.448
[INFO FLW-0009] Clock core_clock slack 0.581
[INFO FLW-0011] Path endpoint path count 22350
write_db /work/djang62/Openroad/handoff/gt2n_openroad_run/AES_128/GT2_2nm_PDK/03_spnr/tt/w31_svtlvt/1000ps_fspdn_tapm3_rdl_dense_u40_c80/work/results/gt2n/aes_128/base/5_1_grt.odb
write_sdc -no_timestamp /work/djang62/Openroad/handoff/gt2n_openroad_run/AES_128/GT2_2nm_PDK/03_spnr/tt/w31_svtlvt/1000ps_fspdn_tapm3_rdl_dense_u40_c80/work/results/gt2n/aes_128/base/5_1_grt.sdc
Elapsed time: 9:13.39[h:]min:sec. CPU time: user 3637.14 sys 268.88 (705%). Peak memory: 2816904KB.
Log                        Elapsed/s Peak Memory/MB  sha1sum .odb [0:20)
5_1_grt                          553           2750 09448faed11dafd24620
/OpenROAD-flow-scripts/flow/scripts/flow.sh 5_2_route detail_route
Running detail_route.tcl, stage 5_2_route
read_liberty /work/djang62/Openroad/handoff/gt2n_openroad_run/OpenROAD-flow-scripts/flow/platforms/gt2n/lib/gt2_6t_w31_svt_tt_0p7v25c.lib
[WARNING STA-1171] /work/djang62/Openroad/handoff/gt2n_openroad_run/OpenROAD-flow-scripts/flow/platforms/gt2n/lib/gt2_6t_w31_svt_tt_0p7v25c.lib line 58, default_fanout_load is 0.0.
read_liberty /work/djang62/Openroad/handoff/gt2n_openroad_run/OpenROAD-flow-scripts/flow/platforms/gt2n/lib/gt2_6t_w31_lvt_tt_0p7v25c.lib
[WARNING STA-1171] /work/djang62/Openroad/handoff/gt2n_openroad_run/OpenROAD-flow-scripts/flow/platforms/gt2n/lib/gt2_6t_w31_lvt_tt_0p7v25c.lib line 58, default_fanout_load is 0.0.
read_db /work/djang62/Openroad/handoff/gt2n_openroad_run/AES_128/GT2_2nm_PDK/03_spnr/tt/w31_svtlvt/1000ps_fspdn_tapm3_rdl_dense_u40_c80/work/results/gt2n/aes_128/base/5_1_grt.odb
read_sdc /work/djang62/Openroad/handoff/gt2n_openroad_run/AES_128/GT2_2nm_PDK/03_spnr/tt/w31_svtlvt/1000ps_fspdn_tapm3_rdl_dense_u40_c80/work/results/gt2n/aes_128/base/5_1_grt.sdc
source /work/djang62/Openroad/handoff/gt2n_openroad_run/OpenROAD-flow-scripts/flow/platforms/gt2n/setRC_fspdn.tcl
detailed_route -output_drc /work/djang62/Openroad/handoff/gt2n_openroad_run/AES_128/GT2_2nm_PDK/03_spnr/tt/w31_svtlvt/1000ps_fspdn_tapm3_rdl_dense_u40_c80/work/reports/gt2n/aes_128/base/5_route_drc.rpt -output_maze /work/djang62/Openroad/handoff/gt2n_openroad_run/AES_128/GT2_2nm_PDK/03_spnr/tt/w31_svtlvt/1000ps_fspdn_tapm3_rdl_dense_u40_c80/work/results/gt2n/aes_128/base/maze.log -droute_end_iter 60 -verbose 1 -drc_report_iter_step 5
[INFO DRT-0149] Reading tech and libs.
[WARNING DRT-0349] LEF58_ENCLOSURE with no CUTCLASS is not supported. Skipping for layer V1
[WARNING DRT-0349] LEF58_ENCLOSURE with no CUTCLASS is not supported. Skipping for layer V1
[WARNING DRT-0349] LEF58_ENCLOSURE with no CUTCLASS is not supported. Skipping for layer V2
[WARNING DRT-0349] LEF58_ENCLOSURE with no CUTCLASS is not supported. Skipping for layer V2
[WARNING DRT-0349] LEF58_ENCLOSURE with no CUTCLASS is not supported. Skipping for layer V3
[WARNING DRT-0349] LEF58_ENCLOSURE with no CUTCLASS is not supported. Skipping for layer V3
[WARNING DRT-0349] LEF58_ENCLOSURE with no CUTCLASS is not supported. Skipping for layer V4
[WARNING DRT-0349] LEF58_ENCLOSURE with no CUTCLASS is not supported. Skipping for layer V4
[WARNING DRT-0349] LEF58_ENCLOSURE with no CUTCLASS is not supported. Skipping for layer V5
[WARNING DRT-0349] LEF58_ENCLOSURE with no CUTCLASS is not supported. Skipping for layer V5
[WARNING DRT-0349] LEF58_ENCLOSURE with no CUTCLASS is not supported. Skipping for layer V6
[WARNING DRT-0349] LEF58_ENCLOSURE with no CUTCLASS is not supported. Skipping for layer V6
[WARNING DRT-0349] LEF58_ENCLOSURE with no CUTCLASS is not supported. Skipping for layer V7
[WARNING DRT-0349] LEF58_ENCLOSURE with no CUTCLASS is not supported. Skipping for layer V7
[WARNING DRT-0349] LEF58_ENCLOSURE with no CUTCLASS is not supported. Skipping for layer V8
[WARNING DRT-0349] LEF58_ENCLOSURE with no CUTCLASS is not supported. Skipping for layer V8

Units:                2000
Number of layers:     31
Number of macros:     144
Number of vias:       26
Number of viarulegen: 14

[INFO DRT-0150] Reading design.
[WARNING DRT-0120] Large net net16086 has 102 pins which may impact routing performance. Consider optimization.
[WARNING DRT-0120] Large net net16384 has 101 pins which may impact routing performance. Consider optimization.
[WARNING DRT-0120] Large net net16383 has 107 pins which may impact routing performance. Consider optimization.
[WARNING DRT-0120] Large net net16114 has 102 pins which may impact routing performance. Consider optimization.
[WARNING DRT-0120] Large net net16105 has 105 pins which may impact routing performance. Consider optimization.
[WARNING DRT-0120] Large net net15751 has 102 pins which may impact routing performance. Consider optimization.
[WARNING DRT-0120] Large net net15531 has 102 pins which may impact routing performance. Consider optimization.
[WARNING DRT-0120] Large net net15412 has 115 pins which may impact routing performance. Consider optimization.
[WARNING DRT-0120] Large net net15411 has 102 pins which may impact routing performance. Consider optimization.
[WARNING DRT-0120] Large net net15163 has 105 pins which may impact routing performance. Consider optimization.
[WARNING DRT-0120] Large net net16064 has 101 pins which may impact routing performance. Consider optimization.
[WARNING DRT-0120] Large net net15641 has 101 pins which may impact routing performance. Consider optimization.
[WARNING DRT-0120] Large net net15390 has 106 pins which may impact routing performance. Consider optimization.
[WARNING DRT-0120] Large net net15212 has 104 pins which may impact routing performance. Consider optimization.
[WARNING DRT-0120] Large net net16467 has 105 pins which may impact routing performance. Consider optimization.
[WARNING DRT-0120] Large net net15987 has 102 pins which may impact routing performance. Consider optimization.
[WARNING DRT-0120] Large net net15918 has 103 pins which may impact routing performance. Consider optimization.
[WARNING DRT-0120] Large net net15816 has 101 pins which may impact routing performance. Consider optimization.
[WARNING DRT-0120] Large net net15388 has 110 pins which may impact routing performance. Consider optimization.

Design:                   aes
Die area:                 ( 0 0 ) ( 264166 264166 )
Number of track patterns: 30
Number of DEF vias:       0
Number of components:     170196
Number of terminals:      391
Number of snets:          2
Number of nets:           168075

[INFO DRT-0167] List of default vias:
  Layer V1
    default via: V1_0
  Layer V2
    default via: V2_0
  Layer V3
    default via: V3_0
  Layer V4
    default via: V4_0
  Layer V5
    default via: V5_0
  Layer V6
    default via: V6_0
  Layer V7
    default via: V7_0
  Layer V8
    default via: V8_0
  Layer V9
    default via: V9_0
  Layer V10
    default via: V10_0
  Layer V11
    default via: V11_0
  Layer V12
    default via: V12_0
  Layer V13
    default via: V13_0
[INFO DRT-0162] Library cell analysis.
[INFO DRT-0163] Instance analysis.
  Complete 100000 instances.
[INFO DRT-0164] Number of unique instances = 380.
[INFO DRT-0168] Init region query.
[INFO DRT-0018]   Complete 100000 insts.
[INFO DRT-0024]   Complete SDCON.
[INFO DRT-0024]   Complete VBPR.
[INFO DRT-0024]   Complete M0.
[INFO DRT-0024]   Complete V0.
[INFO DRT-0024]   Complete M1.
[INFO DRT-0024]   Complete V1.
[INFO DRT-0024]   Complete M2.
[INFO DRT-0024]   Complete V2.
[INFO DRT-0024]   Complete M3.
[INFO DRT-0024]   Complete V3.
[INFO DRT-0024]   Complete M4.
[INFO DRT-0024]   Complete V4.
[INFO DRT-0024]   Complete M5.
[INFO DRT-0024]   Complete V5.
[INFO DRT-0024]   Complete M6.
[INFO DRT-0024]   Complete V6.
[INFO DRT-0024]   Complete M7.
[INFO DRT-0024]   Complete V7.
[INFO DRT-0024]   Complete M8.
[INFO DRT-0024]   Complete V8.
[INFO DRT-0024]   Complete M9.
[INFO DRT-0024]   Complete V9.
[INFO DRT-0024]   Complete M10.
[INFO DRT-0024]   Complete V10.
[INFO DRT-0024]   Complete M11.
[INFO DRT-0024]   Complete V11.
[INFO DRT-0024]   Complete M12.
[INFO DRT-0024]   Complete V12.
[INFO DRT-0024]   Complete M13.
[INFO DRT-0024]   Complete V13.
[INFO DRT-0024]   Complete RDL.
[INFO DRT-0033] SDCON shape region query size = 0.
[INFO DRT-0033] VBPR shape region query size = 0.
[INFO DRT-0033] M0 shape region query size = 1278454.
[INFO DRT-0033] V0 shape region query size = 0.
[INFO DRT-0033] M1 shape region query size = 858202.
[INFO DRT-0033] V1 shape region query size = 3396.
[INFO DRT-0033] M2 shape region query size = 11210.
[INFO DRT-0033] V2 shape region query size = 4196.
[INFO DRT-0033] M3 shape region query size = 5123.
[INFO DRT-0033] V3 shape region query size = 600.
[INFO DRT-0033] M4 shape region query size = 1080.
[INFO DRT-0033] V4 shape region query size = 450.
[INFO DRT-0033] M5 shape region query size = 780.
[INFO DRT-0033] V5 shape region query size = 300.
[INFO DRT-0033] M6 shape region query size = 520.
[INFO DRT-0033] V6 shape region query size = 200.
[INFO DRT-0033] M7 shape region query size = 420.
[INFO DRT-0033] V7 shape region query size = 200.
[INFO DRT-0033] M8 shape region query size = 420.
[INFO DRT-0033] V8 shape region query size = 200.
[INFO DRT-0033] M9 shape region query size = 520.
[INFO DRT-0033] V9 shape region query size = 600.
[INFO DRT-0033] M10 shape region query size = 780.
[INFO DRT-0033] V10 shape region query size = 1800.
[INFO DRT-0033] M11 shape region query size = 780.
[INFO DRT-0033] V11 shape region query size = 600.
[INFO DRT-0033] M12 shape region query size = 520.
[INFO DRT-0033] V12 shape region query size = 200.
[INFO DRT-0033] M13 shape region query size = 410.
[INFO DRT-0033] V13 shape region query size = 190.
[INFO DRT-0033] RDL shape region query size = 266.
[INFO DRT-0165] Start pin access.
[INFO DRT-0076]   Complete 1000 pins.
[INFO DRT-0076]   Complete 2000 pins.
[INFO DRT-0078]   Complete 2304 pins.
[INFO DRT-0079]   Complete 100 unique inst patterns.
[INFO DRT-0079]   Complete 200 unique inst patterns.
[INFO DRT-0079]   Complete 300 unique inst patterns.
[INFO DRT-0081]   Complete 380 unique inst patterns.
[INFO DRT-0082]   Complete 10000 groups.
[INFO DRT-0082]   Complete 20000 groups.
[INFO DRT-0082]   Complete 30000 groups.
[INFO DRT-0082]   Complete 40000 groups.
[INFO DRT-0082]   Complete 50000 groups.
[INFO DRT-0082]   Complete 60000 groups.
[INFO DRT-0082]   Complete 70000 groups.
[INFO DRT-0082]   Complete 80000 groups.
[INFO DRT-0082]   Complete 90000 groups.
[INFO DRT-0082]   Complete 100000 groups.
[INFO DRT-0084]   Complete 116101 groups.
#scanned instances     = 170196
#unique  instances     = 380
#stdCellGenAp          = 14911
#stdCellValidPlanarAp  = 6030
#stdCellValidViaAp     = 7648
#stdCellPinNoAp        = 0
#stdCellPinCnt         = 605547
#instTermValidViaApCnt = 0
#macroGenAp            = 0
#macroValidPlanarAp    = 0
#macroValidViaAp       = 0
#macroNoAp             = 0
[INFO DRT-0166] Complete pin access.
[INFO DRT-0267] cpu time = 00:26:23, elapsed time = 00:00:34, memory = 1434.52 (MB), peak = 1434.52 (MB)
[INFO DRT-0156] guideIn read 100000 guides.
[INFO DRT-0156] guideIn read 200000 guides.
[INFO DRT-0156] guideIn read 300000 guides.
[INFO DRT-0156] guideIn read 400000 guides.
[INFO DRT-0156] guideIn read 500000 guides.
[INFO DRT-0156] guideIn read 600000 guides.
[INFO DRT-0156] guideIn read 700000 guides.
[INFO DRT-0156] guideIn read 800000 guides.
[INFO DRT-0156] guideIn read 900000 guides.
[INFO DRT-0156] guideIn read 1000000 guides.

[INFO DRT-0157] Number of guides:     1141958

[INFO DRT-0169] Post process guides.
[INFO DRT-0176] GCELLGRID X 0 DO 314 STEP 840 ;
[INFO DRT-0177] GCELLGRID Y 0 DO 314 STEP 840 ;
[INFO DRT-0026]   Complete 100000 origin guides.
[INFO DRT-0026]   Complete 200000 origin guides.
[INFO DRT-0026]   Complete 300000 origin guides.
[INFO DRT-0026]   Complete 400000 origin guides.
[INFO DRT-0026]   Complete 500000 origin guides.
[INFO DRT-0026]   Complete 600000 origin guides.
[INFO DRT-0026]   Complete 700000 origin guides.
[INFO DRT-0026]   Complete 800000 origin guides.
[INFO DRT-0026]   Complete 900000 origin guides.
[INFO DRT-0027]   Complete 1000000 origin guides.
[INFO DRT-0028]   Complete SDCON.
[INFO DRT-0028]   Complete VBPR.
[INFO DRT-0028]   Complete M0.
[INFO DRT-0028]   Complete V0.
[INFO DRT-0028]   Complete M1.
[INFO DRT-0028]   Complete V1.
[INFO DRT-0028]   Complete M2.
[INFO DRT-0028]   Complete V2.
[INFO DRT-0028]   Complete M3.
[INFO DRT-0028]   Complete V3.
[INFO DRT-0028]   Complete M4.
[INFO DRT-0028]   Complete V4.
[INFO DRT-0028]   Complete M5.
[INFO DRT-0028]   Complete V5.
[INFO DRT-0028]   Complete M6.
[INFO DRT-0028]   Complete V6.
[INFO DRT-0028]   Complete M7.
[INFO DRT-0028]   Complete V7.
[INFO DRT-0028]   Complete M8.
[INFO DRT-0028]   Complete V8.
[INFO DRT-0028]   Complete M9.
[INFO DRT-0028]   Complete V9.
[INFO DRT-0028]   Complete M10.
[INFO DRT-0028]   Complete V10.
[INFO DRT-0028]   Complete M11.
[INFO DRT-0028]   Complete V11.
[INFO DRT-0028]   Complete M12.
[INFO DRT-0028]   Complete V12.
[INFO DRT-0028]   Complete M13.
[INFO DRT-0028]   Complete V13.
[INFO DRT-0028]   Complete RDL.
  complete 100000 nets.
[INFO DRT-0178] Init guide query.
[INFO DRT-0029]   Complete 100000 nets (guide).
[INFO DRT-0035]   Complete SDCON (guide).
[INFO DRT-0035]   Complete VBPR (guide).
[INFO DRT-0035]   Complete M0 (guide).
[INFO DRT-0035]   Complete V0 (guide).
[INFO DRT-0035]   Complete M1 (guide).
[INFO DRT-0035]   Complete V1 (guide).
[INFO DRT-0035]   Complete M2 (guide).
[INFO DRT-0035]   Complete V2 (guide).
[INFO DRT-0035]   Complete M3 (guide).
[INFO DRT-0035]   Complete V3 (guide).
[INFO DRT-0035]   Complete M4 (guide).
[INFO DRT-0035]   Complete V4 (guide).
[INFO DRT-0035]   Complete M5 (guide).
[INFO DRT-0035]   Complete V5 (guide).
[INFO DRT-0035]   Complete M6 (guide).
[INFO DRT-0035]   Complete V6 (guide).
[INFO DRT-0035]   Complete M7 (guide).
[INFO DRT-0035]   Complete V7 (guide).
[INFO DRT-0035]   Complete M8 (guide).
[INFO DRT-0035]   Complete V8 (guide).
[INFO DRT-0035]   Complete M9 (guide).
[INFO DRT-0035]   Complete V9 (guide).
[INFO DRT-0035]   Complete M10 (guide).
[INFO DRT-0035]   Complete V10 (guide).
[INFO DRT-0035]   Complete M11 (guide).
[INFO DRT-0035]   Complete V11 (guide).
[INFO DRT-0035]   Complete M12 (guide).
[INFO DRT-0035]   Complete V12 (guide).
[INFO DRT-0035]   Complete M13 (guide).
[INFO DRT-0035]   Complete V13 (guide).
[INFO DRT-0035]   Complete RDL (guide).
[INFO DRT-0036] SDCON guide region query size = 0.
[INFO DRT-0036] VBPR guide region query size = 0.
[INFO DRT-0036] M0 guide region query size = 0.
[INFO DRT-0036] V0 guide region query size = 0.
[INFO DRT-0036] M1 guide region query size = 497184.
[INFO DRT-0036] V1 guide region query size = 0.
[INFO DRT-0036] M2 guide region query size = 283977.
[INFO DRT-0036] V2 guide region query size = 0.
[INFO DRT-0036] M3 guide region query size = 71818.
[INFO DRT-0036] V3 guide region query size = 0.
[INFO DRT-0036] M4 guide region query size = 11067.
[INFO DRT-0036] V4 guide region query size = 0.
[INFO DRT-0036] M5 guide region query size = 3741.
[INFO DRT-0036] V5 guide region query size = 0.
[INFO DRT-0036] M6 guide region query size = 1392.
[INFO DRT-0036] V6 guide region query size = 0.
[INFO DRT-0036] M7 guide region query size = 971.
[INFO DRT-0036] V7 guide region query size = 0.
[INFO DRT-0036] M8 guide region query size = 640.
[INFO DRT-0036] V8 guide region query size = 0.
[INFO DRT-0036] M9 guide region query size = 238.
[INFO DRT-0036] V9 guide region query size = 0.
[INFO DRT-0036] M10 guide region query size = 0.
[INFO DRT-0036] V10 guide region query size = 0.
[INFO DRT-0036] M11 guide region query size = 0.
[INFO DRT-0036] V11 guide region query size = 0.
[INFO DRT-0036] M12 guide region query size = 0.
[INFO DRT-0036] V12 guide region query size = 0.
[INFO DRT-0036] M13 guide region query size = 0.
[INFO DRT-0036] V13 guide region query size = 0.
[INFO DRT-0036] RDL guide region query size = 0.
[INFO DRT-0179] Init gr pin query.
[INFO DRT-0267] cpu time = 00:00:08, elapsed time = 00:00:02, memory = 1860.77 (MB), peak = 1860.77 (MB)
[INFO DRT-0245] skipped writing guide updates to database.
[INFO DRT-0181] Start track assignment.
[INFO DRT-0184] Done with 573952 vertical wires in 7 frboxes and 297076 horizontal wires in 7 frboxes.
[INFO DRT-0186] Done with 171339 vertical wires in 7 frboxes and 127766 horizontal wires in 7 frboxes.
[INFO DRT-0182] Complete track assignment.
[INFO DRT-0267] cpu time = 00:01:13, elapsed time = 00:00:16, memory = 3002.38 (MB), peak = 3125.46 (MB)
[INFO DRT-0187] Start routing data preparation.
[INFO DRT-0267] cpu time = 00:00:00, elapsed time = 00:00:00, memory = 3092.44 (MB), peak = 3125.46 (MB)
[INFO DRT-0194] Start detail routing.
[INFO DRT-0195] Start 0th optimization iteration.
    Completing 10% with 0 violations.
    elapsed time = 00:00:17, memory = 23309.71 (MB).
    Completing 20% with 0 violations.
    elapsed time = 00:00:31, memory = 30374.34 (MB).
    Completing 30% with 34657 violations.
    elapsed time = 00:01:02, memory = 33952.02 (MB).
    Completing 40% with 34657 violations.
    elapsed time = 00:01:28, memory = 34516.38 (MB).
    Completing 50% with 34657 violations.
    elapsed time = 00:01:53, memory = 30694.24 (MB).
    Completing 60% with 57868 violations.
    elapsed time = 00:02:37, memory = 40148.55 (MB).
    Completing 70% with 57868 violations.
    elapsed time = 00:03:08, memory = 42119.18 (MB).
    Completing 80% with 91641 violations.
    elapsed time = 00:03:53, memory = 46407.81 (MB).
    Completing 90% with 91641 violations.
    elapsed time = 00:04:29, memory = 47099.81 (MB).
    Completing 100% with 116363 violations.
    elapsed time = 00:05:20, memory = 32670.78 (MB).
[INFO DRT-0199]   Number of violations = 136184.
Viol/Layer          M1     V1     M2     V2     M3     V3     M4     V4     M5     M6     V6     M7     M8     M9
Corner Spacing    4423      0  42725      0    335      0    308      0    197     89      0    112     39      2
Cut Spacing          0    347      0     15      0      0      0      0      0      0      0      0      0      0
Metal Spacing     7299      0   2327      0    126      0     37      0      3      5      0      4      0      3
NS Metal           259      0      0      0      0      0      0      0      0      0      0      0      0      0
Recheck          10270      0   7702      0   1713      0    118      0      8      7      0      3      0      0
Rect Only        19591      0    204      0     78      0      0      0      0      0      0      0      0      0
Short             7158   1982   2877    587    898      5    111      4     48      2      2      2      1      1
eolKeepOut       14372      0   7547      0   1925      0    217      0     77      8      0      6      2      3
[INFO DRT-0267] cpu time = 03:25:49, elapsed time = 00:05:26, memory = 32625.97 (MB), peak = 50244.89 (MB)
Total wire length = 503207 um.
Total wire length on LAYER M0 = 0 um.
Total wire length on LAYER M1 = 67953 um.
Total wire length on LAYER M2 = 222751 um.
Total wire length on LAYER M3 = 138677 um.
Total wire length on LAYER M4 = 47214 um.
Total wire length on LAYER M5 = 19011 um.
Total wire length on LAYER M6 = 2238 um.
Total wire length on LAYER M7 = 2214 um.
Total wire length on LAYER M8 = 1562 um.
Total wire length on LAYER M9 = 1583 um.
Total wire length on LAYER M10 = 0 um.
Total wire length on LAYER M11 = 0 um.
Total wire length on LAYER M12 = 0 um.
Total wire length on LAYER M13 = 0 um.
Total wire length on LAYER RDL = 0 um.
Total number of vias = 1507065.
Up-via summary (total 1507065):

-----------------
 SDCON          0
    M0          0
    M1    1013363
    M2     452787
    M3      27309
    M4       8494
    M5       2109
    M6       1421
    M7       1012
    M8        570
    M9          0
   M10          0
   M11          0
   M12          0
   M13          0
-----------------
      1507065


[INFO DRT-0195] Start 1st optimization iteration.
    Completing 10% with 136184 violations.
    elapsed time = 00:00:32, memory = 51533.83 (MB).
    Completing 20% with 136184 violations.
    elapsed time = 00:01:08, memory = 52480.03 (MB).
    Completing 30% with 109023 violations.
    elapsed time = 00:01:52, memory = 53795.25 (MB).
    Completing 40% with 109023 violations.
    elapsed time = 00:02:32, memory = 53877.05 (MB).
    Completing 50% with 109023 violations.
    elapsed time = 00:03:02, memory = 35448.41 (MB).
    Completing 60% with 81848 violations.
    elapsed time = 00:03:55, memory = 53115.59 (MB).
    Completing 70% with 81848 violations.
    elapsed time = 00:04:29, memory = 54730.75 (MB).
    Completing 80% with 57113 violations.
    elapsed time = 00:05:15, memory = 55595.86 (MB).
    Completing 90% with 57113 violations.
    elapsed time = 00:05:49, memory = 55877.37 (MB).
    Completing 100% with 32602 violations.
    elapsed time = 00:06:45, memory = 36936.28 (MB).
[INFO DRT-0199]   Number of violations = 32617.
Viol/Layer          M1     V1     M2     V2     M3     V3     M4     V4     M5     M6     M7     M8     M9
Corner Spacing    1662      0   9840      0    126      0    205      0    115     55     62     28      8
Cut Spacing          0     28      0      0      0      0      0      0      0      0      0      0      0
Metal Spacing     1558      0    872      0     59      0     31      0      5      6      3      2      1
NS Metal            25      0      0      0      0      0      0      0      0      0      0      0      0
Recheck             11      0      3      0      1      0      0      0      0      0      0      0      0
Rect Only         3653      0      2      0      6      0      0      0      0      0      0      0      0
Short             1008    161   1317     64    645      5    115      3     44      8      3      3      0
eolKeepOut        5886      0   3315      0   1323      0    236      0     75     21      9      8      1
[INFO DRT-0267] cpu time = 04:18:23, elapsed time = 00:06:51, memory = 36661.22 (MB), peak = 56582.58 (MB)
Total wire length = 498718 um.
Total wire length on LAYER M0 = 0 um.
Total wire length on LAYER M1 = 64833 um.
Total wire length on LAYER M2 = 220790 um.
Total wire length on LAYER M3 = 139541 um.
Total wire length on LAYER M4 = 46784 um.
Total wire length on LAYER M5 = 19015 um.
Total wire length on LAYER M6 = 2288 um.
Total wire length on LAYER M7 = 2239 um.
Total wire length on LAYER M8 = 1604 um.
Total wire length on LAYER M9 = 1619 um.
Total wire length on LAYER M10 = 0 um.
Total wire length on LAYER M11 = 0 um.
Total wire length on LAYER M12 = 0 um.
Total wire length on LAYER M13 = 0 um.
Total wire length on LAYER RDL = 0 um.
Total number of vias = 1435031.
Up-via summary (total 1435031):

-----------------
 SDCON          0
    M0          0
    M1     969799
    M2     425913
    M3      24941
    M4       8717
    M5       2328
    M6       1529
    M7       1122
    M8        682
    M9          0
   M10          0
   M11          0
   M12          0
   M13          0
-----------------
      1435031


[INFO DRT-0195] Start 2nd optimization iteration.
    Completing 10% with 32617 violations.
    elapsed time = 00:00:32, memory = 55838.34 (MB).
    Completing 20% with 32617 violations.
    elapsed time = 00:01:06, memory = 55219.54 (MB).
    Completing 30% with 31987 violations.
    elapsed time = 00:01:49, memory = 56349.29 (MB).
    Completing 40% with 31987 violations.
    elapsed time = 00:02:26, memory = 56351.27 (MB).
    Completing 50% with 31987 violations.
    elapsed time = 00:02:54, memory = 37796.43 (MB).
    Completing 60% with 31488 violations.
    elapsed time = 00:03:46, memory = 56969.71 (MB).
    Completing 70% with 31488 violations.
    elapsed time = 00:04:16, memory = 56884.87 (MB).
    Completing 80% with 31084 violations.
    elapsed time = 00:04:57, memory = 56946.51 (MB).
    Completing 90% with 31084 violations.
    elapsed time = 00:05:34, memory = 57181.50 (MB).
    Completing 100% with 30165 violations.
    elapsed time = 00:06:10, memory = 38061.05 (MB).
[INFO DRT-0199]   Number of violations = 30165.
Viol/Layer          M1     V1     M2     V2     M3     V3     M4     V4     M5     V5     M6     V6     M7     M8     M9
Corner Spacing    1620      0   8906      0     93      0    192      0    110      0     48      0     74     30      2
Cut Spacing          0     30      0      0      0      0      0      1      0      0      0      0      0      0      0
Metal Spacing     1537      0    765      0     57      0     29      0      3      0      2      0      4      1      0
NS Metal            28      0      0      0      0      0      0      0      0      0      0      0      0      0      0
Rect Only         3418      0      2      0      0      0      0      0      0      0      0      0      0      0      0
Short              901    139   1171     59    551      3    101      4     49      1     12      1      5      1      0
eolKeepOut        5800      0   2939      0   1140      0    207      0     88      0     25      0     13      3      0
[INFO DRT-0267] cpu time = 04:04:03, elapsed time = 00:06:15, memory = 37612.03 (MB), peak = 57949.63 (MB)
Total wire length = 497626 um.
Total wire length on LAYER M0 = 0 um.
Total wire length on LAYER M1 = 64449 um.
Total wire length on LAYER M2 = 220261 um.
Total wire length on LAYER M3 = 139454 um.
Total wire length on LAYER M4 = 46731 um.
Total wire length on LAYER M5 = 18981 um.
Total wire length on LAYER M6 = 2299 um.
Total wire length on LAYER M7 = 2220 um.
Total wire length on LAYER M8 = 1611 um.
Total wire length on LAYER M9 = 1616 um.
Total wire length on LAYER M10 = 0 um.
Total wire length on LAYER M11 = 0 um.
Total wire length on LAYER M12 = 0 um.
Total wire length on LAYER M13 = 0 um.
Total wire length on LAYER RDL = 0 um.
Total number of vias = 1425613.
Up-via summary (total 1425613):

-----------------
 SDCON          0
    M0          0
    M1     965756
    M2     421153
    M3      24419
    M4       8623
    M5       2302
    M6       1543
    M7       1134
    M8        683
    M9          0
   M10          0
   M11          0
   M12          0
   M13          0
-----------------
      1425613


[INFO DRT-0195] Start 3rd optimization iteration.
    Completing 10% with 30165 violations.
    elapsed time = 00:00:21, memory = 56715.64 (MB).
    Completing 20% with 30165 violations.
    elapsed time = 00:00:38, memory = 56052.84 (MB).
    Completing 30% with 24461 violations.
    elapsed time = 00:01:31, memory = 57467.70 (MB).
    Completing 40% with 24461 violations.
    elapsed time = 00:01:50, memory = 57200.94 (MB).
    Completing 50% with 24461 violations.
    elapsed time = 00:02:06, memory = 46505.47 (MB).
    Completing 60% with 19214 violations.
    elapsed time = 00:02:52, memory = 56987.25 (MB).
    Completing 70% with 19214 violations.
    elapsed time = 00:03:06, memory = 56727.33 (MB).
    Completing 80% with 14067 violations.
    elapsed time = 00:03:39, memory = 57154.66 (MB).
    Completing 90% with 14067 violations.
    elapsed time = 00:03:54, memory = 57790.39 (MB).
    Completing 100% with 8868 violations.
    elapsed time = 00:05:10, memory = 38472.77 (MB).
[INFO DRT-0199]   Number of violations = 8869.
Viol/Layer          M1     V1     M2     V2     M3     V3     M4     V4     M5     V5     M6     M7     M8     M9
Corner Spacing     238      0   1064      0     46      0    111      0     86      0     34     64     28      3
Cut Spacing          0      8      0      2      0      0      0      0      0      0      0      0      0      0
Metal Spacing      336      0    413      0     50      0     28      0      5      0      2      3      0      0
NS Metal             7      0      0      0      0      0      0      0      0      0      0      0      0      0
Recheck              1      0      0      0      0      0      0      0      0      0      0      0      0      0
Rect Only          355      0      6      0      0      0      0      0      0      0      0      0      0      0
Short              216     23    729     59    498      5     91      6     38      1      9      2      1      0
eolKeepOut        1192      0   1815      0   1014      0    182      0     71      0     19      6      2      0
[INFO DRT-0267] cpu time = 02:07:03, elapsed time = 00:05:13, memory = 37742.07 (MB), peak = 58424.66 (MB)
Total wire length = 496016 um.
Total wire length on LAYER M0 = 0 um.
Total wire length on LAYER M1 = 55236 um.
Total wire length on LAYER M2 = 214675 um.
Total wire length on LAYER M3 = 148940 um.
Total wire length on LAYER M4 = 50093 um.
Total wire length on LAYER M5 = 19149 um.
Total wire length on LAYER M6 = 2367 um.
Total wire length on LAYER M7 = 2231 um.
Total wire length on LAYER M8 = 1669 um.
Total wire length on LAYER M9 = 1651 um.
Total wire length on LAYER M10 = 0 um.
Total wire length on LAYER M11 = 0 um.
Total wire length on LAYER M12 = 0 um.
Total wire length on LAYER M13 = 0 um.
Total wire length on LAYER RDL = 0 um.
Total number of vias = 1400721.
Up-via summary (total 1400721):

-----------------
 SDCON          0
    M0          0
    M1     905409
    M2     448292
    M3      31964
    M4       8981
    M5       2449
    M6       1609
    M7       1264
    M8        753
    M9          0
   M10          0
   M11          0
   M12          0
   M13          0
-----------------
      1400721


[INFO DRT-0195] Start 4th optimization iteration.
    Completing 10% with 8869 violations.
    elapsed time = 00:00:04, memory = 57073.13 (MB).
    Completing 20% with 8869 violations.
    elapsed time = 00:00:09, memory = 57095.78 (MB).
    Completing 30% with 8109 violations.
    elapsed time = 00:00:48, memory = 56482.38 (MB).
    Completing 40% with 8109 violations.
    elapsed time = 00:00:53, memory = 56512.88 (MB).
    Completing 50% with 8109 violations.
    elapsed time = 00:00:58, memory = 46822.94 (MB).
    Completing 60% with 7054 violations.
    elapsed time = 00:01:32, memory = 56840.93 (MB).
    Completing 70% with 7054 violations.
    elapsed time = 00:01:37, memory = 56836.95 (MB).
    Completing 80% with 6432 violations.
    elapsed time = 00:02:30, memory = 37742.35 (MB).
    Completing 90% with 6432 violations.
    elapsed time = 00:02:34, memory = 56767.05 (MB).
    Completing 100% with 5973 violations.
    elapsed time = 00:03:56, memory = 37742.35 (MB).
[INFO DRT-0199]   Number of violations = 5973.
Viol/Layer          M1     V1     M2     V2     M3     V3     M4     V4     M5     M6     M7     M8     M9
Corner Spacing      94      0    585      0     36      0     84      0     56     35     46     16      2
Cut Spacing          0      3      0      6      0      1      0      0      0      0      0      0      0
Metal Spacing      142      0    273      0     46      0     21      0      3      1      2      2      0
NS Metal             3      0      0      0      0      0      0      0      0      0      0      0      0
Rect Only           85      0      0      0      4      0      4      0      0      0      0      0      0
Short              102     11    605     55    450      5     81      5     41      9      1      2      0
eolKeepOut         422      0   1435      0    917      0    177      0     75     20      4      6      0
[INFO DRT-0267] cpu time = 00:39:28, elapsed time = 00:03:57, memory = 37524.99 (MB), peak = 58424.66 (MB)
Total wire length = 496052 um.
Total wire length on LAYER M0 = 0 um.
Total wire length on LAYER M1 = 54791 um.
Total wire length on LAYER M2 = 214307 um.
Total wire length on LAYER M3 = 149388 um.
Total wire length on LAYER M4 = 50348 um.
Total wire length on LAYER M5 = 19208 um.
Total wire length on LAYER M6 = 2401 um.
Total wire length on LAYER M7 = 2230 um.
Total wire length on LAYER M8 = 1693 um.
Total wire length on LAYER M9 = 1683 um.
Total wire length on LAYER M10 = 0 um.
Total wire length on LAYER M11 = 0 um.
Total wire length on LAYER M12 = 0 um.
Total wire length on LAYER M13 = 0 um.
Total wire length on LAYER RDL = 0 um.
Total number of vias = 1399865.
Up-via summary (total 1399865):

-----------------
 SDCON          0
    M0          0
    M1     902424
    M2     449572
    M3      32528
    M4       9091
    M5       2565
    M6       1621
    M7       1289
    M8        775
    M9          0
   M10          0
   M11          0
   M12          0
   M13          0
-----------------
      1399865


[INFO DRT-0195] Start 5th optimization iteration.
    Completing 10% with 5973 violations.
    elapsed time = 00:00:00, memory = 37524.99 (MB).
    Completing 20% with 5973 violations.
    elapsed time = 00:00:01, memory = 56972.64 (MB).
    Completing 30% with 5719 violations.
    elapsed time = 00:00:36, memory = 37524.99 (MB).
    Completing 40% with 5719 violations.
    elapsed time = 00:00:36, memory = 37524.99 (MB).
    Completing 50% with 5719 violations.
    elapsed time = 00:01:05, memory = 37524.99 (MB).
    Completing 60% with 5522 violations.
    elapsed time = 00:01:06, memory = 37524.99 (MB).
    Completing 70% with 5522 violations.
    elapsed time = 00:01:08, memory = 56698.12 (MB).
    Completing 80% with 5331 violations.
    elapsed time = 00:02:05, memory = 38368.19 (MB).
    Completing 90% with 5331 violations.
    elapsed time = 00:02:05, memory = 38487.60 (MB).
    Completing 100% with 5260 violations.
    elapsed time = 00:03:22, memory = 37524.99 (MB).
[INFO DRT-0199]   Number of violations = 5260.
Viol/Layer          M1     V1     M2     V2     M3     V3     M4     V4     M5     M6     M7     M8     M9
Corner Spacing      67      0    462      0     38      0     72      0     41     29     32     15      2
Cut Spacing          0      3      0      7      0      2      0      0      0      0      0      0      0
Metal Spacing      116      0    244      0     48      0     26      0      3      1      1      3      0
NS Metal             1      0      0      0      0      0      0      0      0      0      0      0      0
Rect Only           49      0      0      0      0      0      0      0      0      0      0      0      0
Short               95     11    537     49    427      5     79      3     33      9      1      2      0
eolKeepOut         341      0   1265      0    874      0    174      0     63     20      3      7      0
[INFO DRT-0267] cpu time = 00:14:50, elapsed time = 00:03:23, memory = 37471.68 (MB), peak = 58424.66 (MB)
Total wire length = 496047 um.
Total wire length on LAYER M0 = 0 um.
Total wire length on LAYER M1 = 54711 um.
Total wire length on LAYER M2 = 214213 um.
Total wire length on LAYER M3 = 149468 um.
Total wire length on LAYER M4 = 50408 um.
Total wire length on LAYER M5 = 19208 um.
Total wire length on LAYER M6 = 2406 um.
Total wire length on LAYER M7 = 2239 um.
Total wire length on LAYER M8 = 1703 um.
Total wire length on LAYER M9 = 1686 um.
Total wire length on LAYER M10 = 0 um.
Total wire length on LAYER M11 = 0 um.
Total wire length on LAYER M12 = 0 um.
Total wire length on LAYER M13 = 0 um.
Total wire length on LAYER RDL = 0 um.
Total number of vias = 1399616.
Up-via summary (total 1399616):

-----------------
 SDCON          0
    M0          0
    M1     901904
    M2     449708
    M3      32635
    M4       9093
    M5       2560
    M6       1633
    M7       1295
    M8        788
    M9          0
   M10          0
   M11          0
   M12          0
   M13          0
-----------------
      1399616


[INFO DRT-0195] Start 6th optimization iteration.
    Completing 10% with 5260 violations.
    elapsed time = 00:00:00, memory = 37471.68 (MB).
    Completing 20% with 5260 violations.
    elapsed time = 00:00:00, memory = 37471.68 (MB).
    Completing 30% with 5142 violations.
    elapsed time = 00:00:35, memory = 37471.68 (MB).
    Completing 40% with 5142 violations.
    elapsed time = 00:00:35, memory = 37471.68 (MB).
    Completing 50% with 5142 violations.
    elapsed time = 00:01:15, memory = 37471.68 (MB).
    Completing 60% with 5068 violations.
    elapsed time = 00:01:16, memory = 37471.68 (MB).
    Completing 70% with 5068 violations.
    elapsed time = 00:01:16, memory = 37471.68 (MB).
    Completing 80% with 5035 violations.
    elapsed time = 00:02:25, memory = 37471.68 (MB).
    Completing 90% with 5035 violations.
    elapsed time = 00:02:25, memory = 37471.68 (MB).
    Completing 100% with 4881 violations.
    elapsed time = 00:03:45, memory = 37471.68 (MB).
[INFO DRT-0199]   Number of violations = 4881.
Viol/Layer          M1     V1     M2     V2     M3     V3     M4     V4     M5     V5     M6     M7     M8     M9
Corner Spacing      63      0    419      0     23      0     62      0     35      0     29     32     13      1
Cut Spacing          0      2      0      3      0      1      0      0      0      0      0      0      0      0
Metal Spacing      102      0    234      0     38      0     24      0      3      0      1      1      1      1
NS Metal             1      0      0      0      0      0      0      0      0      0      0      0      0      0
Rect Only           29      0      0      0      0      0      0      0      4      0      0      0      0      0
Short               73      6    506     49    413      3     71      3     35      1      7      1      2      0
eolKeepOut         294      0   1197      0    846      0    162      0     67      0     14      3      5      1
[INFO DRT-0267] cpu time = 00:11:55, elapsed time = 00:03:46, memory = 37471.68 (MB), peak = 58424.66 (MB)
Total wire length = 496036 um.
Total wire length on LAYER M0 = 0 um.
Total wire length on LAYER M1 = 54686 um.
Total wire length on LAYER M2 = 214185 um.
Total wire length on LAYER M3 = 149474 um.
Total wire length on LAYER M4 = 50402 um.
Total wire length on LAYER M5 = 19223 um.
Total wire length on LAYER M6 = 2421 um.
Total wire length on LAYER M7 = 2238 um.
Total wire length on LAYER M8 = 1706 um.
Total wire length on LAYER M9 = 1698 um.
Total wire length on LAYER M10 = 0 um.
Total wire length on LAYER M11 = 0 um.
Total wire length on LAYER M12 = 0 um.
Total wire length on LAYER M13 = 0 um.
Total wire length on LAYER RDL = 0 um.
Total number of vias = 1399464.
Up-via summary (total 1399464):

-----------------
 SDCON          0
    M0          0
    M1     901679
    M2     449729
    M3      32646
    M4       9073
    M5       2588
    M6       1641
    M7       1289
    M8        819
    M9          0
   M10          0
   M11          0
   M12          0
   M13          0
-----------------
      1399464


[INFO DRT-0195] Start 7th optimization iteration.
    Completing 10% with 4881 violations.
    elapsed time = 00:00:00, memory = 37471.68 (MB).
    Completing 20% with 4881 violations.
    elapsed time = 00:00:00, memory = 37471.68 (MB).
    Completing 30% with 4767 violations.
    elapsed time = 00:00:56, memory = 37471.68 (MB).
    Completing 40% with 4767 violations.
    elapsed time = 00:00:56, memory = 37471.68 (MB).
    Completing 50% with 4767 violations.
    elapsed time = 00:01:38, memory = 37471.68 (MB).
    Completing 60% with 4637 violations.
    elapsed time = 00:01:39, memory = 37471.68 (MB).
    Completing 70% with 4637 violations.
    elapsed time = 00:01:39, memory = 37471.68 (MB).
    Completing 80% with 4625 violations.
    elapsed time = 00:02:56, memory = 37471.68 (MB).
    Completing 90% with 4625 violations.
    elapsed time = 00:02:56, memory = 37471.68 (MB).
    Completing 100% with 4323 violations.
    elapsed time = 00:03:51, memory = 37471.68 (MB).
[INFO DRT-0199]   Number of violations = 4323.
Viol/Layer          M1     V1     M2     V2     M3     V3     M4     V4     M5     M6     V6     M7     M8     M9
Corner Spacing      65      0    396      0     28      0     70      0     38     24      0     38     14      6
Cut Spacing          0      2      0      1      0      0      0      1      0      0      0      0      0      0
Metal Spacing       81      0    214      0     42      0     16      0      4      2      0      1      1      1
NS Metal             1      0      0      0      0      0      0      0      0      0      0      0      0      0
Rect Only           29      0      0      0      0      0      0      0      0      0      0      0      0      0
Short               49      7    452     37    340      2     71      1     25      8      1      2      3      0
eolKeepOut         245      0   1077      0    709      0    139      0     50     17      0      5      7      1
[INFO DRT-0267] cpu time = 00:11:46, elapsed time = 00:03:52, memory = 37471.68 (MB), peak = 58424.66 (MB)
Total wire length = 496031 um.
Total wire length on LAYER M0 = 0 um.
Total wire length on LAYER M1 = 54670 um.
Total wire length on LAYER M2 = 214165 um.
Total wire length on LAYER M3 = 149468 um.
Total wire length on LAYER M4 = 50410 um.
Total wire length on LAYER M5 = 19223 um.
Total wire length on LAYER M6 = 2427 um.
Total wire length on LAYER M7 = 2242 um.
Total wire length on LAYER M8 = 1706 um.
Total wire length on LAYER M9 = 1716 um.
Total wire length on LAYER M10 = 0 um.
Total wire length on LAYER M11 = 0 um.
Total wire length on LAYER M12 = 0 um.
Total wire length on LAYER M13 = 0 um.
Total wire length on LAYER RDL = 0 um.
Total number of vias = 1399569.
Up-via summary (total 1399569):

-----------------
 SDCON          0
    M0          0
    M1     901503
    M2     449787
    M3      32754
    M4       9142
    M5       2601
    M6       1650
    M7       1284
    M8        848
    M9          0
   M10          0
   M11          0
   M12          0
   M13          0
-----------------
      1399569


[INFO DRT-0195] Start 8th optimization iteration.
    Completing 10% with 4323 violations.
    elapsed time = 00:00:00, memory = 37471.68 (MB).
    Completing 20% with 4323 violations.
    elapsed time = 00:00:00, memory = 37471.68 (MB).
    Completing 30% with 4185 violations.
    elapsed time = 00:00:54, memory = 37471.68 (MB).
    Completing 40% with 4185 violations.
    elapsed time = 00:00:54, memory = 37471.68 (MB).
    Completing 50% with 4185 violations.
    elapsed time = 00:02:14, memory = 37471.68 (MB).
    Completing 60% with 4089 violations.
    elapsed time = 00:02:15, memory = 37471.68 (MB).
    Completing 70% with 4089 violations.
    elapsed time = 00:02:15, memory = 37471.68 (MB).
    Completing 80% with 4083 violations.
    elapsed time = 00:02:56, memory = 37471.68 (MB).
    Completing 90% with 4083 violations.
    elapsed time = 00:02:56, memory = 37471.68 (MB).
    Completing 100% with 4042 violations.
    elapsed time = 00:05:16, memory = 37471.68 (MB).
[INFO DRT-0199]   Number of violations = 4042.
Viol/Layer          M1     V1     M2     V2     M3     V3     M4     M5     M6     V6     M7     V7     M8     M9
Corner Spacing      40      0    417      0     28      0     65     44     21      0     34      0     22      5
Cut Spacing          0      2      0      1      0      0      0      0      0      0      0      0      0      0
Metal Spacing       38      0    202      0     43      0     21      6      6      0      5      0      1      0
Rect Only            8      0      0      0      0      0      0      0      0      0      0      0      0      0
Short               19      1    440     39    318      1     64     20      5      3      6      1      4      1
eolKeepOut         187      0   1043      0    666      0    132     44     16      0     13      0      8      2
[INFO DRT-0267] cpu time = 00:12:20, elapsed time = 00:05:17, memory = 37471.68 (MB), peak = 58424.66 (MB)
Total wire length = 496019 um.
Total wire length on LAYER M0 = 0 um.
Total wire length on LAYER M1 = 54660 um.
Total wire length on LAYER M2 = 214154 um.
Total wire length on LAYER M3 = 149448 um.
Total wire length on LAYER M4 = 50424 um.
Total wire length on LAYER M5 = 19221 um.
Total wire length on LAYER M6 = 2427 um.
Total wire length on LAYER M7 = 2249 um.
Total wire length on LAYER M8 = 1709 um.
Total wire length on LAYER M9 = 1722 um.
Total wire length on LAYER M10 = 0 um.
Total wire length on LAYER M11 = 0 um.
Total wire length on LAYER M12 = 0 um.
Total wire length on LAYER M13 = 0 um.
Total wire length on LAYER RDL = 0 um.
Total number of vias = 1399465.
Up-via summary (total 1399465):

-----------------
 SDCON          0
    M0          0
    M1     901448
    M2     449769
    M3      32765
    M4       9139
    M5       2583
    M6       1647
    M7       1277
    M8        837
    M9          0
   M10          0
   M11          0
   M12          0
   M13          0
-----------------
      1399465


[INFO DRT-0195] Start 9th optimization iteration.
    Completing 10% with 4042 violations.
    elapsed time = 00:00:00, memory = 37471.68 (MB).
    Completing 20% with 4042 violations.
    elapsed time = 00:00:00, memory = 37471.68 (MB).
    Completing 30% with 3828 violations.
    elapsed time = 00:02:04, memory = 37471.68 (MB).
    Completing 40% with 3828 violations.
    elapsed time = 00:02:04, memory = 37471.68 (MB).
    Completing 50% with 3828 violations.
    elapsed time = 00:04:36, memory = 37471.68 (MB).
    Completing 60% with 3173 violations.
    elapsed time = 00:04:37, memory = 37471.68 (MB).
    Completing 70% with 3173 violations.
    elapsed time = 00:04:37, memory = 37471.68 (MB).
    Completing 80% with 3156 violations.
    elapsed time = 00:04:55, memory = 37471.68 (MB).
    Completing 90% with 3156 violations.
    elapsed time = 00:04:55, memory = 37471.68 (MB).
    Completing 100% with 3122 violations.
    elapsed time = 00:05:37, memory = 37471.68 (MB).
[INFO DRT-0199]   Number of violations = 3122.
Viol/Layer          M1     V1     M2     V2     M3     V3     M4     V4     M5     M6     M7     M8     M9
Corner Spacing      38      0    298      0     24      0     63      0     38     11     37     28      3
Cut Spacing          0      0      0      1      0      0      0      0      0      0      0      0      0
Metal Spacing       33      0    175      0     27      0     12      0      3      2      0      3      1
Rect Only            8      0      0      0      0      0      8      0      0      0      0      0      0
Short               20      1    329     28    224      2     50      5     24      1      0      2      0
eolKeepOut         183      0    800      0    471      0    109      0     47      5      0      7      1
[INFO DRT-0267] cpu time = 00:12:16, elapsed time = 00:05:38, memory = 37471.68 (MB), peak = 58424.66 (MB)
Total wire length = 495962 um.
Total wire length on LAYER M0 = 0 um.
Total wire length on LAYER M1 = 54626 um.
Total wire length on LAYER M2 = 214074 um.
Total wire length on LAYER M3 = 149454 um.
Total wire length on LAYER M4 = 50457 um.
Total wire length on LAYER M5 = 19224 um.
Total wire length on LAYER M6 = 2445 um.
Total wire length on LAYER M7 = 2242 um.
Total wire length on LAYER M8 = 1704 um.
Total wire length on LAYER M9 = 1734 um.
Total wire length on LAYER M10 = 0 um.
Total wire length on LAYER M11 = 0 um.
Total wire length on LAYER M12 = 0 um.
Total wire length on LAYER M13 = 0 um.
Total wire length on LAYER RDL = 0 um.
Total number of vias = 1398989.
Up-via summary (total 1398989):

-----------------
 SDCON          0
    M0          0
    M1     901134
    M2     449589
    M3      32821
    M4       9107
    M5       2581
    M6       1643
    M7       1278
    M8        836
    M9          0
   M10          0
   M11          0
   M12          0
   M13          0
-----------------
      1398989


[INFO DRT-0195] Start 10th optimization iteration.
    Completing 10% with 3122 violations.
    elapsed time = 00:00:00, memory = 37471.68 (MB).
    Completing 20% with 3122 violations.
    elapsed time = 00:00:00, memory = 37471.68 (MB).
    Completing 30% with 3120 violations.
    elapsed time = 00:00:25, memory = 37471.68 (MB).
    Completing 40% with 3120 violations.
    elapsed time = 00:00:25, memory = 37471.68 (MB).
    Completing 50% with 3120 violations.
    elapsed time = 00:00:28, memory = 45518.08 (MB).
    Completing 60% with 3098 violations.
    elapsed time = 00:02:48, memory = 37471.68 (MB).
    Completing 70% with 3098 violations.
    elapsed time = 00:02:48, memory = 37471.68 (MB).
    Completing 80% with 2986 violations.
    elapsed time = 00:04:11, memory = 37471.68 (MB).
    Completing 90% with 2986 violations.
    elapsed time = 00:04:11, memory = 37471.68 (MB).
    Completing 100% with 2511 violations.
    elapsed time = 00:09:43, memory = 37471.68 (MB).
[INFO DRT-0199]   Number of violations = 2511.
Viol/Layer          M1     M2     V2     M3     V3     M4     M5     M6     M7     V7     M8     V8     M9
Corner Spacing      35    255      0     21      0     60     30     21     41      0     25      0      1
Cut Spacing          0      0      0      0      0      0      0      0      0      1      0      0      0
Metal Spacing       37    122      0     15      0     10      1      1      4      0      2      0      2
Rect Only            4      0      0      4      0      0      0      0      0      0      0      0      0
Short               29    265     16    167      5     45      9      7      1      0      3      1      1
eolKeepOut         165    629      0    341      0     88     14     16      5      0      8      0      4
[INFO DRT-0267] cpu time = 00:19:02, elapsed time = 00:09:43, memory = 37471.68 (MB), peak = 58424.66 (MB)
Total wire length = 495982 um.
Total wire length on LAYER M0 = 0 um.
Total wire length on LAYER M1 = 54579 um.
Total wire length on LAYER M2 = 214044 um.
Total wire length on LAYER M3 = 149467 um.
Total wire length on LAYER M4 = 50473 um.
Total wire length on LAYER M5 = 19238 um.
Total wire length on LAYER M6 = 2459 um.
Total wire length on LAYER M7 = 2235 um.
Total wire length on LAYER M8 = 1713 um.
Total wire length on LAYER M9 = 1769 um.
Total wire length on LAYER M10 = 0 um.
Total wire length on LAYER M11 = 0 um.
Total wire length on LAYER M12 = 0 um.
Total wire length on LAYER M13 = 0 um.
Total wire length on LAYER RDL = 0 um.
Total number of vias = 1398959.
Up-via summary (total 1398959):

-----------------
 SDCON          0
    M0          0
    M1     900920
    M2     449501
    M3      32882
    M4       9186
    M5       2611
    M6       1675
    M7       1315
    M8        869
    M9          0
   M10          0
   M11          0
   M12          0
   M13          0
-----------------
      1398959


[INFO DRT-0195] Start 11th optimization iteration.
    Completing 10% with 2511 violations.
    elapsed time = 00:00:00, memory = 37471.68 (MB).
    Completing 20% with 2511 violations.
    elapsed time = 00:00:00, memory = 37471.68 (MB).
    Completing 30% with 2501 violations.
    elapsed time = 00:00:26, memory = 37471.68 (MB).
    Completing 40% with 2501 violations.
    elapsed time = 00:00:26, memory = 37471.68 (MB).
    Completing 50% with 2501 violations.
    elapsed time = 00:00:31, memory = 45013.98 (MB).
    Completing 60% with 2495 violations.
    elapsed time = 00:00:52, memory = 37471.68 (MB).
    Completing 70% with 2495 violations.
    elapsed time = 00:00:52, memory = 37471.68 (MB).
    Completing 80% with 2492 violations.
    elapsed time = 00:07:38, memory = 37471.68 (MB).
    Completing 90% with 2492 violations.
    elapsed time = 00:07:38, memory = 37471.68 (MB).
    Completing 100% with 2475 violations.
    elapsed time = 00:09:54, memory = 37471.68 (MB).
[INFO DRT-0199]   Number of violations = 2475.
Viol/Layer          M1     V1     M2     V2     M3     V3     M4     M5     M6     M7     V7     M8     V8     M9
Corner Spacing      29      0    240      0     21      0     57     30     21     35      0     24      0      1
Cut Spacing          0      1      0      0      0      0      0      0      0      0      1      0      0      0
Metal Spacing       37      0    129      0     15      0     11      2      1      4      0      2      0      2
Rect Only            4      0      0      0      4      0      0      0      0      0      0      0      0      0
Short               30      0    256     14    171      5     46      8      7      1      0      3      1      1
eolKeepOut         162      0    617      0    346      0     89     13     17      5      0      8      0      4
[INFO DRT-0267] cpu time = 00:17:30, elapsed time = 00:09:55, memory = 37471.68 (MB), peak = 58424.66 (MB)
Total wire length = 495907 um.
Total wire length on LAYER M0 = 0 um.
Total wire length on LAYER M1 = 54519 um.
Total wire length on LAYER M2 = 213982 um.
Total wire length on LAYER M3 = 149482 um.
Total wire length on LAYER M4 = 50494 um.
Total wire length on LAYER M5 = 19225 um.
Total wire length on LAYER M6 = 2490 um.
Total wire length on LAYER M7 = 2224 um.
Total wire length on LAYER M8 = 1714 um.
Total wire length on LAYER M9 = 1774 um.
Total wire length on LAYER M10 = 0 um.
Total wire length on LAYER M11 = 0 um.
Total wire length on LAYER M12 = 0 um.
Total wire length on LAYER M13 = 0 um.
Total wire length on LAYER RDL = 0 um.
Total number of vias = 1398699.
Up-via summary (total 1398699):

-----------------
 SDCON          0
    M0          0
    M1     900558
    M2     449552
    M3      32894
    M4       9198
    M5       2636
    M6       1693
    M7       1297
    M8        871
    M9          0
   M10          0
   M11          0
   M12          0
   M13          0
-----------------
      1398699


[INFO DRT-0195] Start 12th optimization iteration.
    Completing 10% with 2475 violations.
    elapsed time = 00:00:00, memory = 37471.68 (MB).
    Completing 20% with 2475 violations.
    elapsed time = 00:00:00, memory = 37471.68 (MB).
    Completing 30% with 2447 violations.
    elapsed time = 00:00:19, memory = 37471.68 (MB).
    Completing 40% with 2447 violations.
    elapsed time = 00:00:19, memory = 37471.68 (MB).
    Completing 50% with 2447 violations.
    elapsed time = 00:00:28, memory = 45000.88 (MB).
    Completing 60% with 2442 violations.
    elapsed time = 00:00:39, memory = 37471.68 (MB).
    Completing 70% with 2442 violations.
    elapsed time = 00:00:39, memory = 37471.68 (MB).
    Completing 80% with 2309 violations.
    elapsed time = 00:11:29, memory = 37471.68 (MB).
    Completing 90% with 2309 violations.
    elapsed time = 00:11:29, memory = 37471.68 (MB).
    Completing 100% with 2295 violations.
    elapsed time = 00:12:01, memory = 37471.68 (MB).
[INFO DRT-0199]   Number of violations = 2295.
Viol/Layer          M1     V1     M2     V2     M3     V3     M4     V4     M5     M6     M7     M8     M9
Corner Spacing      34      0    280      0     24      0     61      0     42     24     52     30      5
Metal Spacing       42      0    111      0     25      0     12      0      5      3      8      1      1
Rect Only           16      0      0      0      0      0      0      0      0      0      0      0      0
Short               31      1    213     12    141      2     28      2      8      1      2      0      0
eolKeepOut         167      0    514      0    292      0     67      0     20      5     11      1      1
[INFO DRT-0267] cpu time = 00:18:44, elapsed time = 00:12:02, memory = 37397.05 (MB), peak = 58424.66 (MB)
Total wire length = 495923 um.
Total wire length on LAYER M0 = 0 um.
Total wire length on LAYER M1 = 54485 um.
Total wire length on LAYER M2 = 213940 um.
Total wire length on LAYER M3 = 149526 um.
Total wire length on LAYER M4 = 50510 um.
Total wire length on LAYER M5 = 19227 um.
Total wire length on LAYER M6 = 2501 um.
Total wire length on LAYER M7 = 2221 um.
Total wire length on LAYER M8 = 1731 um.
Total wire length on LAYER M9 = 1778 um.
Total wire length on LAYER M10 = 0 um.
Total wire length on LAYER M11 = 0 um.
Total wire length on LAYER M12 = 0 um.
Total wire length on LAYER M13 = 0 um.
Total wire length on LAYER RDL = 0 um.
Total number of vias = 1398314.
Up-via summary (total 1398314):

-----------------
 SDCON          0
    M0          0
    M1     900231
    M2     449548
    M3      32857
    M4       9155
    M5       2670
    M6       1700
    M7       1302
    M8        851
    M9          0
   M10          0
   M11          0
   M12          0
   M13          0
-----------------
      1398314


[INFO DRT-0195] Start 13th optimization iteration.
    Completing 10% with 2295 violations.
    elapsed time = 00:00:00, memory = 37397.05 (MB).
    Completing 20% with 2295 violations.
    elapsed time = 00:00:00, memory = 37397.05 (MB).
    Completing 30% with 2281 violations.
    elapsed time = 00:00:20, memory = 37397.05 (MB).
    Completing 40% with 2281 violations.
    elapsed time = 00:00:20, memory = 37397.05 (MB).
    Completing 50% with 2281 violations.
    elapsed time = 00:00:24, memory = 44646.41 (MB).
    Completing 60% with 2268 violations.
    elapsed time = 00:00:49, memory = 37397.05 (MB).
    Completing 70% with 2268 violations.
    elapsed time = 00:00:49, memory = 37397.05 (MB).
    Completing 80% with 2266 violations.
    elapsed time = 00:08:34, memory = 37397.05 (MB).
    Completing 90% with 2266 violations.
    elapsed time = 00:08:34, memory = 37397.05 (MB).
    Completing 100% with 2266 violations.
    elapsed time = 00:11:31, memory = 37397.05 (MB).
[INFO DRT-0199]   Number of violations = 2266.
Viol/Layer          M1     V1     M2     V2     M3     V3     M4     V4     M5     M6     M7     M8     M9
Corner Spacing      30      0    278      0     24      0     59      0     39     24     50     31      6
Metal Spacing       37      0    108      0     26      0     12      0      4      3      6      1      1
Rect Only           16      0      0      0      0      0      0      0      0      0      0      0      0
Short               29      1    211     12    139      2     29      2      8      1      2      0      0
eolKeepOut         172      0    510      0    290      0     68      0     19      5      9      1      1
[INFO DRT-0267] cpu time = 00:19:33, elapsed time = 00:11:32, memory = 37241.33 (MB), peak = 58424.66 (MB)
Total wire length = 495931 um.
Total wire length on LAYER M0 = 0 um.
Total wire length on LAYER M1 = 54459 um.
Total wire length on LAYER M2 = 213933 um.
Total wire length on LAYER M3 = 149554 um.
Total wire length on LAYER M4 = 50510 um.
Total wire length on LAYER M5 = 19235 um.
Total wire length on LAYER M6 = 2506 um.
Total wire length on LAYER M7 = 2226 um.
Total wire length on LAYER M8 = 1731 um.
Total wire length on LAYER M9 = 1774 um.
Total wire length on LAYER M10 = 0 um.
Total wire length on LAYER M11 = 0 um.
Total wire length on LAYER M12 = 0 um.
Total wire length on LAYER M13 = 0 um.
Total wire length on LAYER RDL = 0 um.
Total number of vias = 1398259.
Up-via summary (total 1398259):

-----------------
 SDCON          0
    M0          0
    M1     900106
    M2     449574
    M3      32888
    M4       9168
    M5       2674
    M6       1704
    M7       1299
    M8        846
    M9          0
   M10          0
   M11          0
   M12          0
   M13          0
-----------------
      1398259


[INFO DRT-0195] Start 14th optimization iteration.
    Completing 10% with 2266 violations.
    elapsed time = 00:00:00, memory = 37241.33 (MB).
    Completing 20% with 2266 violations.
    elapsed time = 00:00:00, memory = 37241.33 (MB).
    Completing 30% with 2264 violations.
    elapsed time = 00:00:23, memory = 37241.33 (MB).
    Completing 40% with 2264 violations.
    elapsed time = 00:00:23, memory = 37241.33 (MB).
    Completing 50% with 2264 violations.
    elapsed time = 00:00:52, memory = 37241.33 (MB).
    Completing 60% with 2253 violations.
    elapsed time = 00:00:53, memory = 37241.33 (MB).
    Completing 70% with 2253 violations.
    elapsed time = 00:00:58, memory = 50133.54 (MB).
    Completing 80% with 2248 violations.
    elapsed time = 00:01:36, memory = 37249.34 (MB).
    Completing 90% with 2248 violations.
    elapsed time = 00:01:36, memory = 37249.34 (MB).
    Completing 100% with 2176 violations.
    elapsed time = 00:22:42, memory = 37249.34 (MB).
[INFO DRT-0199]   Number of violations = 2176.
Viol/Layer          M1     V1     M2     V2     M3     M4     M5     M6     M7     M8     M9
Corner Spacing      35      0    262      0     25     52     39     23     48     18      5
Cut Spacing          0      1      0      0      0      0      0      0      0      0      0
Metal Spacing       37      0    118      0     22      8      0      2      1      2      2
NS Metal             0      0      0      0      1      0      0      0      0      0      0
Rect Only           12      0      0      0      5      0      0      0      0      0      0
Short               22      2    225     15    121     24      9      3      0      5      0
eolKeepOut         147      0    538      0    254     59     11      8      1     12      2
[INFO DRT-0267] cpu time = 00:33:03, elapsed time = 00:22:43, memory = 37249.34 (MB), peak = 58424.66 (MB)
Total wire length = 495889 um.
Total wire length on LAYER M0 = 0 um.
Total wire length on LAYER M1 = 54448 um.
Total wire length on LAYER M2 = 213932 um.
Total wire length on LAYER M3 = 149522 um.
Total wire length on LAYER M4 = 50475 um.
Total wire length on LAYER M5 = 19225 um.
Total wire length on LAYER M6 = 2489 um.
Total wire length on LAYER M7 = 2234 um.
Total wire length on LAYER M8 = 1750 um.
Total wire length on LAYER M9 = 1811 um.
Total wire length on LAYER M10 = 0 um.
Total wire length on LAYER M11 = 0 um.
Total wire length on LAYER M12 = 0 um.
Total wire length on LAYER M13 = 0 um.
Total wire length on LAYER RDL = 0 um.
Total number of vias = 1398274.
Up-via summary (total 1398274):

-----------------
 SDCON          0
    M0          0
    M1     900002
    M2     449683
    M3      32833
    M4       9183
    M5       2670
    M6       1720
    M7       1289
    M8        894
    M9          0
   M10          0
   M11          0
   M12          0
   M13          0
-----------------
      1398274


[INFO DRT-0195] Start 15th optimization iteration.
    Completing 10% with 2176 violations.
    elapsed time = 00:00:00, memory = 37249.34 (MB).
    Completing 20% with 2176 violations.
    elapsed time = 00:00:00, memory = 37249.34 (MB).
    Completing 30% with 2169 violations.
    elapsed time = 00:00:37, memory = 37249.34 (MB).
    Completing 40% with 2169 violations.
    elapsed time = 00:00:37, memory = 37249.34 (MB).
    Completing 50% with 2169 violations.
    elapsed time = 00:01:05, memory = 37249.34 (MB).
    Completing 60% with 2157 violations.
    elapsed time = 00:01:06, memory = 37249.34 (MB).
    Completing 70% with 2157 violations.
    elapsed time = 00:01:06, memory = 37249.34 (MB).
    Completing 80% with 2148 violations.
    elapsed time = 00:01:54, memory = 37249.34 (MB).
    Completing 90% with 2148 violations.
    elapsed time = 00:01:54, memory = 37249.34 (MB).
    Completing 100% with 2130 violations.
    elapsed time = 00:20:04, memory = 37249.34 (MB).
[INFO DRT-0199]   Number of violations = 2130.
Viol/Layer          M1     V1     M2     V2     M3     M4     M5     M6     M7     M8     M9
Corner Spacing      23      0    270      0     30     63     49     29     61     42      9
Metal Spacing       16      0    105      0     17     10      2      3      2      2      0
Rect Only            8      0      0      0      0      0      0      0      0      0      0
Short                9      1    214     16    125     31      6      0      0      2      1
eolKeepOut         134      0    503      0    254     67     12      4      2      6      2
[INFO DRT-0267] cpu time = 00:30:57, elapsed time = 00:20:05, memory = 37249.34 (MB), peak = 58424.66 (MB)
Total wire length = 495855 um.
Total wire length on LAYER M0 = 0 um.
Total wire length on LAYER M1 = 54445 um.
Total wire length on LAYER M2 = 213920 um.
Total wire length on LAYER M3 = 149515 um.
Total wire length on LAYER M4 = 50468 um.
Total wire length on LAYER M5 = 19217 um.
Total wire length on LAYER M6 = 2485 um.
Total wire length on LAYER M7 = 2237 um.
Total wire length on LAYER M8 = 1747 um.
Total wire length on LAYER M9 = 1817 um.
Total wire length on LAYER M10 = 0 um.
Total wire length on LAYER M11 = 0 um.
Total wire length on LAYER M12 = 0 um.
Total wire length on LAYER M13 = 0 um.
Total wire length on LAYER RDL = 0 um.
Total number of vias = 1398368.
Up-via summary (total 1398368):

-----------------
 SDCON          0
    M0          0
    M1     899962
    M2     449715
    M3      32856
    M4       9196
    M5       2697
    M6       1716
    M7       1328
    M8        898
    M9          0
   M10          0
   M11          0
   M12          0
   M13          0
-----------------
      1398368


[INFO DRT-0195] Start 16th optimization iteration.
    Completing 10% with 2130 violations.
    elapsed time = 00:00:00, memory = 37249.34 (MB).
    Completing 20% with 2130 violations.
    elapsed time = 00:00:04, memory = 47582.20 (MB).
    Completing 30% with 2129 violations.
    elapsed time = 00:00:51, memory = 37249.34 (MB).
    Completing 40% with 2129 violations.
    elapsed time = 00:00:51, memory = 37249.34 (MB).
    Completing 50% with 2129 violations.
    elapsed time = 00:01:41, memory = 37249.34 (MB).
    Completing 60% with 2129 violations.
    elapsed time = 00:01:42, memory = 37249.34 (MB).
    Completing 70% with 2129 violations.
    elapsed time = 00:01:42, memory = 37249.34 (MB).
    Completing 80% with 2129 violations.
    elapsed time = 00:26:08, memory = 37249.34 (MB).
    Completing 90% with 2129 violations.
    elapsed time = 00:26:08, memory = 37249.34 (MB).
    Completing 100% with 2127 violations.
    elapsed time = 00:27:14, memory = 37249.34 (MB).
[INFO DRT-0199]   Number of violations = 2127.
Viol/Layer          M1     V1     M2     V2     M3     M4     M5     M6     M7     M8     M9
Corner Spacing      23      0    271      0     30     63     49     29     61     42      9
Metal Spacing       17      0    102      0     17     10      2      3      2      2      0
Rect Only            8      0      0      0      0      0      0      0      0      0      0
Short                9      1    214     16    125     31      6      0      0      2      1
eolKeepOut         132      0    503      0    254     67     12      4      2      6      2
[INFO DRT-0267] cpu time = 00:39:07, elapsed time = 00:27:14, memory = 37249.34 (MB), peak = 58424.66 (MB)
Total wire length = 495857 um.
Total wire length on LAYER M0 = 0 um.
Total wire length on LAYER M1 = 54441 um.
Total wire length on LAYER M2 = 213915 um.
Total wire length on LAYER M3 = 149516 um.
Total wire length on LAYER M4 = 50471 um.
Total wire length on LAYER M5 = 19226 um.
Total wire length on LAYER M6 = 2484 um.
Total wire length on LAYER M7 = 2237 um.
Total wire length on LAYER M8 = 1747 um.
Total wire length on LAYER M9 = 1817 um.
Total wire length on LAYER M10 = 0 um.
Total wire length on LAYER M11 = 0 um.
Total wire length on LAYER M12 = 0 um.
Total wire length on LAYER M13 = 0 um.
Total wire length on LAYER RDL = 0 um.
Total number of vias = 1398345.
Up-via summary (total 1398345):

-----------------
 SDCON          0
    M0          0
    M1     899945
    M2     449712
    M3      32858
    M4       9195
    M5       2695
    M6       1714
    M7       1328
    M8        898
    M9          0
   M10          0
   M11          0
   M12          0
   M13          0
-----------------
      1398345


[INFO DRT-0195] Start 17th optimization iteration.
    Completing 10% with 2127 violations.
    elapsed time = 00:00:00, memory = 37249.34 (MB).
    Completing 20% with 2127 violations.
    elapsed time = 00:00:00, memory = 37249.34 (MB).
    Completing 30% with 2355 violations.
    elapsed time = 00:00:34, memory = 37249.34 (MB).
    Completing 40% with 2355 violations.
    elapsed time = 00:00:34, memory = 37249.34 (MB).
    Completing 50% with 2355 violations.
    elapsed time = 00:01:23, memory = 37249.34 (MB).
    Completing 60% with 3060 violations.
    elapsed time = 00:01:24, memory = 37249.34 (MB).
    Completing 70% with 3060 violations.
    elapsed time = 00:01:24, memory = 37249.34 (MB).
    Completing 80% with 4082 violations.
    elapsed time = 00:02:32, memory = 37249.34 (MB).
    Completing 90% with 4082 violations.
    elapsed time = 00:02:32, memory = 37249.34 (MB).
    Completing 100% with 4879 violations.
    elapsed time = 00:03:35, memory = 37249.34 (MB).
[INFO DRT-0199]   Number of violations = 4879.
Viol/Layer          M1     M2     V2     M3     V3     M4     V4     M5     M6     V6     M7     M8     M9
Corner Spacing      31    502      0     49      0     70      0     49     33      0     49     21      1
Cut Spacing          0      0      4      0      1      0      0      0      0      0      0      0      0
Metal Spacing        7    217      0     39      0     36      0      4      1      0      5      7      1
Rect Only            8      0      0      4      0      0      0      0      0      0      0      0      0
Short                7    540     48    400      3     77      3     37     11      1      7      1      1
eolKeepOut         238   1257      0    813      0    169      0     72     24      0     19      9      3
[INFO DRT-0267] cpu time = 00:16:49, elapsed time = 00:03:36, memory = 37041.04 (MB), peak = 58424.66 (MB)
Total wire length = 495699 um.
Total wire length on LAYER M0 = 0 um.
Total wire length on LAYER M1 = 53997 um.
Total wire length on LAYER M2 = 213723 um.
Total wire length on LAYER M3 = 149992 um.
Total wire length on LAYER M4 = 50531 um.
Total wire length on LAYER M5 = 19239 um.
Total wire length on LAYER M6 = 2480 um.
Total wire length on LAYER M7 = 2206 um.
Total wire length on LAYER M8 = 1730 um.
Total wire length on LAYER M9 = 1797 um.
Total wire length on LAYER M10 = 0 um.
Total wire length on LAYER M11 = 0 um.
Total wire length on LAYER M12 = 0 um.
Total wire length on LAYER M13 = 0 um.
Total wire length on LAYER RDL = 0 um.
Total number of vias = 1398498.
Up-via summary (total 1398498):

-----------------
 SDCON          0
    M0          0
    M1     897641
    M2     452128
    M3      32929
    M4       9176
    M5       2623
    M6       1717
    M7       1344
    M8        940
    M9          0
   M10          0
   M11          0
   M12          0
   M13          0
-----------------
      1398498


[INFO DRT-0195] Start 18th optimization iteration.
    Completing 10% with 4879 violations.
    elapsed time = 00:00:00, memory = 37041.04 (MB).
    Completing 20% with 4879 violations.
    elapsed time = 00:00:00, memory = 37041.04 (MB).
    Completing 30% with 4215 violations.
    elapsed time = 00:04:14, memory = 37041.04 (MB).
    Completing 40% with 4215 violations.
    elapsed time = 00:04:14, memory = 37041.04 (MB).
    Completing 50% with 4215 violations.
    elapsed time = 00:04:33, memory = 44655.31 (MB).
    Completing 60% with 2383 violations.
    elapsed time = 00:22:17, memory = 37041.04 (MB).
    Completing 70% with 2383 violations.
    elapsed time = 00:22:17, memory = 37041.04 (MB).
    Completing 80% with 2090 violations.
    elapsed time = 00:23:52, memory = 37041.04 (MB).
    Completing 90% with 2090 violations.
    elapsed time = 00:23:58, memory = 57835.71 (MB).
    Completing 100% with 1932 violations.
    elapsed time = 00:29:57, memory = 37041.04 (MB).
[INFO DRT-0199]   Number of violations = 1932.
Viol/Layer          M1     V1     M2     V2     M3     V3     M4     V4     M5     M6     M7     M8     M9
Corner Spacing      38      0    394      0     34      0     69      0     51     34     53     29      6
Cut Spacing          0      3      0      0      0      0      0      0      0      0      0      0      0
Metal Spacing       73      0     54      0     14      0      4      0      0      1      4      2      0
Rect Only           12      0      0      0      0      0      0      0      0      0      0      0      0
Short               62      4    133      7     70      1     13      1      5      0      3      3      1
eolKeepOut         248      0    297      0    149      0     32      0      8      1      9      8      2
[INFO DRT-0267] cpu time = 00:44:32, elapsed time = 00:29:58, memory = 37041.04 (MB), peak = 59044.21 (MB)
Total wire length = 495652 um.
Total wire length on LAYER M0 = 0 um.
Total wire length on LAYER M1 = 53938 um.
Total wire length on LAYER M2 = 213593 um.
Total wire length on LAYER M3 = 149921 um.
Total wire length on LAYER M4 = 50560 um.
Total wire length on LAYER M5 = 19288 um.
Total wire length on LAYER M6 = 2483 um.
Total wire length on LAYER M7 = 2205 um.
Total wire length on LAYER M8 = 1787 um.
Total wire length on LAYER M9 = 1873 um.
Total wire length on LAYER M10 = 0 um.
Total wire length on LAYER M11 = 0 um.
Total wire length on LAYER M12 = 0 um.
Total wire length on LAYER M13 = 0 um.
Total wire length on LAYER RDL = 0 um.
Total number of vias = 1397070.
Up-via summary (total 1397070):

-----------------
 SDCON          0
    M0          0
    M1     896942
    M2     451391
    M3      32908
    M4       9106
    M5       2654
    M6       1748
    M7       1378
    M8        943
    M9          0
   M10          0
   M11          0
   M12          0
   M13          0
-----------------
      1397070


[INFO DRT-0195] Start 19th optimization iteration.
    Completing 10% with 1932 violations.
    elapsed time = 00:00:00, memory = 37041.04 (MB).
    Completing 20% with 1932 violations.
    elapsed time = 00:00:00, memory = 37041.04 (MB).
    Completing 30% with 1856 violations.
    elapsed time = 00:01:36, memory = 37041.04 (MB).
    Completing 40% with 1856 violations.
    elapsed time = 00:01:36, memory = 37041.04 (MB).
    Completing 50% with 1856 violations.
    elapsed time = 00:01:50, memory = 44631.64 (MB).
    Completing 60% with 1731 violations.
    elapsed time = 00:13:21, memory = 37041.04 (MB).
    Completing 70% with 1731 violations.
    elapsed time = 00:13:21, memory = 37041.04 (MB).
    Completing 80% with 1729 violations.
    elapsed time = 00:15:35, memory = 37041.04 (MB).
    Completing 90% with 1729 violations.
    elapsed time = 00:15:43, memory = 57944.54 (MB).
    Completing 100% with 1659 violations.
    elapsed time = 00:20:31, memory = 37041.04 (MB).
[INFO DRT-0199]   Number of violations = 1659.
Viol/Layer          M1     V1     M2     V2     M3     V3     M4     V4     M5     M6     M7     M8     V8     M9
Corner Spacing      44      0    310      0     22      0     61      0     47     36     48     32      0      3
Cut Spacing          0      2      0      0      0      0      0      0      0      0      0      0      0      0
Metal Spacing       91      0     67      0      4      0      4      0      0      1      1      2      0      0
Rect Only           16      0      0      0      0      0      0      0      0      0      0      0      0      0
Short               42      2    100      7     63      2     12      1      4      0      1      2      1      1
eolKeepOut         219      0    246      0    119      0     28      0      6      1      3      6      0      2
[INFO DRT-0267] cpu time = 00:33:24, elapsed time = 00:20:31, memory = 37041.04 (MB), peak = 60346.09 (MB)
Total wire length = 495586 um.
Total wire length on LAYER M0 = 0 um.
Total wire length on LAYER M1 = 53931 um.
Total wire length on LAYER M2 = 213588 um.
Total wire length on LAYER M3 = 149942 um.
Total wire length on LAYER M4 = 50519 um.
Total wire length on LAYER M5 = 19253 um.
Total wire length on LAYER M6 = 2487 um.
Total wire length on LAYER M7 = 2218 um.
Total wire length on LAYER M8 = 1772 um.
Total wire length on LAYER M9 = 1872 um.
Total wire length on LAYER M10 = 0 um.
Total wire length on LAYER M11 = 0 um.
Total wire length on LAYER M12 = 0 um.
Total wire length on LAYER M13 = 0 um.
Total wire length on LAYER RDL = 0 um.
Total number of vias = 1396799.
Up-via summary (total 1396799):

-----------------
 SDCON          0
    M0          0
    M1     896879
    M2     451289
    M3      32878
    M4       9071
    M5       2637
    M6       1735
    M7       1378
    M8        932
    M9          0
   M10          0
   M11          0
   M12          0
   M13          0
-----------------
      1396799


[INFO DRT-0195] Start 20th optimization iteration.
    Completing 10% with 1659 violations.
    elapsed time = 00:00:00, memory = 37041.04 (MB).
    Completing 20% with 1659 violations.
    elapsed time = 00:00:00, memory = 37041.04 (MB).
    Completing 30% with 1647 violations.
    elapsed time = 00:01:33, memory = 37041.04 (MB).
    Completing 40% with 1647 violations.
    elapsed time = 00:01:33, memory = 37041.04 (MB).
    Completing 50% with 1647 violations.
    elapsed time = 00:05:45, memory = 37041.04 (MB).
    Completing 60% with 1640 violations.
    elapsed time = 00:05:47, memory = 37041.04 (MB).
    Completing 70% with 1640 violations.
    elapsed time = 00:05:56, memory = 47290.95 (MB).
    Completing 80% with 1636 violations.
    elapsed time = 00:08:23, memory = 37041.04 (MB).
    Completing 90% with 1636 violations.
    elapsed time = 00:08:23, memory = 37041.04 (MB).
    Completing 100% with 1591 violations.
    elapsed time = 00:24:06, memory = 37041.04 (MB).
[INFO DRT-0199]   Number of violations = 1591.
Viol/Layer          M1     V1     M2     V2     M3     M4     M5     M6     M7     M8     M9
Corner Spacing      27      0    324      0     21     70     44     39     57     36     10
Cut Spacing          0      0      0      1      0      0      0      0      0      0      0
Metal Spacing        8      0     70      0      7      5      1      2      1      1      0
Rect Only           24      0      0      0      0      0      0      0      0      0      0
Short                2      3    112      5     72     10      5      2      0      2      0
eolKeepOut         163      0    287      0    140     22      6      6      1      5      0
[INFO DRT-0267] cpu time = 00:36:22, elapsed time = 00:24:07, memory = 37041.04 (MB), peak = 60346.09 (MB)
Total wire length = 495579 um.
Total wire length on LAYER M0 = 0 um.
Total wire length on LAYER M1 = 53843 um.
Total wire length on LAYER M2 = 213554 um.
Total wire length on LAYER M3 = 150013 um.
Total wire length on LAYER M4 = 50523 um.
Total wire length on LAYER M5 = 19257 um.
Total wire length on LAYER M6 = 2478 um.
Total wire length on LAYER M7 = 2226 um.
Total wire length on LAYER M8 = 1796 um.
Total wire length on LAYER M9 = 1884 um.
Total wire length on LAYER M10 = 0 um.
Total wire length on LAYER M11 = 0 um.
Total wire length on LAYER M12 = 0 um.
Total wire length on LAYER M13 = 0 um.
Total wire length on LAYER RDL = 0 um.
Total number of vias = 1396245.
Up-via summary (total 1396245):

-----------------
 SDCON          0
    M0          0
    M1     896216
    M2     451340
    M3      32788
    M4       9141
    M5       2668
    M6       1745
    M7       1383
    M8        964
    M9          0
   M10          0
   M11          0
   M12          0
   M13          0
-----------------
      1396245


[INFO DRT-0195] Start 21st optimization iteration.
    Completing 10% with 1591 violations.
    elapsed time = 00:00:00, memory = 37041.04 (MB).
    Completing 20% with 1591 violations.
    elapsed time = 00:00:00, memory = 37041.04 (MB).
    Completing 30% with 1568 violations.
    elapsed time = 00:02:08, memory = 37041.04 (MB).
    Completing 40% with 1568 violations.
    elapsed time = 00:02:08, memory = 37041.04 (MB).
    Completing 50% with 1568 violations.
    elapsed time = 00:05:06, memory = 37041.04 (MB).
    Completing 60% with 1513 violations.
    elapsed time = 00:05:07, memory = 37041.04 (MB).
    Completing 70% with 1513 violations.
    elapsed time = 00:05:14, memory = 48503.91 (MB).
    Completing 80% with 1510 violations.
    elapsed time = 00:06:03, memory = 37041.04 (MB).
    Completing 90% with 1510 violations.
    elapsed time = 00:06:03, memory = 37041.04 (MB).
    Completing 100% with 1447 violations.
    elapsed time = 00:23:00, memory = 37041.04 (MB).
[INFO DRT-0199]   Number of violations = 1447.
Viol/Layer          M1     V1     M2     V2     M3     V3     M4     V4     M5     M6     V6     M7     M8     M9
Corner Spacing      19      0    309      0     16      0     53      0     49     26      0     32     22      7
Metal Spacing        6      0     58      0      4      0      2      0      1      2      0      3      0      1
Rect Only           20      0      0      0      0      0      0      0      0      0      0      0      0      0
Short                4      2    116      7     60      2     16      2      4      4      1      1      2      0
eolKeepOut         146      0    284      0    109      0     28      0     10     10      0      4      4      1
[INFO DRT-0267] cpu time = 00:34:43, elapsed time = 00:23:01, memory = 37041.04 (MB), peak = 60346.09 (MB)
Total wire length = 495580 um.
Total wire length on LAYER M0 = 0 um.
Total wire length on LAYER M1 = 53840 um.
Total wire length on LAYER M2 = 213552 um.
Total wire length on LAYER M3 = 150035 um.
Total wire length on LAYER M4 = 50544 um.
Total wire length on LAYER M5 = 19249 um.
Total wire length on LAYER M6 = 2497 um.
Total wire length on LAYER M7 = 2231 um.
Total wire length on LAYER M8 = 1758 um.
Total wire length on LAYER M9 = 1871 um.
Total wire length on LAYER M10 = 0 um.
Total wire length on LAYER M11 = 0 um.
Total wire length on LAYER M12 = 0 um.
Total wire length on LAYER M13 = 0 um.
Total wire length on LAYER RDL = 0 um.
Total number of vias = 1396091.
Up-via summary (total 1396091):

-----------------
 SDCON          0
    M0          0
    M1     896184
    M2     451326
    M3      32819
    M4       9075
    M5       2652
    M6       1738
    M7       1344
    M8        953
    M9          0
   M10          0
   M11          0
   M12          0
   M13          0
-----------------
      1396091


[INFO DRT-0195] Start 22nd optimization iteration.
    Completing 10% with 1447 violations.
    elapsed time = 00:00:00, memory = 37041.04 (MB).
    Completing 20% with 1447 violations.
    elapsed time = 00:00:00, memory = 37041.04 (MB).
    Completing 30% with 1426 violations.
    elapsed time = 00:01:33, memory = 37041.04 (MB).
    Completing 40% with 1426 violations.
    elapsed time = 00:01:33, memory = 37041.04 (MB).
    Completing 50% with 1426 violations.
    elapsed time = 00:03:13, memory = 37056.00 (MB).
    Completing 60% with 1336 violations.
    elapsed time = 00:03:14, memory = 37056.00 (MB).
    Completing 70% with 1336 violations.
    elapsed time = 00:03:19, memory = 48039.66 (MB).
    Completing 80% with 1318 violations.
    elapsed time = 00:03:56, memory = 37056.00 (MB).
    Completing 90% with 1318 violations.
    elapsed time = 00:03:56, memory = 37056.00 (MB).
    Completing 100% with 1207 violations.
    elapsed time = 00:20:09, memory = 37056.00 (MB).
[INFO DRT-0199]   Number of violations = 1207.
Viol/Layer          M1     M2     V2     M3     V3     M4     M5     M6     M7     M8     M9
Corner Spacing      19    230      0     14      0     45     41     33     35     22      4
Metal Spacing        5     48      0      5      0      5      1      2      0      0      1
Rect Only           12      0      0      0      0      0      0      0      0      0      0
Short                7    100      9     55      3     10      0      1      0      0      0
eolKeepOut         136    244      0     94      0     20      2      3      0      0      1
[INFO DRT-0267] cpu time = 00:31:40, elapsed time = 00:20:09, memory = 37056.00 (MB), peak = 60346.09 (MB)
Total wire length = 495599 um.
Total wire length on LAYER M0 = 0 um.
Total wire length on LAYER M1 = 53826 um.
Total wire length on LAYER M2 = 213529 um.
Total wire length on LAYER M3 = 150037 um.
Total wire length on LAYER M4 = 50540 um.
Total wire length on LAYER M5 = 19247 um.
Total wire length on LAYER M6 = 2507 um.
Total wire length on LAYER M7 = 2249 um.
Total wire length on LAYER M8 = 1781 um.
Total wire length on LAYER M9 = 1879 um.
Total wire length on LAYER M10 = 0 um.
Total wire length on LAYER M11 = 0 um.
Total wire length on LAYER M12 = 0 um.
Total wire length on LAYER M13 = 0 um.
Total wire length on LAYER RDL = 0 um.
Total number of vias = 1395887.
Up-via summary (total 1395887):

-----------------
 SDCON          0
    M0          0
    M1     896128
    M2     451157
    M3      32843
    M4       9041
    M5       2677
    M6       1746
    M7       1351
    M8        944
    M9          0
   M10          0
   M11          0
   M12          0
   M13          0
-----------------
      1395887


[INFO DRT-0195] Start 23rd optimization iteration.
    Completing 10% with 1207 violations.
    elapsed time = 00:00:00, memory = 37056.00 (MB).
    Completing 20% with 1207 violations.
    elapsed time = 00:00:00, memory = 37056.00 (MB).
    Completing 30% with 1207 violations.
    elapsed time = 00:02:58, memory = 37056.00 (MB).
    Completing 40% with 1207 violations.
    elapsed time = 00:02:58, memory = 37056.00 (MB).
    Completing 50% with 1207 violations.
    elapsed time = 00:04:16, memory = 37056.00 (MB).
    Completing 60% with 1206 violations.
    elapsed time = 00:04:17, memory = 37056.00 (MB).
    Completing 70% with 1206 violations.
    elapsed time = 00:04:21, memory = 47971.81 (MB).
    Completing 80% with 1206 violations.
    elapsed time = 00:05:33, memory = 37056.00 (MB).
    Completing 90% with 1206 violations.
    elapsed time = 00:05:33, memory = 37056.00 (MB).
    Completing 100% with 1205 violations.
    elapsed time = 00:18:46, memory = 37056.00 (MB).
[INFO DRT-0199]   Number of violations = 1205.
Viol/Layer          M1     M2     V2     M3     V3     M4     M5     M6     M7     M8     M9
Corner Spacing      20    230      0     14      0     45     41     33     35     22      4
Metal Spacing        4     47      0      5      0      5      1      2      0      0      1
Rect Only           12      0      0      0      0      0      0      0      0      0      0
Short                7    100      9     55      3     10      0      1      0      0      0
eolKeepOut         136    243      0     94      0     20      2      3      0      0      1
[INFO DRT-0267] cpu time = 00:29:22, elapsed time = 00:18:47, memory = 37056.00 (MB), peak = 60346.09 (MB)
Total wire length = 495599 um.
Total wire length on LAYER M0 = 0 um.
Total wire length on LAYER M1 = 53816 um.
Total wire length on LAYER M2 = 213527 um.
Total wire length on LAYER M3 = 150047 um.
Total wire length on LAYER M4 = 50542 um.
Total wire length on LAYER M5 = 19246 um.
Total wire length on LAYER M6 = 2507 um.
Total wire length on LAYER M7 = 2249 um.
Total wire length on LAYER M8 = 1781 um.
Total wire length on LAYER M9 = 1879 um.
Total wire length on LAYER M10 = 0 um.
Total wire length on LAYER M11 = 0 um.
Total wire length on LAYER M12 = 0 um.
Total wire length on LAYER M13 = 0 um.
Total wire length on LAYER RDL = 0 um.
Total number of vias = 1395810.
Up-via summary (total 1395810):

-----------------
 SDCON          0
    M0          0
    M1     896072
    M2     451137
    M3      32844
    M4       9039
    M5       2677
    M6       1746
    M7       1351
    M8        944
    M9          0
   M10          0
   M11          0
   M12          0
   M13          0
-----------------
      1395810


[INFO DRT-0195] Start 24th optimization iteration.
    Completing 10% with 1205 violations.
    elapsed time = 00:00:00, memory = 37056.00 (MB).
    Completing 20% with 1205 violations.
    elapsed time = 00:00:00, memory = 37056.00 (MB).
    Completing 30% with 1189 violations.
    elapsed time = 00:00:49, memory = 37056.00 (MB).
    Completing 40% with 1189 violations.
    elapsed time = 00:00:49, memory = 37056.00 (MB).
    Completing 50% with 1189 violations.
    elapsed time = 00:01:13, memory = 37088.24 (MB).
    Completing 60% with 1171 violations.
    elapsed time = 00:01:14, memory = 37056.00 (MB).
    Completing 70% with 1171 violations.
    elapsed time = 00:01:19, memory = 48177.09 (MB).
    Completing 80% with 1154 violations.
    elapsed time = 00:02:56, memory = 37056.00 (MB).
    Completing 90% with 1154 violations.
    elapsed time = 00:02:56, memory = 37056.00 (MB).
    Completing 100% with 1150 violations.
    elapsed time = 00:13:17, memory = 37056.00 (MB).
[INFO DRT-0199]   Number of violations = 1150.
Viol/Layer          M1     M2     V2     M3     V3     M4     M5     M6     M7     M8     M9
Corner Spacing      18    220      0     13      0     46     32     32     29     20      4
Metal Spacing        4     48      0      7      0      4      1      2      0      0      1
Rect Only           12      0      0      0      0      0      0      0      0      0      0
Short                4     98      6     49      2      9      0      1      0      0      0
eolKeepOut         130    240      0     92      0     20      2      3      0      0      1
[INFO DRT-0267] cpu time = 00:22:13, elapsed time = 00:13:18, memory = 37056.00 (MB), peak = 60346.09 (MB)
Total wire length = 495624 um.
Total wire length on LAYER M0 = 0 um.
Total wire length on LAYER M1 = 53809 um.
Total wire length on LAYER M2 = 213521 um.
Total wire length on LAYER M3 = 150049 um.
Total wire length on LAYER M4 = 50551 um.
Total wire length on LAYER M5 = 19253 um.
Total wire length on LAYER M6 = 2507 um.
Total wire length on LAYER M7 = 2249 um.
Total wire length on LAYER M8 = 1792 um.
Total wire length on LAYER M9 = 1888 um.
Total wire length on LAYER M10 = 0 um.
Total wire length on LAYER M11 = 0 um.
Total wire length on LAYER M12 = 0 um.
Total wire length on LAYER M13 = 0 um.
Total wire length on LAYER RDL = 0 um.
Total number of vias = 1395833.
Up-via summary (total 1395833):

-----------------
 SDCON          0
    M0          0
    M1     895993
    M2     451175
    M3      32848
    M4       9057
    M5       2696
    M6       1753
    M7       1361
    M8        950
    M9          0
   M10          0
   M11          0
   M12          0
   M13          0
-----------------
      1395833


[INFO DRT-0195] Start 25th optimization iteration.
    Completing 10% with 1150 violations.
    elapsed time = 00:00:00, memory = 37056.00 (MB).
    Completing 20% with 1150 violations.
    elapsed time = 00:00:00, memory = 37056.00 (MB).
    Completing 30% with 2465 violations.
    elapsed time = 00:00:33, memory = 37056.00 (MB).
    Completing 40% with 2465 violations.
    elapsed time = 00:00:33, memory = 37056.00 (MB).
    Completing 50% with 2465 violations.
    elapsed time = 00:01:06, memory = 37056.00 (MB).
    Completing 60% with 3840 violations.
    elapsed time = 00:01:07, memory = 37056.00 (MB).
    Completing 70% with 3840 violations.
    elapsed time = 00:01:07, memory = 37056.00 (MB).
    Completing 80% with 4644 violations.
    elapsed time = 00:01:32, memory = 37056.00 (MB).
    Completing 90% with 4644 violations.
    elapsed time = 00:01:32, memory = 37056.00 (MB).
    Completing 100% with 5681 violations.
    elapsed time = 00:02:03, memory = 37056.00 (MB).
[INFO DRT-0199]   Number of violations = 5681.
Viol/Layer          M1     V1     M2     V2     M3     V3     M4     V4     M5     M6     V6     M7     V7     M8     V8     M9
Corner Spacing      20      0    560      0     50      0     89      0     52     41      0     62      0     32      0      6
Cut Spacing          0      0      0      8      0      0      0      1      0      0      0      0      0      0      0      0
Metal Spacing        3      0    241      0     62      0     25      0      4      5      0      7      0      9      0      1
Rect Only            4      0      0      0      4      0      0      0      0      0      0      2      0      2      0      0
Short                9      2    604     51    460      5    130      5     51      9      1     10      1     13      1      2
eolKeepOut         246      0   1424      0    936      0    253      0     91     22      0     26      0     34      0      5
[INFO DRT-0267] cpu time = 00:13:36, elapsed time = 00:02:04, memory = 36992.12 (MB), peak = 60346.09 (MB)
Total wire length = 495695 um.
Total wire length on LAYER M0 = 0 um.
Total wire length on LAYER M1 = 53710 um.
Total wire length on LAYER M2 = 213525 um.
Total wire length on LAYER M3 = 150258 um.
Total wire length on LAYER M4 = 50621 um.
Total wire length on LAYER M5 = 19244 um.
Total wire length on LAYER M6 = 2471 um.
Total wire length on LAYER M7 = 2218 um.
Total wire length on LAYER M8 = 1770 um.
Total wire length on LAYER M9 = 1875 um.
Total wire length on LAYER M10 = 0 um.
Total wire length on LAYER M11 = 0 um.
Total wire length on LAYER M12 = 0 um.
Total wire length on LAYER M13 = 0 um.
Total wire length on LAYER RDL = 0 um.
Total number of vias = 1399205.
Up-via summary (total 1399205):

-----------------
 SDCON          0
    M0          0
    M1     896025
    M2     453370
    M3      33400
    M4       9344
    M5       2778
    M6       1820
    M7       1434
    M8       1034
    M9          0
   M10          0
   M11          0
   M12          0
   M13          0
-----------------
      1399205


[INFO DRT-0195] Start 26th optimization iteration.
    Completing 10% with 5681 violations.
    elapsed time = 00:00:00, memory = 36992.12 (MB).
    Completing 20% with 5681 violations.
    elapsed time = 00:00:00, memory = 36992.12 (MB).
    Completing 30% with 4636 violations.
    elapsed time = 00:09:09, memory = 36992.12 (MB).
    Completing 40% with 4636 violations.
    elapsed time = 00:09:09, memory = 36992.12 (MB).
    Completing 50% with 4636 violations.
    elapsed time = 00:09:26, memory = 44835.57 (MB).
    Completing 60% with 3114 violations.
    elapsed time = 00:42:42, memory = 36992.12 (MB).
    Completing 70% with 3114 violations.
    elapsed time = 00:42:42, memory = 36992.12 (MB).
    Completing 80% with 2779 violations.
    elapsed time = 00:49:17, memory = 36992.22 (MB).
    Completing 90% with 2779 violations.
    elapsed time = 00:49:23, memory = 57755.98 (MB).
    Completing 100% with 2611 violations.
    elapsed time = 01:07:25, memory = 36992.22 (MB).
[INFO DRT-0199]   Number of violations = 2611.
Viol/Layer          M1     V1     M2     V2     M3     V3     M4     M5     M6     M7     M8     M9
Corner Spacing      39      0    465      0     39      0    103     75     51     85     58     10
Cut Spacing          0      2      0      0      0      0      0      0      0      0      0      0
Metal Spacing       53      0    118      0     17      0      8      3      1      4      2      0
Rect Only           24      0      0      0      8      0      0      0      0      0      0      0
Short               39      6    181     15    135      2     34     10      2      0      1      0
eolKeepOut         232      0    452      0    241      0     66     19      7      0      4      0
[INFO DRT-0267] cpu time = 01:31:07, elapsed time = 01:07:25, memory = 36992.22 (MB), peak = 60346.09 (MB)
Total wire length = 496040 um.
Total wire length on LAYER M0 = 0 um.
Total wire length on LAYER M1 = 53627 um.
Total wire length on LAYER M2 = 213454 um.
Total wire length on LAYER M3 = 150357 um.
Total wire length on LAYER M4 = 50674 um.
Total wire length on LAYER M5 = 19284 um.
Total wire length on LAYER M6 = 2514 um.
Total wire length on LAYER M7 = 2227 um.
Total wire length on LAYER M8 = 1880 um.
Total wire length on LAYER M9 = 2018 um.
Total wire length on LAYER M10 = 0 um.
Total wire length on LAYER M11 = 0 um.
Total wire length on LAYER M12 = 0 um.
Total wire length on LAYER M13 = 0 um.
Total wire length on LAYER RDL = 0 um.
Total number of vias = 1398014.
Up-via summary (total 1398014):

-----------------
 SDCON          0
    M0          0
    M1     895079
    M2     452785
    M3      33347
    M4       9432
    M5       2839
    M6       1864
    M7       1523
    M8       1145
    M9          0
   M10          0
   M11          0
   M12          0
   M13          0
-----------------
      1398014


[INFO DRT-0195] Start 27th optimization iteration.
    Completing 10% with 2611 violations.
    elapsed time = 00:00:00, memory = 36992.22 (MB).
    Completing 20% with 2611 violations.
    elapsed time = 00:00:00, memory = 36992.22 (MB).
    Completing 30% with 2548 violations.
    elapsed time = 00:06:17, memory = 36862.16 (MB).
    Completing 40% with 2548 violations.
    elapsed time = 00:06:17, memory = 36862.16 (MB).
    Completing 50% with 2548 violations.
    elapsed time = 00:06:32, memory = 44615.51 (MB).
    Completing 60% with 2321 violations.
    elapsed time = 00:28:17, memory = 36862.16 (MB).
    Completing 70% with 2321 violations.
    elapsed time = 00:28:17, memory = 36862.16 (MB).
    Completing 80% with 2292 violations.
    elapsed time = 00:33:06, memory = 36862.16 (MB).
    Completing 90% with 2292 violations.
    elapsed time = 00:33:17, memory = 57884.50 (MB).
    Completing 100% with 2177 violations.
    elapsed time = 00:59:04, memory = 36862.16 (MB).
[INFO DRT-0199]   Number of violations = 2177.
Viol/Layer          M1     V1     M2     V2     M3     M4     V4     M5     M6     M7     M8     M9
Corner Spacing      32      0    390      0     42    107      0     67     44     83     64     11
Metal Spacing       42      0     93      0     10     11      0      1      2      0      0      0
NS Metal             1      0      0      0      0      0      0      0      0      0      0      0
Rect Only           31      0      2      0      8      0      0      0      0      0      0      0
Short               29      6    146     12     81     29      1     11      1      1      0      0
eolKeepOut         196      0    363      0    177     56      0     21      4      2      0      0
[INFO DRT-0267] cpu time = 01:21:23, elapsed time = 00:59:05, memory = 36862.16 (MB), peak = 60346.09 (MB)
Total wire length = 496014 um.
Total wire length on LAYER M0 = 0 um.
Total wire length on LAYER M1 = 53598 um.
Total wire length on LAYER M2 = 213427 um.
Total wire length on LAYER M3 = 150362 um.
Total wire length on LAYER M4 = 50665 um.
Total wire length on LAYER M5 = 19273 um.
Total wire length on LAYER M6 = 2518 um.
Total wire length on LAYER M7 = 2293 um.
Total wire length on LAYER M8 = 1880 um.
Total wire length on LAYER M9 = 1995 um.
Total wire length on LAYER M10 = 0 um.
Total wire length on LAYER M11 = 0 um.
Total wire length on LAYER M12 = 0 um.
Total wire length on LAYER M13 = 0 um.
Total wire length on LAYER RDL = 0 um.
Total number of vias = 1397633.
Up-via summary (total 1397633):

-----------------
 SDCON          0
    M0          0
    M1     894859
    M2     452687
    M3      33354
    M4       9418
    M5       2829
    M6       1888
    M7       1498
    M8       1100
    M9          0
   M10          0
   M11          0
   M12          0
   M13          0
-----------------
      1397633


[INFO DRT-0195] Start 28th optimization iteration.
    Completing 10% with 2177 violations.
    elapsed time = 00:00:00, memory = 36862.16 (MB).
    Completing 20% with 2177 violations.
    elapsed time = 00:00:00, memory = 36862.16 (MB).
    Completing 30% with 2084 violations.
    elapsed time = 00:03:57, memory = 36862.16 (MB).
    Completing 40% with 2084 violations.
    elapsed time = 00:03:57, memory = 36862.16 (MB).
    Completing 50% with 2084 violations.
    elapsed time = 00:04:13, memory = 44618.58 (MB).
    Completing 60% with 2003 violations.
    elapsed time = 00:19:49, memory = 36862.16 (MB).
    Completing 70% with 2003 violations.
    elapsed time = 00:19:49, memory = 36862.16 (MB).
    Completing 80% with 1943 violations.
    elapsed time = 00:23:12, memory = 36862.16 (MB).
    Completing 90% with 1943 violations.
    elapsed time = 00:23:18, memory = 57757.25 (MB).
    Completing 100% with 1857 violations.
    elapsed time = 00:47:41, memory = 36862.16 (MB).
[INFO DRT-0199]   Number of violations = 1857.
Viol/Layer          M1     V1     M2     V2     M3     M4     V4     M5     M6     M7     M8     M9
Corner Spacing      36      0    361      0     40     78      0     64     38     71     52     11
Cut Spacing          0      0      0      1      0      0      0      0      0      0      0      0
Metal Spacing       34      0     72      0      7      6      0      1      2      2      0      0
Rect Only           24      0      0      0      6      0      0      0      0      0      0      0
Short               36      5    109      9     72     22      1      8      1      1      2      0
eolKeepOut         213      0    270      0    129     43      0     17      5      4      4      0
[INFO DRT-0267] cpu time = 01:07:12, elapsed time = 00:47:42, memory = 36862.16 (MB), peak = 60346.09 (MB)
Total wire length = 496040 um.
Total wire length on LAYER M0 = 0 um.
Total wire length on LAYER M1 = 53599 um.
Total wire length on LAYER M2 = 213432 um.
Total wire length on LAYER M3 = 150353 um.
Total wire length on LAYER M4 = 50651 um.
Total wire length on LAYER M5 = 19297 um.
Total wire length on LAYER M6 = 2525 um.
Total wire length on LAYER M7 = 2281 um.
Total wire length on LAYER M8 = 1887 um.
Total wire length on LAYER M9 = 2012 um.
Total wire length on LAYER M10 = 0 um.
Total wire length on LAYER M11 = 0 um.
Total wire length on LAYER M12 = 0 um.
Total wire length on LAYER M13 = 0 um.
Total wire length on LAYER RDL = 0 um.
Total number of vias = 1397558.
Up-via summary (total 1397558):

-----------------
 SDCON          0
    M0          0
    M1     894871
    M2     452635
    M3      33305
    M4       9362
    M5       2864
    M6       1871
    M7       1515
    M8       1135
    M9          0
   M10          0
   M11          0
   M12          0
   M13          0
-----------------
      1397558


[INFO DRT-0195] Start 29th optimization iteration.
    Completing 10% with 1857 violations.
    elapsed time = 00:00:00, memory = 36862.16 (MB).
    Completing 20% with 1857 violations.
    elapsed time = 00:00:00, memory = 36862.16 (MB).
    Completing 30% with 1824 violations.
    elapsed time = 00:02:22, memory = 36862.16 (MB).
    Completing 40% with 1824 violations.
    elapsed time = 00:02:22, memory = 36862.16 (MB).
    Completing 50% with 1824 violations.
    elapsed time = 00:02:37, memory = 44521.05 (MB).
    Completing 60% with 1824 violations.
    elapsed time = 00:12:10, memory = 36862.16 (MB).
    Completing 70% with 1824 violations.
    elapsed time = 00:12:10, memory = 36862.16 (MB).
    Completing 80% with 1802 violations.
    elapsed time = 00:14:51, memory = 36862.16 (MB).
    Completing 90% with 1802 violations.
    elapsed time = 00:14:51, memory = 36862.16 (MB).
    Completing 100% with 1712 violations.
    elapsed time = 00:46:27, memory = 36862.16 (MB).
[INFO DRT-0199]   Number of violations = 1712.
Viol/Layer          M1     V1     M2     V2     M3     M4     V4     M5     M6     M7     M8     M9
Corner Spacing      30      0    321      0     33     80      0     60     38     66     48     11
Cut Spacing          0      0      0      0      0      0      1      0      0      0      0      0
Metal Spacing       20      0     74      0     10      1      0      0      1      1      1      0
NS Metal             0      0      0      0      1      0      0      0      0      0      0      0
Rect Only           16      0      0      0      7      0      0      0      0      0      0      0
Short               28      4    107     10     63     19      2      6      1      1      2      0
eolKeepOut         200      0    265      0    127     36      0     11      3      2      5      0
[INFO DRT-0267] cpu time = 01:09:50, elapsed time = 00:46:27, memory = 36862.16 (MB), peak = 60346.09 (MB)
Total wire length = 496105 um.
Total wire length on LAYER M0 = 0 um.
Total wire length on LAYER M1 = 53591 um.
Total wire length on LAYER M2 = 213424 um.
Total wire length on LAYER M3 = 150396 um.
Total wire length on LAYER M4 = 50674 um.
Total wire length on LAYER M5 = 19311 um.
Total wire length on LAYER M6 = 2526 um.
Total wire length on LAYER M7 = 2288 um.
Total wire length on LAYER M8 = 1900 um.
Total wire length on LAYER M9 = 1992 um.
Total wire length on LAYER M10 = 0 um.
Total wire length on LAYER M11 = 0 um.
Total wire length on LAYER M12 = 0 um.
Total wire length on LAYER M13 = 0 um.
Total wire length on LAYER RDL = 0 um.
Total number of vias = 1397227.
Up-via summary (total 1397227):

-----------------
 SDCON          0
    M0          0
    M1     894655
    M2     452591
    M3      33255
    M4       9367
    M5       2860
    M6       1878
    M7       1494
    M8       1127
    M9          0
   M10          0
   M11          0
   M12          0
   M13          0
-----------------
      1397227


[INFO DRT-0195] Start 30th optimization iteration.
    Completing 10% with 1712 violations.
    elapsed time = 00:00:00, memory = 36862.16 (MB).
    Completing 20% with 1712 violations.
    elapsed time = 00:00:00, memory = 36862.16 (MB).
    Completing 30% with 1710 violations.
    elapsed time = 00:02:39, memory = 36862.16 (MB).
    Completing 40% with 1710 violations.
    elapsed time = 00:02:39, memory = 36862.16 (MB).
    Completing 50% with 1710 violations.
    elapsed time = 00:02:53, memory = 43975.98 (MB).
    Completing 60% with 1708 violations.
    elapsed time = 00:08:33, memory = 36862.16 (MB).
    Completing 70% with 1708 violations.
    elapsed time = 00:08:33, memory = 36862.16 (MB).
    Completing 80% with 1708 violations.
    elapsed time = 00:10:13, memory = 36862.16 (MB).
    Completing 90% with 1708 violations.
    elapsed time = 00:10:13, memory = 36862.16 (MB).
    Completing 100% with 1708 violations.
    elapsed time = 00:27:48, memory = 36862.16 (MB).
[INFO DRT-0199]   Number of violations = 1708.
Viol/Layer          M1     V1     M2     V2     M3     M4     V4     M5     M6     M7     M8     M9
Corner Spacing      30      0    319      0     33     80      0     60     38     66     48     11
Cut Spacing          0      0      0      0      0      0      1      0      0      0      0      0
Metal Spacing       19      0     66      0     10      1      0      0      1      1      1      0
NS Metal             0      0      0      0      1      0      0      0      0      0      0      0
Rect Only           16      0      0      0      7      0      0      0      0      0      0      0
Short               28      4    107     10     63     19      2      6      1      1      2      0
eolKeepOut         207      0    265      0    127     36      0     11      3      2      5      0
[INFO DRT-0267] cpu time = 00:42:23, elapsed time = 00:27:49, memory = 36862.16 (MB), peak = 60346.09 (MB)
Total wire length = 496106 um.
Total wire length on LAYER M0 = 0 um.
Total wire length on LAYER M1 = 53589 um.
Total wire length on LAYER M2 = 213418 um.
Total wire length on LAYER M3 = 150401 um.
Total wire length on LAYER M4 = 50677 um.
Total wire length on LAYER M5 = 19311 um.
Total wire length on LAYER M6 = 2526 um.
Total wire length on LAYER M7 = 2288 um.
Total wire length on LAYER M8 = 1900 um.
Total wire length on LAYER M9 = 1992 um.
Total wire length on LAYER M10 = 0 um.
Total wire length on LAYER M11 = 0 um.
Total wire length on LAYER M12 = 0 um.
Total wire length on LAYER M13 = 0 um.
Total wire length on LAYER RDL = 0 um.
Total number of vias = 1397196.
Up-via summary (total 1397196):

-----------------
 SDCON          0
    M0          0
    M1     894621
    M2     452594
    M3      33255
    M4       9367
    M5       2860
    M6       1878
    M7       1494
    M8       1127
    M9          0
   M10          0
   M11          0
   M12          0
   M13          0
-----------------
      1397196


[INFO DRT-0195] Start 31st optimization iteration.
    Completing 10% with 1708 violations.
    elapsed time = 00:00:00, memory = 36862.16 (MB).
    Completing 20% with 1708 violations.
    elapsed time = 00:00:00, memory = 36862.16 (MB).
    Completing 30% with 1663 violations.
    elapsed time = 00:00:44, memory = 36862.16 (MB).
    Completing 40% with 1663 violations.
    elapsed time = 00:00:44, memory = 36862.16 (MB).
    Completing 50% with 1663 violations.
    elapsed time = 00:00:51, memory = 44291.35 (MB).
    Completing 60% with 1621 violations.
    elapsed time = 00:06:22, memory = 36862.16 (MB).
    Completing 70% with 1621 violations.
    elapsed time = 00:06:22, memory = 36862.16 (MB).
    Completing 80% with 1606 violations.
    elapsed time = 00:11:20, memory = 36862.16 (MB).
    Completing 90% with 1606 violations.
    elapsed time = 00:11:20, memory = 36862.16 (MB).
    Completing 100% with 1605 violations.
    elapsed time = 00:59:00, memory = 36862.16 (MB).
[INFO DRT-0199]   Number of violations = 1605.
Viol/Layer          M1     V1     M2     V2     M3     M4     V4     M5     M6     M7     M8     M9
Corner Spacing      23      0    300      0     27     76      0     55     27     51     31      5
Cut Spacing          0      0      0      0      0      0      1      0      0      0      0      0
Metal Spacing       12      0     65      0     10      1      0      0      1      1      1      0
Rect Only           12      0      0      0      0      0      0      0      0      0      0      0
Short               22      3    111      8     68     21      2      6      1      1      1      0
eolKeepOut         195      0    273      0    138     37      0     11      3      2      3      0
[INFO DRT-0267] cpu time = 01:21:57, elapsed time = 00:59:00, memory = 36862.16 (MB), peak = 60346.09 (MB)
Total wire length = 496142 um.
Total wire length on LAYER M0 = 0 um.
Total wire length on LAYER M1 = 53605 um.
Total wire length on LAYER M2 = 213423 um.
Total wire length on LAYER M3 = 150407 um.
Total wire length on LAYER M4 = 50682 um.
Total wire length on LAYER M5 = 19321 um.
Total wire length on LAYER M6 = 2536 um.
Total wire length on LAYER M7 = 2286 um.
Total wire length on LAYER M8 = 1885 um.
Total wire length on LAYER M9 = 1994 um.
Total wire length on LAYER M10 = 0 um.
Total wire length on LAYER M11 = 0 um.
Total wire length on LAYER M12 = 0 um.
Total wire length on LAYER M13 = 0 um.
Total wire length on LAYER RDL = 0 um.
Total number of vias = 1397214.
Up-via summary (total 1397214):

-----------------
 SDCON          0
    M0          0
    M1     894667
    M2     452607
    M3      33289
    M4       9380
    M5       2855
    M6       1834
    M7       1472
    M8       1110
    M9          0
   M10          0
   M11          0
   M12          0
   M13          0
-----------------
      1397214


[INFO DRT-0195] Start 32nd optimization iteration.
    Completing 10% with 1605 violations.
    elapsed time = 00:00:00, memory = 36862.16 (MB).
    Completing 20% with 1605 violations.
    elapsed time = 00:00:00, memory = 36862.16 (MB).
    Completing 30% with 1603 violations.
    elapsed time = 00:02:08, memory = 36862.16 (MB).
    Completing 40% with 1603 violations.
    elapsed time = 00:02:08, memory = 36862.16 (MB).
    Completing 50% with 1603 violations.
    elapsed time = 00:03:17, memory = 36862.16 (MB).
    Completing 60% with 1586 violations.
    elapsed time = 00:03:18, memory = 36862.16 (MB).
    Completing 70% with 1586 violations.
    elapsed time = 00:03:24, memory = 47826.38 (MB).
    Completing 80% with 1566 violations.
    elapsed time = 00:07:47, memory = 36862.16 (MB).
    Completing 90% with 1566 violations.
    elapsed time = 00:07:47, memory = 36862.16 (MB).
    Completing 100% with 1565 violations.
    elapsed time = 00:33:22, memory = 36862.16 (MB).
[INFO DRT-0199]   Number of violations = 1565.
Viol/Layer          M1     V1     M2     V2     M3     M4     V4     M5     M6     M7     M8     M9
Corner Spacing      23      0    287      0     25     67      0     46     22     39     37      5
Cut Spacing          0      0      0      0      0      0      1      0      0      0      0      0
Metal Spacing       13      0     66      0     11      1      0      0      2      0      1      0
Rect Only           12      0      0      0      0      0      0      0      0      0      0      0
Short               21      3    108      8     69     22      2      6      1      1      3      0
eolKeepOut         191      0    271      0    141     37      0     11      3      2      7      0
[INFO DRT-0267] cpu time = 00:50:53, elapsed time = 00:33:23, memory = 36862.16 (MB), peak = 60346.09 (MB)
Total wire length = 496121 um.
Total wire length on LAYER M0 = 0 um.
Total wire length on LAYER M1 = 53588 um.
Total wire length on LAYER M2 = 213381 um.
Total wire length on LAYER M3 = 150431 um.
Total wire length on LAYER M4 = 50702 um.
Total wire length on LAYER M5 = 19314 um.
Total wire length on LAYER M6 = 2551 um.
Total wire length on LAYER M7 = 2288 um.
Total wire length on LAYER M8 = 1874 um.
Total wire length on LAYER M9 = 1987 um.
Total wire length on LAYER M10 = 0 um.
Total wire length on LAYER M11 = 0 um.
Total wire length on LAYER M12 = 0 um.
Total wire length on LAYER M13 = 0 um.
Total wire length on LAYER RDL = 0 um.
Total number of vias = 1397071.
Up-via summary (total 1397071):

-----------------
 SDCON          0
    M0          0
    M1     894531
    M2     452577
    M3      33311
    M4       9355
    M5       2868
    M6       1849
    M7       1468
    M8       1112
    M9          0
   M10          0
   M11          0
   M12          0
   M13          0
-----------------
      1397071


[INFO DRT-0195] Start 33rd optimization iteration.
    Completing 10% with 2627 violations.
    elapsed time = 00:00:16, memory = 36862.16 (MB).
    Completing 20% with 2628 violations.
    elapsed time = 00:00:18, memory = 36862.16 (MB).
    Completing 30% with 2642 violations.
    elapsed time = 00:00:21, memory = 36862.16 (MB).
    Completing 40% with 4167 violations.
    elapsed time = 00:00:37, memory = 36862.16 (MB).
    Completing 50% with 4168 violations.
    elapsed time = 00:00:40, memory = 36862.16 (MB).
    Completing 60% with 6024 violations.
    elapsed time = 00:01:00, memory = 36862.16 (MB).
    Completing 70% with 6024 violations.
    elapsed time = 00:01:03, memory = 36862.16 (MB).
    Completing 80% with 6020 violations.
    elapsed time = 00:01:05, memory = 36862.16 (MB).
    Completing 90% with 7931 violations.
    elapsed time = 00:01:24, memory = 36862.16 (MB).
    Completing 100% with 7935 violations.
    elapsed time = 00:01:29, memory = 36862.16 (MB).
[INFO DRT-0199]   Number of violations = 7943.
Viol/Layer          M1     V1     M2     V2     M3     V3     M4     V4     M5     V5     M6     V6     M7     V7     M8     V8     M9
Corner Spacing      14      0    594      0     56      0    131      0     85      0     43      0     71      0     75      0     15
Cut Spacing          0      4      0     14      0      1      0      0      0      0      0      1      0      1      0      0      0
Metal Spacing        7      0    312      0     99      0     51      0      6      0     19      0     27      0     21      0      4
NS Metal             0      0      0      0      0      0      1      0      0      0      0      0      0      0      0      0      0
Recheck              0      0      6      0      2      0      0      0      0      0      0      0      0      0      0      0      0
Rect Only           12      0      8      0      8      0      7      0      0      0      0      0      0      0      0      0      0
Short               20      7    798     92    706      9    177      7     81      1     31      1     20      0     31      2      5
eolKeepOut         248      0   1848      0   1403      0    376      0    149      0     80      0     60      0     82      0     14
[INFO DRT-0267] cpu time = 00:14:46, elapsed time = 00:01:29, memory = 36862.16 (MB), peak = 60346.09 (MB)
Total wire length = 496237 um.
Total wire length on LAYER M0 = 0 um.
Total wire length on LAYER M1 = 53579 um.
Total wire length on LAYER M2 = 213408 um.
Total wire length on LAYER M3 = 150511 um.
Total wire length on LAYER M4 = 50750 um.
Total wire length on LAYER M5 = 19311 um.
Total wire length on LAYER M6 = 2536 um.
Total wire length on LAYER M7 = 2290 um.
Total wire length on LAYER M8 = 1858 um.
Total wire length on LAYER M9 = 1988 um.
Total wire length on LAYER M10 = 0 um.
Total wire length on LAYER M11 = 0 um.
Total wire length on LAYER M12 = 0 um.
Total wire length on LAYER M13 = 0 um.
Total wire length on LAYER RDL = 0 um.
Total number of vias = 1400483.
Up-via summary (total 1400483):

-----------------
 SDCON          0
    M0          0
    M1     894999
    M2     454467
    M3      33757
    M4       9641
    M5       2929
    M6       1956
    M7       1547
    M8       1187
    M9          0
   M10          0
   M11          0
   M12          0
   M13          0
-----------------
      1400483


[INFO DRT-0195] Start 34th optimization iteration.
    Completing 10% with 7943 violations.
    elapsed time = 00:00:00, memory = 36862.16 (MB).
    Completing 20% with 7943 violations.
    elapsed time = 00:00:00, memory = 36862.16 (MB).
    Completing 30% with 7943 violations.
    elapsed time = 00:01:40, memory = 36862.31 (MB).
    Completing 40% with 7943 violations.
    elapsed time = 00:01:40, memory = 36862.31 (MB).
    Completing 50% with 7943 violations.
    elapsed time = 00:34:05, memory = 36862.31 (MB).
    Completing 60% with 4212 violations.
    elapsed time = 00:34:06, memory = 36862.31 (MB).
    Completing 70% with 4212 violations.
    elapsed time = 00:34:22, memory = 48598.28 (MB).
    Completing 80% with 4199 violations.
    elapsed time = 00:42:43, memory = 36862.31 (MB).
    Completing 90% with 4199 violations.
    elapsed time = 00:42:43, memory = 36862.31 (MB).
